year,era,zone,x,y,plate_x,plate_z,pitch_type,description,outcome
2013,Pre-Statcast (2013 MVP Runner-Up),9,3,1,0.31288692596399237,1.564079074320914,Other,foul_tip,Contact / Foul
2022,Post-Statcast (2022 MVP),3,3,3,0.6817811935763546,3.008146819689845,Other,hit_into_play,Contact / Foul
2022,Post-Statcast (2022 MVP),9,3,1,0.6854119288846032,1.3229852138332006,Other,hit_into_play,Contact / Foul
2013,Pre-Statcast (2013 MVP Runner-Up),6,3,2,0.4183168406618487,2.31524806946856,Other,foul_tip,Contact / Foul
2013,Pre-Statcast (2013 MVP Runner-Up),6,3,2,0.3208719213044018,2.1922362621847302,Other,foul,Contact / Foul
2013,Pre-Statcast (2013 MVP Runner-Up),2,2,3,-0.18326845673245687,2.845860606130902,Other,hit_into_play,Contact / Foul
2013,Pre-Statcast (2013 MVP Runner-Up),9,3,1,0.3912553559416866,1.5212150899801935,Other,swinging_strike,Whiff (Miss)
2013,Pre-Statcast (2013 MVP Runner-Up),9,3,1,0.4305506587911416,1.553649178961894,Other,swinging_strike,Whiff (Miss)
2013,Pre-Statcast (2013 MVP Runner-Up),9,3,1,0.502293167877226,1.4492802770747248,Other,foul_tip,Contact / Foul
2013,Pre-Statcast (2013 MVP Runner-Up),9,3,1,0.4286460035309609,1.4132236790080719,Other,foul,Contact / Foul
2013,Pre-Statcast (2013 MVP Runner-Up),5,2,2,-0.06457550637942733,2.277081839434753,Other,foul_tip,Contact / Foul
2022,Post-Statcast (2022 MVP),5,2,2,-0.0695492778521056,2.1104803279629,Other,foul,Contact / Foul
2013,Pre-Statcast (2013 MVP Runner-Up),8,2,1,0.15069726716716936,1.30370686739204,Other,foul_tip,Contact / Foul
2022,Post-Statcast (2022 MVP),7,1,1,-0.46447555684083947,1.6088580694548915,Other,foul,Contact / Foul
2013,Pre-Statcast (2013 MVP Runner-Up),1,1,3,-0.6987018735593082,2.988836824523964,Other,foul_tip,Contact / Foul
2013,Pre-Statcast (2013 MVP Runner-Up),6,3,2,0.5838161947278353,2.2199988589947566,Other,swinging_strike,Whiff (Miss)
2013,Pre-Statcast (2013 MVP Runner-Up),6,3,2,0.5598242946824126,2.099844661237359,Other,hit_into_play,Contact / Foul
2022,Post-Statcast (2022 MVP),5,2,2,-0.1311201087373074,2.161189583372631,Other,foul_tip,Contact / Foul
2013,Pre-Statcast (2013 MVP Runner-Up),2,2,3,0.05369518355403191,2.8055935606521634,Other,foul,Contact / Foul
2013,Pre-Statcast (2013 MVP Runner-Up),1,1,3,-0.5932088711803547,3.074661835084997,Other,foul_tip,Contact / Foul
2022,Post-Statcast (2022 MVP),5,2,2,0.18422350011030314,2.1494363120333495,Other,foul_tip,Contact / Foul
2022,Post-Statcast (2022 MVP),1,1,3,-0.3128947658065579,3.0127897478414303,Other,foul,Contact / Foul
2013,Pre-Statcast (2013 MVP Runner-Up),8,2,1,0.07229835582765665,1.6214610120454827,Other,foul,Contact / Foul
2022,Post-Statcast (2022 MVP),6,3,2,0.646999101879292,2.152667687922235,Other,foul,Contact / Foul
2022,Post-Statcast (2022 MVP),8,2,1,-0.07288562510650984,1.480258391285974,Other,foul_tip,Contact / Foul
2013,Pre-Statcast (2013 MVP Runner-Up),9,3,1,0.6134192555921849,1.480220077903877,Other,swinging_strike,Whiff (Miss)
2022,Post-Statcast (2022 MVP),7,1,1,-0.5207605657338504,1.6426356896712069,Other,foul,Contact / Foul
2013,Pre-Statcast (2013 MVP Runner-Up),8,2,1,0.033480856739514536,1.618701925572059,Other,foul_tip,Contact / Foul
2022,Post-Statcast (2022 MVP),4,1,2,-0.31097630561304307,2.0569493940819874,Other,foul,Contact / Foul
2013,Pre-Statcast (2013 MVP Runner-Up),9,3,1,0.33740020217084377,1.4517056088959264,Other,foul_tip,Contact / Foul
2022,Post-Statcast (2022 MVP),6,3,2,0.3515723201713211,2.153420190523078,Other,foul_tip,Contact / Foul
2022,Post-Statcast (2022 MVP),5,2,2,-0.1867715821968059,2.0202237126768563,Other,swinging_strike,Whiff (Miss)
2022,Post-Statcast (2022 MVP),7,1,1,-0.3173192119952693,1.6903290888224505,Other,swinging_strike,Whiff (Miss)
2013,Pre-Statcast (2013 MVP Runner-Up),6,3,2,0.5011455145797499,2.3472846509677554,Other,swinging_strike,Whiff (Miss)
2013,Pre-Statcast (2013 MVP Runner-Up),9,3,1,0.3316076975257741,1.683719117659412,Other,foul,Contact / Foul
2013,Pre-Statcast (2013 MVP Runner-Up),9,3,1,0.36855343008841907,1.4999433572451168,Other,foul,Contact / Foul
2022,Post-Statcast (2022 MVP),7,1,1,-0.5325341016665078,1.5435974774238772,Other,foul_tip,Contact / Foul
2022,Post-Statcast (2022 MVP),7,1,1,-0.5735753890314494,1.692268295578281,Other,foul_tip,Contact / Foul
2022,Post-Statcast (2022 MVP),2,2,3,0.1674730319216386,2.936067345990991,Other,foul_tip,Contact / Foul
2022,Post-Statcast (2022 MVP),5,2,2,-0.041682902307587255,2.351583052669448,Other,foul_tip,Contact / Foul
2013,Pre-Statcast (2013 MVP Runner-Up),5,2,2,0.062203604207495655,2.070858451578892,Other,swinging_strike,Whiff (Miss)
2022,Post-Statcast (2022 MVP),6,3,2,0.567608772200656,2.0596577970667065,Other,hit_into_play,Contact / Foul
2013,Pre-Statcast (2013 MVP Runner-Up),8,2,1,0.13079593011052387,1.5061122635839184,Other,hit_into_play,Contact / Foul
2022,Post-Statcast (2022 MVP),5,2,2,-0.002767202610460956,2.1514850299097037,Other,foul_tip,Contact / Foul
2022,Post-Statcast (2022 MVP),3,3,3,0.5566304594067936,2.970854831167617,Other,hit_into_play,Contact / Foul
2013,Pre-Statcast (2013 MVP Runner-Up),2,2,3,0.0640132730994516,2.8593863914259128,Other,swinging_strike,Whiff (Miss)
2013,Pre-Statcast (2013 MVP Runner-Up),5,2,2,0.14895320695941455,2.014359639935075,Other,hit_into_play,Contact / Foul
2022,Post-Statcast (2022 MVP),6,3,2,0.6551896175348166,2.3981889639311715,Other,foul,Contact / Foul
2013,Pre-Statcast (2013 MVP Runner-Up),6,3,2,0.6788520680976492,2.393775917412631,Other,foul,Contact / Foul
2013,Pre-Statcast (2013 MVP Runner-Up),4,1,2,-0.3677075924437586,2.03466515922227,Other,foul,Contact / Foul
2013,Pre-Statcast (2013 MVP Runner-Up),8,2,1,-0.039666701348853556,1.3381540423178113,Other,hit_into_play,Contact / Foul
2013,Pre-Statcast (2013 MVP Runner-Up),5,2,2,-0.18186127559464715,2.014884851289882,Other,foul,Contact / Foul
2013,Pre-Statcast (2013 MVP Runner-Up),2,2,3,0.09429487151561738,2.724383028590606,Other,foul,Contact / Foul
2013,Pre-Statcast (2013 MVP Runner-Up),2,2,3,-0.11102651298173423,3.026634642238771,Other,foul,Contact / Foul
2022,Post-Statcast (2022 MVP),9,3,1,0.613515366785415,1.4929871028027522,Other,foul,Contact / Foul
2022,Post-Statcast (2022 MVP),5,2,2,-0.11970928955979146,2.023051006345422,Other,swinging_strike,Whiff (Miss)
2013,Pre-Statcast (2013 MVP Runner-Up),6,3,2,0.5420379315419142,2.271624822765358,Other,foul,Contact / Foul
2022,Post-Statcast (2022 MVP),3,3,3,0.38536847077848524,2.731175488629042,Other,foul_tip,Contact / Foul
2013,Pre-Statcast (2013 MVP Runner-Up),2,2,3,-0.01711017097181919,3.071607332682205,Other,hit_into_play,Contact / Foul
2022,Post-Statcast (2022 MVP),2,2,3,-0.13098899479586412,2.9694355449258927,Other,foul,Contact / Foul
2013,Pre-Statcast (2013 MVP Runner-Up),4,1,2,-0.3433699940779587,2.1838957390406986,Other,hit_into_play,Contact / Foul
2022,Post-Statcast (2022 MVP),6,3,2,0.5275773724269662,2.1752651220001598,Other,swinging_strike,Whiff (Miss)
2022,Post-Statcast (2022 MVP),4,1,2,-0.6509889362970105,2.376912264409646,Other,hit_into_play,Contact / Foul
2013,Pre-Statcast (2013 MVP Runner-Up),9,3,1,0.6397363729040162,1.4202945675180592,Other,foul_tip,Contact / Foul
2022,Post-Statcast (2022 MVP),2,2,3,0.031173456104380604,2.9264568443668555,Other,swinging_strike,Whiff (Miss)
2013,Pre-Statcast (2013 MVP Runner-Up),5,2,2,0.10177435164999421,2.019904996973183,Other,hit_into_play,Contact / Foul
2013,Pre-Statcast (2013 MVP Runner-Up),8,2,1,-0.09742240981060718,1.4916317052065933,Other,hit_into_play,Contact / Foul
2013,Pre-Statcast (2013 MVP Runner-Up),1,1,3,-0.4661656039105838,3.05912915344099,Other,foul,Contact / Foul
2022,Post-Statcast (2022 MVP),1,1,3,-0.5307488179532386,2.8507963272153285,Other,foul,Contact / Foul
2022,Post-Statcast (2022 MVP),7,1,1,-0.4113763618194736,1.3427846022078076,Other,foul_tip,Contact / Foul
2013,Pre-Statcast (2013 MVP Runner-Up),6,3,2,0.6578549979820214,2.154657907304277,Other,hit_into_play,Contact / Foul
2022,Post-Statcast (2022 MVP),5,2,2,-0.04864635674112075,2.2935979893460825,Other,foul,Contact / Foul
2013,Pre-Statcast (2013 MVP Runner-Up),5,2,2,-0.053689980237773466,2.316272787435575,Other,hit_into_play,Contact / Foul
2022,Post-Statcast (2022 MVP),2,2,3,0.18073678019518685,2.893843567778273,Other,hit_into_play,Contact / Foul
2022,Post-Statcast (2022 MVP),5,2,2,-0.036288053699741696,2.2216449729264918,Other,foul_tip,Contact / Foul
2022,Post-Statcast (2022 MVP),1,1,3,-0.33791697027465645,3.0912692256055543,Other,foul_tip,Contact / Foul
2022,Post-Statcast (2022 MVP),5,2,2,0.11429825212387101,2.34699010710607,Other,foul,Contact / Foul
2013,Pre-Statcast (2013 MVP Runner-Up),4,1,2,-0.31074127367132226,2.243548666832786,Other,hit_into_play,Contact / Foul
2022,Post-Statcast (2022 MVP),2,2,3,-0.02714621902828701,2.7116769097369557,Other,foul_tip,Contact / Foul
2013,Pre-Statcast (2013 MVP Runner-Up),4,1,2,-0.5213810427827222,2.1937365542206884,Other,swinging_strike,Whiff (Miss)
2022,Post-Statcast (2022 MVP),8,2,1,0.1545343328315582,1.3305849514228862,Other,hit_into_play,Contact / Foul
2022,Post-Statcast (2022 MVP),4,1,2,-0.37751590985624467,2.279050625439832,Other,swinging_strike,Whiff (Miss)
2013,Pre-Statcast (2013 MVP Runner-Up),8,2,1,-0.1551164833850919,1.63150962158337,Other,foul_tip,Contact / Foul
2022,Post-Statcast (2022 MVP),2,2,3,-0.13264905415876627,3.091600062561195,Other,foul,Contact / Foul
2022,Post-Statcast (2022 MVP),5,2,2,0.07742415931701718,2.3715380835941704,Other,foul,Contact / Foul
2022,Post-Statcast (2022 MVP),7,1,1,-0.4535564664958854,1.5702104054078236,Other,foul_tip,Contact / Foul
2022,Post-Statcast (2022 MVP),5,2,2,-0.03713185566382174,2.193784131883065,Other,swinging_strike,Whiff (Miss)
2022,Post-Statcast (2022 MVP),4,1,2,-0.5415022149280916,2.0195802470361692,Other,foul,Contact / Foul
2013,Pre-Statcast (2013 MVP Runner-Up),3,3,3,0.4278838273675049,2.9160608890073823,Other,hit_into_play,Contact / Foul
2022,Post-Statcast (2022 MVP),3,3,3,0.6698511017396558,2.7463946326177466,Other,swinging_strike,Whiff (Miss)
2022,Post-Statcast (2022 MVP),4,1,2,-0.33440799834858626,2.0112826278908638,Other,swinging_strike,Whiff (Miss)
2022,Post-Statcast (2022 MVP),9,3,1,0.4053398765571642,1.4149158331543488,Other,swinging_strike,Whiff (Miss)
2022,Post-Statcast (2022 MVP),5,2,2,0.0351736533125552,2.3033509551430695,Other,hit_into_play,Contact / Foul
2022,Post-Statcast (2022 MVP),2,2,3,-0.023453368108411837,2.7874167740040288,Other,foul,Contact / Foul
2013,Pre-Statcast (2013 MVP Runner-Up),9,3,1,0.43194611439114394,1.4519359098964617,Other,hit_into_play,Contact / Foul
2013,Pre-Statcast (2013 MVP Runner-Up),9,3,1,0.6388533543678447,1.3369855986107455,Other,foul_tip,Contact / Foul
2022,Post-Statcast (2022 MVP),5,2,2,0.1842081513121151,2.1898329156246192,Other,swinging_strike,Whiff (Miss)
2013,Pre-Statcast (2013 MVP Runner-Up),2,2,3,0.05484535092055187,2.804782104973739,Other,foul_tip,Contact / Foul
2022,Post-Statcast (2022 MVP),5,2,2,-0.16518902364939705,2.2225456815879197,Other,foul_tip,Contact / Foul
2022,Post-Statcast (2022 MVP),4,1,2,-0.5623863520840495,2.2262604460191526,Other,foul,Contact / Foul
2013,Pre-Statcast (2013 MVP Runner-Up),3,3,3,0.6113681627069301,2.7875364547249273,Other,foul_tip,Contact / Foul
2022,Post-Statcast (2022 MVP),8,2,1,-0.15267769534935247,1.302359570984312,Other,foul_tip,Contact / Foul
2022,Post-Statcast (2022 MVP),6,3,2,0.5189129538915702,2.189758535331095,Other,hit_into_play,Contact / Foul
2013,Pre-Statcast (2013 MVP Runner-Up),5,2,2,-0.08033830035049112,2.384811629129377,Other,foul_tip,Contact / Foul
2013,Pre-Statcast (2013 MVP Runner-Up),2,2,3,-0.08024849912000885,2.9653554859864304,Other,hit_into_play,Contact / Foul
2022,Post-Statcast (2022 MVP),4,1,2,-0.3141461110999085,2.0830544902441415,Other,foul,Contact / Foul
2013,Pre-Statcast (2013 MVP Runner-Up),3,3,3,0.48002790289876324,3.000710714600204,Other,foul_tip,Contact / Foul
2022,Post-Statcast (2022 MVP),8,2,1,0.09280178989023985,1.675670103307949,Other,hit_into_play,Contact / Foul
2013,Pre-Statcast (2013 MVP Runner-Up),8,2,1,0.02711248896837573,1.6029131001030246,Other,hit_into_play,Contact / Foul
2013,Pre-Statcast (2013 MVP Runner-Up),9,3,1,0.42020038150296785,1.324383054842705,Other,foul_tip,Contact / Foul
2013,Pre-Statcast (2013 MVP Runner-Up),5,2,2,0.035548515321164764,2.209585017200253,Other,swinging_strike,Whiff (Miss)
2022,Post-Statcast (2022 MVP),1,1,3,-0.44472785319566355,2.7339927736203946,Other,hit_into_play,Contact / Foul
2013,Pre-Statcast (2013 MVP Runner-Up),4,1,2,-0.4250460319715029,2.3695644177930197,Other,foul_tip,Contact / Foul
2013,Pre-Statcast (2013 MVP Runner-Up),7,1,1,-0.5654506191393287,1.6313157543829504,Other,swinging_strike,Whiff (Miss)
2013,Pre-Statcast (2013 MVP Runner-Up),3,3,3,0.46335716344768674,2.8609601548230894,Other,foul,Contact / Foul
2022,Post-Statcast (2022 MVP),8,2,1,-0.011158419686829651,1.6100788955349712,Other,foul,Contact / Foul
2022,Post-Statcast (2022 MVP),6,3,2,0.4204465819027169,2.264665830436289,Other,foul_tip,Contact / Foul
2022,Post-Statcast (2022 MVP),5,2,2,0.020533488243102693,2.1376996015415,Other,swinging_strike,Whiff (Miss)
2013,Pre-Statcast (2013 MVP Runner-Up),4,1,2,-0.607784783480597,2.288513732530428,Other,foul,Contact / Foul
2022,Post-Statcast (2022 MVP),6,3,2,0.6578110469511584,2.382035662596843,Other,swinging_strike,Whiff (Miss)
2013,Pre-Statcast (2013 MVP Runner-Up),2,2,3,-0.030797005603934835,3.082927056343869,Other,foul_tip,Contact / Foul
2022,Post-Statcast (2022 MVP),7,1,1,-0.45177532175526036,1.6123699571503542,Other,swinging_strike,Whiff (Miss)
2013,Pre-Statcast (2013 MVP Runner-Up),1,1,3,-0.6629016626479408,2.738686550733385,Other,foul,Contact / Foul
2013,Pre-Statcast (2013 MVP Runner-Up),3,3,3,0.3793319108366861,2.9368391444999404,Other,swinging_strike,Whiff (Miss)
2013,Pre-Statcast (2013 MVP Runner-Up),2,2,3,-0.046983310961226266,2.715489843066314,Other,foul,Contact / Foul
2013,Pre-Statcast (2013 MVP Runner-Up),8,2,1,0.09096083957636736,1.5823100928607061,Other,foul_tip,Contact / Foul
2022,Post-Statcast (2022 MVP),1,1,3,-0.4587154926440748,2.978116918208752,Other,foul,Contact / Foul
2013,Pre-Statcast (2013 MVP Runner-Up),4,1,2,-0.6577844517424005,2.3843150268858317,Other,foul_tip,Contact / Foul
2013,Pre-Statcast (2013 MVP Runner-Up),7,1,1,-0.5688136609453895,1.5452272484258711,Other,swinging_strike,Whiff (Miss)
2013,Pre-Statcast (2013 MVP Runner-Up),1,1,3,-0.6125448100785587,2.9021421152413445,Other,hit_into_play,Contact / Foul
2022,Post-Statcast (2022 MVP),1,1,3,-0.5448801762486425,2.7338798067714083,Other,foul_tip,Contact / Foul
2013,Pre-Statcast (2013 MVP Runner-Up),5,2,2,-0.17566983700219768,2.1915927643993456,Other,foul,Contact / Foul
2013,Pre-Statcast (2013 MVP Runner-Up),7,1,1,-0.45749579103847837,1.5062022928589016,Other,swinging_strike,Whiff (Miss)
2022,Post-Statcast (2022 MVP),5,2,2,-0.1861086025771455,2.2284879741086216,Other,foul_tip,Contact / Foul
2013,Pre-Statcast (2013 MVP Runner-Up),9,3,1,0.5304441342321148,1.5309899258551527,Other,foul_tip,Contact / Foul
2013,Pre-Statcast (2013 MVP Runner-Up),8,2,1,0.04789432220043577,1.6364668499833057,Other,hit_into_play,Contact / Foul
2013,Pre-Statcast (2013 MVP Runner-Up),5,2,2,-0.1660171840091283,2.021043530570209,Other,hit_into_play,Contact / Foul
2022,Post-Statcast (2022 MVP),1,1,3,-0.5168553468377222,2.75419581027227,Other,hit_into_play,Contact / Foul
2022,Post-Statcast (2022 MVP),6,3,2,0.5445292633168423,2.311665717836019,Other,swinging_strike,Whiff (Miss)
2013,Pre-Statcast (2013 MVP Runner-Up),1,1,3,-0.6922093030456671,3.0716394465058463,Other,foul,Contact / Foul
2013,Pre-Statcast (2013 MVP Runner-Up),5,2,2,0.18264984953876262,2.2246733526278915,Other,foul_tip,Contact / Foul
2013,Pre-Statcast (2013 MVP Runner-Up),5,2,2,-0.02949055228800329,2.043184731871691,Other,foul_tip,Contact / Foul
2013,Pre-Statcast (2013 MVP Runner-Up),5,2,2,0.008580485885233635,2.183217008839073,Other,hit_into_play,Contact / Foul
2022,Post-Statcast (2022 MVP),1,1,3,-0.5204625291914194,2.921896000243547,Other,foul,Contact / Foul
2013,Pre-Statcast (2013 MVP Runner-Up),4,1,2,-0.3478720080967098,2.2804735001328806,Other,foul,Contact / Foul
2022,Post-Statcast (2022 MVP),9,3,1,0.5456101468117756,1.573825778683394,Other,hit_into_play,Contact / Foul
2022,Post-Statcast (2022 MVP),2,2,3,-0.14642089213971576,2.747144661064662,Other,foul,Contact / Foul
2013,Pre-Statcast (2013 MVP Runner-Up),8,2,1,0.04111318620234933,1.671381938406807,Other,foul,Contact / Foul
2022,Post-Statcast (2022 MVP),1,1,3,-0.4212946937905336,2.8275637896870798,Other,swinging_strike,Whiff (Miss)
2013,Pre-Statcast (2013 MVP Runner-Up),5,2,2,0.08833596666303967,2.086009226530999,Other,foul,Contact / Foul
2022,Post-Statcast (2022 MVP),4,1,2,-0.5446474901722799,2.0719263494791478,Other,foul,Contact / Foul
2013,Pre-Statcast (2013 MVP Runner-Up),4,1,2,-0.5517716495127776,2.202384315870831,Other,foul,Contact / Foul
2013,Pre-Statcast (2013 MVP Runner-Up),4,1,2,-0.37430202218375863,2.387622094426282,Other,foul,Contact / Foul
2013,Pre-Statcast (2013 MVP Runner-Up),9,3,1,0.38133469322402175,1.5586823406191779,Other,foul,Contact / Foul
2013,Pre-Statcast (2013 MVP Runner-Up),5,2,2,-0.0802135679023741,2.0115788997590274,Other,foul,Contact / Foul
2013,Pre-Statcast (2013 MVP Runner-Up),9,3,1,0.4649568889662371,1.6370178867301395,Other,hit_into_play,Contact / Foul
2022,Post-Statcast (2022 MVP),7,1,1,-0.3832866859310768,1.685268499312002,Other,foul_tip,Contact / Foul
2022,Post-Statcast (2022 MVP),2,2,3,-0.05967380841886763,2.8124340075160785,Other,foul_tip,Contact / Foul
2022,Post-Statcast (2022 MVP),4,1,2,-0.3535871080091391,2.309410991802354,Other,foul,Contact / Foul
2013,Pre-Statcast (2013 MVP Runner-Up),5,2,2,-0.05995440231152355,2.222506190441731,Other,hit_into_play,Contact / Foul
2022,Post-Statcast (2022 MVP),7,1,1,-0.31194198048663996,1.3201402858106175,Other,hit_into_play,Contact / Foul
2013,Pre-Statcast (2013 MVP Runner-Up),8,2,1,-0.06750416256843095,1.3438418357965292,Other,foul,Contact / Foul
2013,Pre-Statcast (2013 MVP Runner-Up),2,2,3,0.06789038990793167,2.8256735451182298,Other,foul,Contact / Foul
2013,Pre-Statcast (2013 MVP Runner-Up),5,2,2,-0.06875105762486355,2.003091962627725,Other,foul_tip,Contact / Foul
2013,Pre-Statcast (2013 MVP Runner-Up),2,2,3,-0.022747701978617224,3.0445396419047315,Other,foul_tip,Contact / Foul
2013,Pre-Statcast (2013 MVP Runner-Up),1,1,3,-0.5552014225145556,3.098930311195664,Other,hit_into_play,Contact / Foul
2013,Pre-Statcast (2013 MVP Runner-Up),4,1,2,-0.31380094274468207,2.100991356197189,Other,foul,Contact / Foul
2022,Post-Statcast (2022 MVP),5,2,2,0.07287989261417976,2.189638882611738,Other,swinging_strike,Whiff (Miss)
2022,Post-Statcast (2022 MVP),5,2,2,0.1350615081026909,2.1034639708666836,Other,swinging_strike,Whiff (Miss)
2022,Post-Statcast (2022 MVP),4,1,2,-0.6328043165083774,2.2295536799226894,Other,foul_tip,Contact / Foul
2013,Pre-Statcast (2013 MVP Runner-Up),9,3,1,0.5550914367042623,1.6735614884392005,Other,foul,Contact / Foul
2022,Post-Statcast (2022 MVP),4,1,2,-0.3101780839326996,2.033960967006596,Other,hit_into_play,Contact / Foul
2013,Pre-Statcast (2013 MVP Runner-Up),2,2,3,0.18431156130978016,2.7320445860962344,Other,hit_into_play,Contact / Foul
2013,Pre-Statcast (2013 MVP Runner-Up),4,1,2,-0.5608155774821398,2.133323357466037,Other,foul_tip,Contact / Foul
2022,Post-Statcast (2022 MVP),9,3,1,0.41330666720358233,1.65070652527729,Other,foul,Contact / Foul
2013,Pre-Statcast (2013 MVP Runner-Up),9,3,1,0.4524618529850381,1.5097852239571048,Other,foul_tip,Contact / Foul
2022,Post-Statcast (2022 MVP),5,2,2,-0.03864594359502252,2.312206571851061,Other,swinging_strike,Whiff (Miss)
2022,Post-Statcast (2022 MVP),5,2,2,-0.14624579161262383,2.3896877698413244,Other,foul,Contact / Foul
2022,Post-Statcast (2022 MVP),6,3,2,0.46869592859997294,2.354449554672568,Other,swinging_strike,Whiff (Miss)
2013,Pre-Statcast (2013 MVP Runner-Up),5,2,2,-0.16025815015754788,2.274272106192514,Other,foul_tip,Contact / Foul
2013,Pre-Statcast (2013 MVP Runner-Up),5,2,2,0.19897036918248617,2.298706546695171,Other,foul,Contact / Foul
2022,Post-Statcast (2022 MVP),9,3,1,0.5386133449989438,1.327537158816498,Other,foul,Contact / Foul
2013,Pre-Statcast (2013 MVP Runner-Up),4,1,2,-0.5117996706993466,2.260603795773475,Other,foul,Contact / Foul
2013,Pre-Statcast (2013 MVP Runner-Up),3,3,3,0.6795497943885258,3.0683083424872155,Other,foul_tip,Contact / Foul
2022,Post-Statcast (2022 MVP),8,2,1,0.08674731353436521,1.3151545258984592,Other,hit_into_play,Contact / Foul
2022,Post-Statcast (2022 MVP),7,1,1,-0.34317524734797594,1.5451656045155708,Other,hit_into_play,Contact / Foul
2013,Pre-Statcast (2013 MVP Runner-Up),2,2,3,-0.1266047856851067,2.8850512273603863,Other,hit_into_play,Contact / Foul
2022,Post-Statcast (2022 MVP),4,1,2,-0.3473494560408959,2.1968906895581624,Other,swinging_strike,Whiff (Miss)
2013,Pre-Statcast (2013 MVP Runner-Up),8,2,1,-0.06875294490311742,1.5081366164739147,Other,hit_into_play,Contact / Foul
2022,Post-Statcast (2022 MVP),5,2,2,0.17947926393996116,2.156640570911041,Other,foul_tip,Contact / Foul
2022,Post-Statcast (2022 MVP),7,1,1,-0.46001953937669493,1.5866632272516703,Other,foul,Contact / Foul
2013,Pre-Statcast (2013 MVP Runner-Up),6,3,2,0.4747805532499746,2.160008709857785,Other,foul,Contact / Foul
2022,Post-Statcast (2022 MVP),9,3,1,0.6218484155577244,1.6631435506389713,Other,foul_tip,Contact / Foul
2022,Post-Statcast (2022 MVP),6,3,2,0.5081236936747346,2.24911911072026,Other,foul_tip,Contact / Foul
2022,Post-Statcast (2022 MVP),3,3,3,0.4985651730090862,2.8386820510715403,Other,swinging_strike,Whiff (Miss)
2022,Post-Statcast (2022 MVP),6,3,2,0.6118104890337746,2.0300192854510657,Other,foul_tip,Contact / Foul
2013,Pre-Statcast (2013 MVP Runner-Up),1,1,3,-0.3831682542548143,2.868863986719873,Other,hit_into_play,Contact / Foul
2022,Post-Statcast (2022 MVP),4,1,2,-0.6997266014464677,2.3671584743682588,Other,swinging_strike,Whiff (Miss)
2022,Post-Statcast (2022 MVP),7,1,1,-0.3994279995809556,1.4282535262134428,Other,foul,Contact / Foul
2022,Post-Statcast (2022 MVP),5,2,2,-0.16354524897972833,2.217650411687872,Other,hit_into_play,Contact / Foul
2022,Post-Statcast (2022 MVP),9,3,1,0.40523679918578337,1.4483340504170648,Other,foul_tip,Contact / Foul
2022,Post-Statcast (2022 MVP),9,3,1,0.5943129722418443,1.641999569129439,Other,foul_tip,Contact / Foul
2022,Post-Statcast (2022 MVP),7,1,1,-0.46857824571832934,1.592197864697111,Other,hit_into_play,Contact / Foul
2013,Pre-Statcast (2013 MVP Runner-Up),4,1,2,-0.6421432126057565,2.0762441483791716,Other,foul_tip,Contact / Foul
2022,Post-Statcast (2022 MVP),9,3,1,0.525868095057142,1.544752270804526,Other,foul_tip,Contact / Foul
2013,Pre-Statcast (2013 MVP Runner-Up),8,2,1,-0.07153291915233334,1.558359167156108,Other,hit_into_play,Contact / Foul
2013,Pre-Statcast (2013 MVP Runner-Up),4,1,2,-0.6835723479175455,2.2130980981242003,Other,foul_tip,Contact / Foul
2013,Pre-Statcast (2013 MVP Runner-Up),3,3,3,0.6588832412933049,2.9974621768638334,Other,foul,Contact / Foul
2013,Pre-Statcast (2013 MVP Runner-Up),9,3,1,0.4843315993792821,1.5931088948100074,Other,foul,Contact / Foul
2013,Pre-Statcast (2013 MVP Runner-Up),5,2,2,-0.19692516564004686,2.1205677448073748,Other,hit_into_play,Contact / Foul
2022,Post-Statcast (2022 MVP),6,3,2,0.3455327999614999,2.1601000903913676,Other,swinging_strike,Whiff (Miss)
2013,Pre-Statcast (2013 MVP Runner-Up),5,2,2,-0.06857617862710783,2.0590216719765775,Other,foul_tip,Contact / Foul
2013,Pre-Statcast (2013 MVP Runner-Up),6,3,2,0.34140075090815664,2.35965073358231,Other,foul,Contact / Foul
2022,Post-Statcast (2022 MVP),9,3,1,0.5079047382092299,1.4500119526819768,Other,hit_into_play,Contact / Foul
2022,Post-Statcast (2022 MVP),7,1,1,-0.43816160657562503,1.4824831692885014,Other,foul,Contact / Foul
2022,Post-Statcast (2022 MVP),7,1,1,-0.4909080055163191,1.3101088565017889,Other,hit_into_play,Contact / Foul
2013,Pre-Statcast (2013 MVP Runner-Up),6,3,2,0.31509899694302446,2.134705748785713,Other,foul_tip,Contact / Foul
2013,Pre-Statcast (2013 MVP Runner-Up),2,2,3,0.15980189316447985,2.776031509800918,Other,swinging_strike,Whiff (Miss)
2022,Post-Statcast (2022 MVP),7,1,1,-0.5546630089720757,1.321710085322227,Other,hit_into_play,Contact / Foul
2013,Pre-Statcast (2013 MVP Runner-Up),5,2,2,0.1913350912882183,2.3041478771977064,Other,foul_tip,Contact / Foul
2013,Pre-Statcast (2013 MVP Runner-Up),3,3,3,0.6761454682920732,2.9709271781090925,Other,hit_into_play,Contact / Foul
2022,Post-Statcast (2022 MVP),7,1,1,-0.4136345998867379,1.3456093433422953,Other,foul_tip,Contact / Foul
2013,Pre-Statcast (2013 MVP Runner-Up),1,1,3,-0.5164592589650405,2.8059520665992204,Other,hit_into_play,Contact / Foul
2013,Pre-Statcast (2013 MVP Runner-Up),6,3,2,0.5195216981775341,2.290893914129973,Other,foul_tip,Contact / Foul
2013,Pre-Statcast (2013 MVP Runner-Up),6,3,2,0.39431122954537307,2.3978101404953165,Other,foul,Contact / Foul
2022,Post-Statcast (2022 MVP),3,3,3,0.6068440002662897,2.8694300940686777,Other,foul,Contact / Foul
2013,Pre-Statcast (2013 MVP Runner-Up),4,1,2,-0.47909943637850677,2.0372836805126093,Other,hit_into_play,Contact / Foul
2013,Pre-Statcast (2013 MVP Runner-Up),6,3,2,0.58677343940398,2.1914660439661016,Other,swinging_strike,Whiff (Miss)
2013,Pre-Statcast (2013 MVP Runner-Up),7,1,1,-0.6575264265563611,1.3966951443745868,Other,hit_into_play,Contact / Foul
2013,Pre-Statcast (2013 MVP Runner-Up),6,3,2,0.3268933452248435,2.3114061494027465,Other,foul,Contact / Foul
2022,Post-Statcast (2022 MVP),6,3,2,0.5081153648983535,2.209647057467208,Other,foul,Contact / Foul
2022,Post-Statcast (2022 MVP),6,3,2,0.6787693520775806,2.359836463140346,Other,foul_tip,Contact / Foul
2022,Post-Statcast (2022 MVP),8,2,1,-0.17182316310714996,1.6286477274526525,Other,foul,Contact / Foul
2022,Post-Statcast (2022 MVP),3,3,3,0.6052896524504616,2.9599358131916986,Other,swinging_strike,Whiff (Miss)
2013,Pre-Statcast (2013 MVP Runner-Up),5,2,2,-0.016171800329307595,2.2667362869065926,Other,foul,Contact / Foul
2013,Pre-Statcast (2013 MVP Runner-Up),4,1,2,-0.5869126507550849,2.3438426925362092,Other,hit_into_play,Contact / Foul
2013,Pre-Statcast (2013 MVP Runner-Up),3,3,3,0.6807678769527684,2.7896888662878987,Other,swinging_strike,Whiff (Miss)
2013,Pre-Statcast (2013 MVP Runner-Up),8,2,1,0.12276614102175704,1.589312031930001,Other,foul,Contact / Foul
2013,Pre-Statcast (2013 MVP Runner-Up),8,2,1,0.09171579970681909,1.6855130267750082,Other,swinging_strike,Whiff (Miss)
2022,Post-Statcast (2022 MVP),1,1,3,-0.3037197542252128,2.89169387990905,Other,foul,Contact / Foul
2013,Pre-Statcast (2013 MVP Runner-Up),9,3,1,0.37174180128802764,1.6401710400416991,Other,swinging_strike,Whiff (Miss)
2013,Pre-Statcast (2013 MVP Runner-Up),9,3,1,0.34745326691411027,1.6971387104310347,Other,foul,Contact / Foul
2013,Pre-Statcast (2013 MVP Runner-Up),3,3,3,0.4109245412522962,3.0110699341335883,Other,foul,Contact / Foul
2022,Post-Statcast (2022 MVP),1,1,3,-0.5834207393679787,2.9779831070688436,Other,foul,Contact / Foul
2022,Post-Statcast (2022 MVP),9,3,1,0.40312199052876535,1.3021877816592122,Other,foul_tip,Contact / Foul
2013,Pre-Statcast (2013 MVP Runner-Up),6,3,2,0.5205213774436531,2.235114396160731,Other,swinging_strike,Whiff (Miss)
2013,Pre-Statcast (2013 MVP Runner-Up),5,2,2,0.01222273497252982,2.181486167030189,Other,foul_tip,Contact / Foul
2022,Post-Statcast (2022 MVP),5,2,2,-0.12013007969562146,2.0102942770926746,Other,hit_into_play,Contact / Foul
2013,Pre-Statcast (2013 MVP Runner-Up),2,2,3,0.15256648186532978,2.709914544759275,Other,foul_tip,Contact / Foul
2022,Post-Statcast (2022 MVP),8,2,1,0.18012331054406072,1.5473122403934565,Other,foul,Contact / Foul
2013,Pre-Statcast (2013 MVP Runner-Up),6,3,2,0.31747697118180573,2.145719765652308,Other,foul_tip,Contact / Foul
2013,Pre-Statcast (2013 MVP Runner-Up),5,2,2,-0.027725284857839982,2.0976789728735876,Other,foul,Contact / Foul
2013,Pre-Statcast (2013 MVP Runner-Up),2,2,3,-0.1971236644059626,2.983136378619381,Other,hit_into_play,Contact / Foul
2022,Post-Statcast (2022 MVP),4,1,2,-0.5948201396694087,2.3900202351112716,Other,foul_tip,Contact / Foul
2013,Pre-Statcast (2013 MVP Runner-Up),9,3,1,0.47789434599851816,1.6045385964803889,Other,swinging_strike,Whiff (Miss)
2022,Post-Statcast (2022 MVP),9,3,1,0.40312790592776016,1.4530692983676845,Other,swinging_strike,Whiff (Miss)
2013,Pre-Statcast (2013 MVP Runner-Up),9,3,1,0.45584879015886254,1.4442800912456242,Other,swinging_strike,Whiff (Miss)
2013,Pre-Statcast (2013 MVP Runner-Up),4,1,2,-0.5834962843875889,2.0925904938224105,Other,foul_tip,Contact / Foul
2022,Post-Statcast (2022 MVP),5,2,2,0.00971448683539805,2.227468919840301,Other,swinging_strike,Whiff (Miss)
2022,Post-Statcast (2022 MVP),5,2,2,0.16686476431329922,2.0049455189304073,Other,foul_tip,Contact / Foul
2013,Pre-Statcast (2013 MVP Runner-Up),4,1,2,-0.4201065260097131,2.3770704962976166,Other,foul_tip,Contact / Foul
2022,Post-Statcast (2022 MVP),9,3,1,0.4014530904927936,1.6419907705071715,Other,foul,Contact / Foul
2022,Post-Statcast (2022 MVP),5,2,2,-0.05566843150909079,2.1710423829782854,Other,foul,Contact / Foul
2022,Post-Statcast (2022 MVP),6,3,2,0.4181404804002452,2.0157622830514277,Other,foul,Contact / Foul
2013,Pre-Statcast (2013 MVP Runner-Up),4,1,2,-0.3942226218695223,2.2425270604971854,Other,foul_tip,Contact / Foul
2022,Post-Statcast (2022 MVP),5,2,2,0.12955892283326453,2.2500363814837203,Other,foul,Contact / Foul
2013,Pre-Statcast (2013 MVP Runner-Up),3,3,3,0.5506993747927125,2.8098389787670146,Other,hit_into_play,Contact / Foul
2013,Pre-Statcast (2013 MVP Runner-Up),6,3,2,0.6406265039937618,2.385764011461564,Other,foul_tip,Contact / Foul
2022,Post-Statcast (2022 MVP),1,1,3,-0.4369593421676937,2.8420035277793954,Other,foul_tip,Contact / Foul
2013,Pre-Statcast (2013 MVP Runner-Up),5,2,2,0.16846497380096498,2.344844005444827,Other,swinging_strike,Whiff (Miss)
2013,Pre-Statcast (2013 MVP Runner-Up),5,2,2,-0.14142231268892225,2.0789087211295936,Other,swinging_strike,Whiff (Miss)
2022,Post-Statcast (2022 MVP),8,2,1,-0.015493918524162431,1.5198658438716668,Other,foul,Contact / Foul
2013,Pre-Statcast (2013 MVP Runner-Up),9,3,1,0.6017542834989138,1.61042544858588,Other,hit_into_play,Contact / Foul
2022,Post-Statcast (2022 MVP),6,3,2,0.4192809013976555,2.116331116723795,Other,foul_tip,Contact / Foul
2022,Post-Statcast (2022 MVP),5,2,2,0.15412810135805494,2.035490405028051,Other,foul_tip,Contact / Foul
2022,Post-Statcast (2022 MVP),2,2,3,-0.08316403617651735,2.8099411673094132,Other,foul_tip,Contact / Foul
2022,Post-Statcast (2022 MVP),5,2,2,0.08509619524188172,2.2837472785792956,Other,swinging_strike,Whiff (Miss)
2013,Pre-Statcast (2013 MVP Runner-Up),9,3,1,0.5119967256012343,1.4553676195229843,Other,foul,Contact / Foul
2022,Post-Statcast (2022 MVP),3,3,3,0.6947530131372757,3.073569760669686,Other,hit_into_play,Contact / Foul
2022,Post-Statcast (2022 MVP),8,2,1,0.09875633026970487,1.3615018308870581,Other,foul,Contact / Foul
2013,Pre-Statcast (2013 MVP Runner-Up),9,3,1,0.3985799125227586,1.3294026734889686,Other,swinging_strike,Whiff (Miss)
2013,Pre-Statcast (2013 MVP Runner-Up),6,3,2,0.5176327839712134,2.314564934338127,Other,foul_tip,Contact / Foul
2013,Pre-Statcast (2013 MVP Runner-Up),3,3,3,0.45215241157108466,2.702358433433597,Other,foul,Contact / Foul
2022,Post-Statcast (2022 MVP),8,2,1,-0.044762756020801625,1.667160777612458,Other,hit_into_play,Contact / Foul
2022,Post-Statcast (2022 MVP),3,3,3,0.31072976245847966,3.038828008348957,Other,foul,Contact / Foul
2022,Post-Statcast (2022 MVP),3,3,3,0.5991374563924998,2.818216820496826,Other,hit_into_play,Contact / Foul
2013,Pre-Statcast (2013 MVP Runner-Up),2,2,3,0.15956985461058987,2.784030615335901,Other,hit_into_play,Contact / Foul
2013,Pre-Statcast (2013 MVP Runner-Up),4,1,2,-0.6026779344492972,2.2655840086387267,Other,foul,Contact / Foul
2022,Post-Statcast (2022 MVP),9,3,1,0.6402270545270569,1.6723033869383035,Other,foul_tip,Contact / Foul
2022,Post-Statcast (2022 MVP),6,3,2,0.3405161914371829,2.102356841100266,Other,hit_into_play,Contact / Foul
2013,Pre-Statcast (2013 MVP Runner-Up),4,1,2,-0.5580700135295619,2.1033409635434714,Other,foul,Contact / Foul
2013,Pre-Statcast (2013 MVP Runner-Up),1,1,3,-0.6042190758647765,2.796348636978893,Other,foul_tip,Contact / Foul
2013,Pre-Statcast (2013 MVP Runner-Up),5,2,2,-0.06931234971439584,2.166201237367511,Other,hit_into_play,Contact / Foul
2022,Post-Statcast (2022 MVP),2,2,3,-0.1472347650463946,2.9599988797362604,Other,swinging_strike,Whiff (Miss)
2013,Pre-Statcast (2013 MVP Runner-Up),9,3,1,0.6518855563855532,1.6646310662482178,Other,foul_tip,Contact / Foul
2013,Pre-Statcast (2013 MVP Runner-Up),9,3,1,0.33660817147849564,1.677184090936981,Other,swinging_strike,Whiff (Miss)
2013,Pre-Statcast (2013 MVP Runner-Up),6,3,2,0.39501208057877,2.1776794839221103,Other,foul,Contact / Foul
2013,Pre-Statcast (2013 MVP Runner-Up),9,3,1,0.5420674972802568,1.5455460934485745,Other,swinging_strike,Whiff (Miss)
2022,Post-Statcast (2022 MVP),5,2,2,-0.049860971863780745,2.331522791026501,Other,foul_tip,Contact / Foul
2022,Post-Statcast (2022 MVP),5,2,2,-0.14102093839561386,2.3797019265806343,Other,foul,Contact / Foul
2022,Post-Statcast (2022 MVP),2,2,3,0.004329947794864342,2.867295642484503,Other,hit_into_play,Contact / Foul
2013,Pre-Statcast (2013 MVP Runner-Up),5,2,2,0.1377937439258788,2.097326589929094,Other,swinging_strike,Whiff (Miss)
2013,Pre-Statcast (2013 MVP Runner-Up),6,3,2,0.4858491598988151,2.278155700798426,Other,foul_tip,Contact / Foul
2013,Pre-Statcast (2013 MVP Runner-Up),4,1,2,-0.4630101523745193,2.1289218331924475,Other,hit_into_play,Contact / Foul
2013,Pre-Statcast (2013 MVP Runner-Up),4,1,2,-0.5154208423284866,2.046986459635823,Other,hit_into_play,Contact / Foul
2022,Post-Statcast (2022 MVP),6,3,2,0.5759609724601256,2.191298004388509,Other,swinging_strike,Whiff (Miss)
2022,Post-Statcast (2022 MVP),8,2,1,0.15929064701637347,1.3311349884172168,Other,swinging_strike,Whiff (Miss)
2022,Post-Statcast (2022 MVP),9,3,1,0.6173557030406411,1.4000565966790672,Other,swinging_strike,Whiff (Miss)
2022,Post-Statcast (2022 MVP),9,3,1,0.63190592097972,1.6660035895792615,Other,foul,Contact / Foul
2013,Pre-Statcast (2013 MVP Runner-Up),1,1,3,-0.34945294941093247,2.8258711523193907,Other,foul_tip,Contact / Foul
2013,Pre-Statcast (2013 MVP Runner-Up),3,3,3,0.37269161060537287,2.8040625255677214,Other,foul,Contact / Foul
2022,Post-Statcast (2022 MVP),6,3,2,0.6027390951908489,2.212413514228394,Other,hit_into_play,Contact / Foul
2022,Post-Statcast (2022 MVP),2,2,3,-0.09039221676188713,2.961835185767517,Other,swinging_strike,Whiff (Miss)
2013,Pre-Statcast (2013 MVP Runner-Up),9,3,1,0.6866033069001375,1.556677781759483,Other,foul,Contact / Foul
2013,Pre-Statcast (2013 MVP Runner-Up),8,2,1,-0.19436632175261412,1.4348448717319002,Other,foul,Contact / Foul
2022,Post-Statcast (2022 MVP),8,2,1,0.053426792709967974,1.4093981261100539,Other,swinging_strike,Whiff (Miss)
2013,Pre-Statcast (2013 MVP Runner-Up),7,1,1,-0.514223136889866,1.4360770273407109,Other,hit_into_play,Contact / Foul
2022,Post-Statcast (2022 MVP),9,3,1,0.5369390641484533,1.353889619200052,Other,foul_tip,Contact / Foul
2013,Pre-Statcast (2013 MVP Runner-Up),9,3,1,0.40718881235784576,1.4519999972333824,Other,swinging_strike,Whiff (Miss)
2013,Pre-Statcast (2013 MVP Runner-Up),5,2,2,0.10504225277473989,2.2296400017325855,Other,foul,Contact / Foul
2013,Pre-Statcast (2013 MVP Runner-Up),4,1,2,-0.43602369877803226,2.3461042378800974,Other,swinging_strike,Whiff (Miss)
2022,Post-Statcast (2022 MVP),2,2,3,-0.15322043841169922,2.8493224283857237,Other,hit_into_play,Contact / Foul
2013,Pre-Statcast (2013 MVP Runner-Up),6,3,2,0.6480148700225569,2.141023724123393,Other,foul,Contact / Foul
2013,Pre-Statcast (2013 MVP Runner-Up),7,1,1,-0.6098118861138133,1.678993254723859,Other,foul_tip,Contact / Foul
2013,Pre-Statcast (2013 MVP Runner-Up),2,2,3,0.12089405557485561,3.0456256113501112,Other,hit_into_play,Contact / Foul
2013,Pre-Statcast (2013 MVP Runner-Up),4,1,2,-0.3119261092765691,2.1616700228002985,Other,foul_tip,Contact / Foul
2013,Pre-Statcast (2013 MVP Runner-Up),7,1,1,-0.5020423185899294,1.6529357905472803,Other,foul_tip,Contact / Foul
2013,Pre-Statcast (2013 MVP Runner-Up),2,2,3,0.12023700434467954,2.743707612897921,Other,hit_into_play,Contact / Foul
2022,Post-Statcast (2022 MVP),5,2,2,-0.03254717002621979,2.214205764791572,Other,foul,Contact / Foul
2013,Pre-Statcast (2013 MVP Runner-Up),6,3,2,0.6811157585118431,2.05711178734502,Other,foul_tip,Contact / Foul
2013,Pre-Statcast (2013 MVP Runner-Up),6,3,2,0.369023564574546,2.099097489439314,Other,foul,Contact / Foul
2013,Pre-Statcast (2013 MVP Runner-Up),3,3,3,0.5854179450444226,2.7937974312058538,Other,foul,Contact / Foul
2022,Post-Statcast (2022 MVP),9,3,1,0.34763430579845367,1.3919085217910852,Other,foul_tip,Contact / Foul
2022,Post-Statcast (2022 MVP),5,2,2,-0.18704690282916503,2.2409554669803886,Other,foul_tip,Contact / Foul
2022,Post-Statcast (2022 MVP),6,3,2,0.6519800986007943,2.2909114538831847,Other,swinging_strike,Whiff (Miss)
2013,Pre-Statcast (2013 MVP Runner-Up),9,3,1,0.40430964396390784,1.6739033001185415,Other,foul_tip,Contact / Foul
2022,Post-Statcast (2022 MVP),8,2,1,0.05633541773594636,1.4106719340089262,Other,foul,Contact / Foul
2022,Post-Statcast (2022 MVP),6,3,2,0.5445433677101619,2.3450303098096374,Other,swinging_strike,Whiff (Miss)
2013,Pre-Statcast (2013 MVP Runner-Up),1,1,3,-0.5887237167077349,3.047720128317173,Other,hit_into_play,Contact / Foul
2022,Post-Statcast (2022 MVP),4,1,2,-0.5420005247112323,2.0117929172001165,Other,foul_tip,Contact / Foul
2013,Pre-Statcast (2013 MVP Runner-Up),8,2,1,0.08924707129696935,1.6746677519002504,Other,hit_into_play,Contact / Foul
2022,Post-Statcast (2022 MVP),5,2,2,0.13750762973877467,2.123341360047092,Other,foul,Contact / Foul
2022,Post-Statcast (2022 MVP),3,3,3,0.47172982773775035,2.9095416845794673,Other,swinging_strike,Whiff (Miss)
2022,Post-Statcast (2022 MVP),5,2,2,0.1415285306342186,2.311932054057472,Other,swinging_strike,Whiff (Miss)
2013,Pre-Statcast (2013 MVP Runner-Up),1,1,3,-0.674389641469462,2.708413704002823,Other,swinging_strike,Whiff (Miss)
2022,Post-Statcast (2022 MVP),7,1,1,-0.3592515394215735,1.6477662538451072,Other,hit_into_play,Contact / Foul
2013,Pre-Statcast (2013 MVP Runner-Up),4,1,2,-0.5258051419969292,2.293518121605357,Other,foul_tip,Contact / Foul
2022,Post-Statcast (2022 MVP),3,3,3,0.3656466199162585,2.8404750875307077,Other,hit_into_play,Contact / Foul
2022,Post-Statcast (2022 MVP),2,2,3,-0.0845318759435148,3.0122960789719855,Other,foul_tip,Contact / Foul
2022,Post-Statcast (2022 MVP),3,3,3,0.49795508797730675,2.745097465041523,Other,foul,Contact / Foul
2022,Post-Statcast (2022 MVP),5,2,2,0.03750901701763301,2.113070751126039,Other,swinging_strike,Whiff (Miss)
2013,Pre-Statcast (2013 MVP Runner-Up),2,2,3,0.19843857914203777,2.729304288439853,Other,hit_into_play,Contact / Foul
2013,Pre-Statcast (2013 MVP Runner-Up),2,2,3,0.08141597003494838,2.9446711062903796,Other,foul_tip,Contact / Foul
2022,Post-Statcast (2022 MVP),6,3,2,0.6598748178981979,2.322171929053412,Other,foul_tip,Contact / Foul
2013,Pre-Statcast (2013 MVP Runner-Up),2,2,3,-0.11574813807722278,2.837152115117303,Other,foul_tip,Contact / Foul
2013,Pre-Statcast (2013 MVP Runner-Up),6,3,2,0.4547949520157054,2.224669084303859,Other,foul,Contact / Foul
2013,Pre-Statcast (2013 MVP Runner-Up),5,2,2,0.07110578344934376,2.288371350668284,Other,foul_tip,Contact / Foul
2022,Post-Statcast (2022 MVP),5,2,2,-0.177517671837599,2.3165961568324938,Other,swinging_strike,Whiff (Miss)
2022,Post-Statcast (2022 MVP),3,3,3,0.5572618277851197,2.8240677973588575,Other,swinging_strike,Whiff (Miss)
2013,Pre-Statcast (2013 MVP Runner-Up),5,2,2,0.16610236349726376,2.0885468800295963,Other,hit_into_play,Contact / Foul
2013,Pre-Statcast (2013 MVP Runner-Up),6,3,2,0.4876440508621975,2.2461393028654193,Other,hit_into_play,Contact / Foul
2022,Post-Statcast (2022 MVP),8,2,1,0.09403179441048753,1.3477415245091862,Other,hit_into_play,Contact / Foul
2013,Pre-Statcast (2013 MVP Runner-Up),6,3,2,0.3946944737147482,2.197608774978769,Other,swinging_strike,Whiff (Miss)
2022,Post-Statcast (2022 MVP),4,1,2,-0.39642833871452854,2.1505099321872176,Other,foul_tip,Contact / Foul
2022,Post-Statcast (2022 MVP),1,1,3,-0.5798943667272238,3.0240743747674785,Other,swinging_strike,Whiff (Miss)
2022,Post-Statcast (2022 MVP),6,3,2,0.33560113581085216,2.044172366962529,Other,foul_tip,Contact / Foul
2013,Pre-Statcast (2013 MVP Runner-Up),8,2,1,0.04403063203150062,1.3769056676546854,Other,hit_into_play,Contact / Foul
2013,Pre-Statcast (2013 MVP Runner-Up),5,2,2,-0.1731466767453409,2.332708755389942,Other,hit_into_play,Contact / Foul
2022,Post-Statcast (2022 MVP),9,3,1,0.4649703888757398,1.441238506187511,Other,swinging_strike,Whiff (Miss)
2022,Post-Statcast (2022 MVP),4,1,2,-0.6086382307386996,2.2035299539642588,Other,hit_into_play,Contact / Foul
2022,Post-Statcast (2022 MVP),1,1,3,-0.5752438624409835,2.8821330540903505,Other,swinging_strike,Whiff (Miss)
2013,Pre-Statcast (2013 MVP Runner-Up),1,1,3,-0.42932020503083546,3.0568718270819377,Other,hit_into_play,Contact / Foul
2013,Pre-Statcast (2013 MVP Runner-Up),6,3,2,0.4366929380526192,2.306462483067128,Other,hit_into_play,Contact / Foul
2013,Pre-Statcast (2013 MVP Runner-Up),4,1,2,-0.6304745806694262,2.030025947560467,Other,hit_into_play,Contact / Foul
2022,Post-Statcast (2022 MVP),8,2,1,-0.005211447025323446,1.3435330545180146,Other,foul_tip,Contact / Foul
2022,Post-Statcast (2022 MVP),3,3,3,0.5145560691557833,2.8562926011873393,Other,foul_tip,Contact / Foul
2013,Pre-Statcast (2013 MVP Runner-Up),5,2,2,0.12601480230000567,2.09450753957869,Other,swinging_strike,Whiff (Miss)
2013,Pre-Statcast (2013 MVP Runner-Up),5,2,2,-0.154389344064579,2.203980824929189,Other,swinging_strike,Whiff (Miss)
2013,Pre-Statcast (2013 MVP Runner-Up),6,3,2,0.3150428982284368,2.1474950397959254,Other,foul,Contact / Foul
2013,Pre-Statcast (2013 MVP Runner-Up),2,2,3,-0.09421363140514893,3.055885082802283,Other,foul_tip,Contact / Foul
2013,Pre-Statcast (2013 MVP Runner-Up),8,2,1,-0.16838822559605987,1.6696038527559522,Other,foul_tip,Contact / Foul
2013,Pre-Statcast (2013 MVP Runner-Up),5,2,2,0.16048376943955323,2.271044354279632,Other,hit_into_play,Contact / Foul
2022,Post-Statcast (2022 MVP),8,2,1,0.0987015646427648,1.6187081748172183,Other,foul_tip,Contact / Foul
2013,Pre-Statcast (2013 MVP Runner-Up),6,3,2,0.38063639713468034,2.3164436852916177,Other,hit_into_play,Contact / Foul
2022,Post-Statcast (2022 MVP),5,2,2,0.13234808054223818,2.0361567684563084,Other,swinging_strike,Whiff (Miss)
2022,Post-Statcast (2022 MVP),9,3,1,0.5012676665015573,1.435986357769416,Other,swinging_strike,Whiff (Miss)
2022,Post-Statcast (2022 MVP),3,3,3,0.40369878461051867,2.8487477723566603,Other,swinging_strike,Whiff (Miss)
2013,Pre-Statcast (2013 MVP Runner-Up),8,2,1,0.14883964564813268,1.5517041922409747,Other,foul_tip,Contact / Foul
2013,Pre-Statcast (2013 MVP Runner-Up),5,2,2,-0.04758980029100987,2.255419707120335,Other,foul,Contact / Foul
2013,Pre-Statcast (2013 MVP Runner-Up),5,2,2,0.0651074952247912,2.2566817868932874,Other,foul_tip,Contact / Foul
2013,Pre-Statcast (2013 MVP Runner-Up),6,3,2,0.5460033553662295,2.2028271269335824,Other,foul,Contact / Foul
2022,Post-Statcast (2022 MVP),8,2,1,-0.14627766704684447,1.593189118300566,Other,foul,Contact / Foul
2013,Pre-Statcast (2013 MVP Runner-Up),2,2,3,-0.1334755557584344,2.8942564501802868,Other,hit_into_play,Contact / Foul
2013,Pre-Statcast (2013 MVP Runner-Up),7,1,1,-0.6675108580426521,1.6794187415881567,Other,foul_tip,Contact / Foul
2013,Pre-Statcast (2013 MVP Runner-Up),4,1,2,-0.5894001492125243,2.2358347623843167,Other,foul_tip,Contact / Foul
2013,Pre-Statcast (2013 MVP Runner-Up),6,3,2,0.5775922564163175,2.3994515374040613,Other,swinging_strike,Whiff (Miss)
2013,Pre-Statcast (2013 MVP Runner-Up),8,2,1,-0.1458284534042249,1.5566100000689427,Other,swinging_strike,Whiff (Miss)
2022,Post-Statcast (2022 MVP),1,1,3,-0.5315590640909903,2.893692525573571,Other,hit_into_play,Contact / Foul
2022,Post-Statcast (2022 MVP),7,1,1,-0.3294060755324882,1.455021859456796,Other,swinging_strike,Whiff (Miss)
2013,Pre-Statcast (2013 MVP Runner-Up),7,1,1,-0.43099175849382027,1.414299352576407,Other,hit_into_play,Contact / Foul
2013,Pre-Statcast (2013 MVP Runner-Up),5,2,2,-0.1171370518613366,2.08638054076747,Other,hit_into_play,Contact / Foul
2013,Pre-Statcast (2013 MVP Runner-Up),9,3,1,0.5708139863506727,1.5162249724022443,Other,swinging_strike,Whiff (Miss)
2013,Pre-Statcast (2013 MVP Runner-Up),7,1,1,-0.4978222147904914,1.6866746522209901,Other,hit_into_play,Contact / Foul
2013,Pre-Statcast (2013 MVP Runner-Up),3,3,3,0.5675494482491669,3.019256929768075,Other,foul_tip,Contact / Foul
2013,Pre-Statcast (2013 MVP Runner-Up),1,1,3,-0.5404030800010283,2.9686747838553127,Other,swinging_strike,Whiff (Miss)
2013,Pre-Statcast (2013 MVP Runner-Up),5,2,2,0.049808711776757914,2.3456987499325668,Other,swinging_strike,Whiff (Miss)
2013,Pre-Statcast (2013 MVP Runner-Up),5,2,2,0.05326880506220555,2.0122628393523625,Other,foul_tip,Contact / Foul
2022,Post-Statcast (2022 MVP),2,2,3,0.11783945226706588,3.0075536939295966,Other,foul,Contact / Foul
2013,Pre-Statcast (2013 MVP Runner-Up),9,3,1,0.45353848563316246,1.5958980683682875,Other,swinging_strike,Whiff (Miss)
2013,Pre-Statcast (2013 MVP Runner-Up),3,3,3,0.6334900677216231,2.821549979707341,Other,hit_into_play,Contact / Foul
2013,Pre-Statcast (2013 MVP Runner-Up),8,2,1,-0.0090205918236414,1.3797823898670407,Other,foul,Contact / Foul
2022,Post-Statcast (2022 MVP),7,1,1,-0.6948139049301447,1.4005364513489222,Other,swinging_strike,Whiff (Miss)
2013,Pre-Statcast (2013 MVP Runner-Up),6,3,2,0.3524196165718032,2.15068794832901,Other,hit_into_play,Contact / Foul
2013,Pre-Statcast (2013 MVP Runner-Up),4,1,2,-0.5122412220277959,2.1761875192544045,Other,hit_into_play,Contact / Foul
2022,Post-Statcast (2022 MVP),7,1,1,-0.44094704577999977,1.60204308208342,Other,swinging_strike,Whiff (Miss)
2022,Post-Statcast (2022 MVP),5,2,2,0.15115742507842195,2.1056546520681487,Other,foul_tip,Contact / Foul
2013,Pre-Statcast (2013 MVP Runner-Up),2,2,3,0.038628501995097875,2.8382748446719197,Other,swinging_strike,Whiff (Miss)
2022,Post-Statcast (2022 MVP),6,3,2,0.44867297190594446,2.2342282780827616,Other,foul,Contact / Foul
2013,Pre-Statcast (2013 MVP Runner-Up),9,3,1,0.373619109144507,1.6557458118860031,Other,foul_tip,Contact / Foul
2022,Post-Statcast (2022 MVP),2,2,3,0.17196897859543697,2.996195793878772,Other,foul_tip,Contact / Foul
2022,Post-Statcast (2022 MVP),8,2,1,0.0008669078665723418,1.5650713957514788,Other,foul_tip,Contact / Foul
2013,Pre-Statcast (2013 MVP Runner-Up),9,3,1,0.6749641444540267,1.5900095783635675,Other,hit_into_play,Contact / Foul
2022,Post-Statcast (2022 MVP),6,3,2,0.35176238302731433,2.1734845657154547,Other,foul,Contact / Foul
2013,Pre-Statcast (2013 MVP Runner-Up),5,2,2,-0.19886577940799346,2.3433624505520707,Other,hit_into_play,Contact / Foul
2013,Pre-Statcast (2013 MVP Runner-Up),6,3,2,0.46595876232760214,2.1585815861880993,Other,foul,Contact / Foul
2013,Pre-Statcast (2013 MVP Runner-Up),4,1,2,-0.5006497981171218,2.2866413303967166,Other,foul_tip,Contact / Foul
2013,Pre-Statcast (2013 MVP Runner-Up),7,1,1,-0.6797578832798838,1.6781539570812876,Other,foul_tip,Contact / Foul
2013,Pre-Statcast (2013 MVP Runner-Up),3,3,3,0.40090861271295225,2.7327624931046564,Other,hit_into_play,Contact / Foul
2013,Pre-Statcast (2013 MVP Runner-Up),8,2,1,-0.16362334221932487,1.5041501416131338,Other,hit_into_play,Contact / Foul
2013,Pre-Statcast (2013 MVP Runner-Up),9,3,1,0.5172122793302234,1.563243696191614,Other,swinging_strike,Whiff (Miss)
2022,Post-Statcast (2022 MVP),3,3,3,0.44616498513923947,2.97317681960097,Other,foul,Contact / Foul
2022,Post-Statcast (2022 MVP),7,1,1,-0.42664386853408515,1.3585713560562784,Other,hit_into_play,Contact / Foul
2022,Post-Statcast (2022 MVP),4,1,2,-0.40701466530429337,2.2186236970439026,Other,hit_into_play,Contact / Foul
2013,Pre-Statcast (2013 MVP Runner-Up),9,3,1,0.5694687682538314,1.5411688179956304,Other,hit_into_play,Contact / Foul
2022,Post-Statcast (2022 MVP),3,3,3,0.47499441722023,3.0813711906864283,Other,swinging_strike,Whiff (Miss)
2013,Pre-Statcast (2013 MVP Runner-Up),9,3,1,0.4383437992742551,1.339074314943219,Other,swinging_strike,Whiff (Miss)
2022,Post-Statcast (2022 MVP),7,1,1,-0.4923601283934618,1.575296657385171,Other,foul_tip,Contact / Foul
2013,Pre-Statcast (2013 MVP Runner-Up),5,2,2,0.17645194754089188,2.1691747423055534,Other,foul_tip,Contact / Foul
2013,Pre-Statcast (2013 MVP Runner-Up),2,2,3,-0.18224538651470756,2.8744230061819884,Other,swinging_strike,Whiff (Miss)
2022,Post-Statcast (2022 MVP),3,3,3,0.5552329319534592,2.728404800678153,Other,hit_into_play,Contact / Foul
2022,Post-Statcast (2022 MVP),9,3,1,0.31510213531403153,1.4537304041704089,Other,foul,Contact / Foul
2013,Pre-Statcast (2013 MVP Runner-Up),8,2,1,-0.05828520454207489,1.6087959136594963,Other,foul_tip,Contact / Foul
2022,Post-Statcast (2022 MVP),6,3,2,0.4073237594320641,2.2932271781353695,Other,swinging_strike,Whiff (Miss)
2013,Pre-Statcast (2013 MVP Runner-Up),5,2,2,-0.18265398524033133,2.313290798392152,Other,foul_tip,Contact / Foul
2013,Pre-Statcast (2013 MVP Runner-Up),5,2,2,-0.02043789720197481,2.369661703354264,Other,swinging_strike,Whiff (Miss)
2013,Pre-Statcast (2013 MVP Runner-Up),5,2,2,0.1997494262000717,2.3413341834640744,Other,hit_into_play,Contact / Foul
2013,Pre-Statcast (2013 MVP Runner-Up),6,3,2,0.41614491311112545,2.1199826712946956,Other,swinging_strike,Whiff (Miss)
2022,Post-Statcast (2022 MVP),5,2,2,-0.17375321295522725,2.283827759345756,Other,swinging_strike,Whiff (Miss)
2013,Pre-Statcast (2013 MVP Runner-Up),1,1,3,-0.6138744951569645,3.005397651602609,Other,hit_into_play,Contact / Foul
2022,Post-Statcast (2022 MVP),9,3,1,0.41440260468347817,1.3134437405585033,Other,foul_tip,Contact / Foul
2022,Post-Statcast (2022 MVP),6,3,2,0.40231566957011716,2.2138933736775366,Other,hit_into_play,Contact / Foul
2013,Pre-Statcast (2013 MVP Runner-Up),9,3,1,0.64982148867637,1.3531959225342693,Other,foul,Contact / Foul
2013,Pre-Statcast (2013 MVP Runner-Up),5,2,2,-0.17045523988685082,2.3780942539738588,Other,foul_tip,Contact / Foul
2013,Pre-Statcast (2013 MVP Runner-Up),7,1,1,-0.3420296332715502,1.6383734824623462,Other,foul,Contact / Foul
2013,Pre-Statcast (2013 MVP Runner-Up),4,1,2,-0.658160046166977,2.0643299410635345,Other,foul,Contact / Foul
2013,Pre-Statcast (2013 MVP Runner-Up),6,3,2,0.3634984831926166,2.149140792840531,Other,foul,Contact / Foul
2013,Pre-Statcast (2013 MVP Runner-Up),4,1,2,-0.594141549883997,2.032474986186794,Other,hit_into_play,Contact / Foul
2013,Pre-Statcast (2013 MVP Runner-Up),9,3,1,0.5249543798347637,1.6871144754186507,Other,foul_tip,Contact / Foul
2013,Pre-Statcast (2013 MVP Runner-Up),1,1,3,-0.5003074962030891,3.0538732615546804,Other,foul_tip,Contact / Foul
2022,Post-Statcast (2022 MVP),6,3,2,0.35494610366924956,2.0801186363180575,Other,foul,Contact / Foul
2022,Post-Statcast (2022 MVP),2,2,3,-0.15441801171793523,2.968280571289767,Other,foul,Contact / Foul
2013,Pre-Statcast (2013 MVP Runner-Up),5,2,2,0.08486111857052275,2.1523617595274085,Other,foul_tip,Contact / Foul
2022,Post-Statcast (2022 MVP),8,2,1,-0.09425715395976551,1.3936074675405277,Other,foul_tip,Contact / Foul
2022,Post-Statcast (2022 MVP),4,1,2,-0.4991836229761669,2.3607764037033085,Other,hit_into_play,Contact / Foul
2013,Pre-Statcast (2013 MVP Runner-Up),3,3,3,0.6205666406889059,2.9670310930345405,Other,foul_tip,Contact / Foul
2013,Pre-Statcast (2013 MVP Runner-Up),5,2,2,-0.027737995458558817,2.0516742807036863,Other,foul_tip,Contact / Foul
2013,Pre-Statcast (2013 MVP Runner-Up),4,1,2,-0.6404042395698684,2.1062529886562564,Other,hit_into_play,Contact / Foul
2022,Post-Statcast (2022 MVP),4,1,2,-0.5083876280159382,2.035088620423603,Other,foul,Contact / Foul
2022,Post-Statcast (2022 MVP),8,2,1,-0.18752230759667637,1.5327561961975718,Other,foul,Contact / Foul
2013,Pre-Statcast (2013 MVP Runner-Up),4,1,2,-0.4776835888321665,2.206650900685974,Other,hit_into_play,Contact / Foul
2013,Pre-Statcast (2013 MVP Runner-Up),4,1,2,-0.33462793287214965,2.1524924587788545,Other,swinging_strike,Whiff (Miss)
2013,Pre-Statcast (2013 MVP Runner-Up),2,2,3,0.1458601576120862,3.060977146204219,Other,hit_into_play,Contact / Foul
2022,Post-Statcast (2022 MVP),6,3,2,0.5436007237426919,2.3111835666388094,Other,foul_tip,Contact / Foul
2013,Pre-Statcast (2013 MVP Runner-Up),9,3,1,0.4609061403243625,1.3937357113950246,Other,hit_into_play,Contact / Foul
2022,Post-Statcast (2022 MVP),6,3,2,0.44924056217094843,2.005630847489853,Other,foul,Contact / Foul
2013,Pre-Statcast (2013 MVP Runner-Up),9,3,1,0.32718717666616903,1.3604118585858984,Other,hit_into_play,Contact / Foul
2022,Post-Statcast (2022 MVP),2,2,3,-0.14313134676985287,2.952960792984715,Other,foul_tip,Contact / Foul
2013,Pre-Statcast (2013 MVP Runner-Up),4,1,2,-0.30134741441626717,2.2201553891026715,Other,foul,Contact / Foul
2013,Pre-Statcast (2013 MVP Runner-Up),7,1,1,-0.5327461026660494,1.6850743408957347,Other,hit_into_play,Contact / Foul
2022,Post-Statcast (2022 MVP),5,2,2,0.15881254485976903,2.008093155437309,Other,foul,Contact / Foul
2022,Post-Statcast (2022 MVP),2,2,3,0.1313374468195232,2.8351020620683145,Other,swinging_strike,Whiff (Miss)
2013,Pre-Statcast (2013 MVP Runner-Up),9,3,1,0.419710755832345,1.525583279849506,Other,swinging_strike,Whiff (Miss)
2022,Post-Statcast (2022 MVP),2,2,3,0.030939162080741045,3.0198009427546832,Other,foul_tip,Contact / Foul
2013,Pre-Statcast (2013 MVP Runner-Up),6,3,2,0.44486023301736827,2.379786844751968,Other,hit_into_play,Contact / Foul
2013,Pre-Statcast (2013 MVP Runner-Up),3,3,3,0.5071831001774963,2.720087354056256,Other,hit_into_play,Contact / Foul
2013,Pre-Statcast (2013 MVP Runner-Up),2,2,3,0.002353877619506145,2.7529826281465866,Other,foul,Contact / Foul
2022,Post-Statcast (2022 MVP),6,3,2,0.35486540919192355,2.332261088188356,Other,hit_into_play,Contact / Foul
2013,Pre-Statcast (2013 MVP Runner-Up),6,3,2,0.3729111993655493,2.0539410324785132,Other,foul_tip,Contact / Foul
2022,Post-Statcast (2022 MVP),8,2,1,0.13149946839434762,1.6514548926836965,Other,foul_tip,Contact / Foul
2022,Post-Statcast (2022 MVP),5,2,2,0.10974659952795679,2.338592355031654,Other,foul,Contact / Foul
2013,Pre-Statcast (2013 MVP Runner-Up),6,3,2,0.3533638359437456,2.140919618445676,Other,foul,Contact / Foul
2013,Pre-Statcast (2013 MVP Runner-Up),5,2,2,-0.14369719399764694,2.386600083785101,Other,foul_tip,Contact / Foul
2022,Post-Statcast (2022 MVP),2,2,3,0.12541194619817347,3.0221761973481107,Other,foul_tip,Contact / Foul
2022,Post-Statcast (2022 MVP),3,3,3,0.5664318315437242,2.963220944227749,Other,swinging_strike,Whiff (Miss)
2013,Pre-Statcast (2013 MVP Runner-Up),7,1,1,-0.5454604700080886,1.4801417522561673,Other,foul_tip,Contact / Foul
2022,Post-Statcast (2022 MVP),1,1,3,-0.48625303951915316,3.069398301602578,Other,foul_tip,Contact / Foul
2022,Post-Statcast (2022 MVP),7,1,1,-0.6216314131392735,1.3482983229464778,Other,foul,Contact / Foul
2013,Pre-Statcast (2013 MVP Runner-Up),6,3,2,0.32962081567061746,2.0690625455936167,Other,swinging_strike,Whiff (Miss)
2022,Post-Statcast (2022 MVP),4,1,2,-0.4697231565520016,2.393065854303213,Other,foul,Contact / Foul
2022,Post-Statcast (2022 MVP),3,3,3,0.5999105536375164,3.0493840225600133,Other,swinging_strike,Whiff (Miss)
2022,Post-Statcast (2022 MVP),8,2,1,-0.13562846009735452,1.6384056784362082,Other,hit_into_play,Contact / Foul
2013,Pre-Statcast (2013 MVP Runner-Up),6,3,2,0.3800713363964481,2.054291367092211,Other,swinging_strike,Whiff (Miss)
2013,Pre-Statcast (2013 MVP Runner-Up),6,3,2,0.3262992421069464,2.1592639923083636,Other,swinging_strike,Whiff (Miss)
2013,Pre-Statcast (2013 MVP Runner-Up),3,3,3,0.3854805603956401,2.88927447436373,Other,foul_tip,Contact / Foul
2013,Pre-Statcast (2013 MVP Runner-Up),1,1,3,-0.35555883613333367,2.761136527739304,Other,hit_into_play,Contact / Foul
2022,Post-Statcast (2022 MVP),2,2,3,-0.05974766355440414,2.984301583797519,Other,foul_tip,Contact / Foul
2022,Post-Statcast (2022 MVP),7,1,1,-0.4159505474046531,1.5696973942156693,Other,foul_tip,Contact / Foul
2022,Post-Statcast (2022 MVP),1,1,3,-0.5555500350841888,3.0776889182525573,Other,foul_tip,Contact / Foul
2013,Pre-Statcast (2013 MVP Runner-Up),5,2,2,0.19117779383074507,2.2632919263714726,Other,foul,Contact / Foul
2013,Pre-Statcast (2013 MVP Runner-Up),2,2,3,0.011576277040908023,2.967145281485033,Other,foul_tip,Contact / Foul
2013,Pre-Statcast (2013 MVP Runner-Up),5,2,2,0.08897753102825706,2.163991447898546,Other,foul_tip,Contact / Foul
2013,Pre-Statcast (2013 MVP Runner-Up),1,1,3,-0.45850958745324355,3.0228513093097513,Other,foul_tip,Contact / Foul
2013,Pre-Statcast (2013 MVP Runner-Up),3,3,3,0.5788772009983089,2.820633074195066,Other,swinging_strike,Whiff (Miss)
2022,Post-Statcast (2022 MVP),2,2,3,-0.08866206779382978,2.9815038973353194,Other,hit_into_play,Contact / Foul
2013,Pre-Statcast (2013 MVP Runner-Up),9,3,1,0.5888770886502883,1.5142952411695698,Other,foul,Contact / Foul
2013,Pre-Statcast (2013 MVP Runner-Up),1,1,3,-0.4842483879521497,3.0114505914522227,Other,foul_tip,Contact / Foul
2013,Pre-Statcast (2013 MVP Runner-Up),9,3,1,0.5579628967773208,1.432508246796896,Other,hit_into_play,Contact / Foul
2013,Pre-Statcast (2013 MVP Runner-Up),5,2,2,0.18143700704764998,2.2747284141867907,Other,foul,Contact / Foul
2022,Post-Statcast (2022 MVP),7,1,1,-0.405514427874769,1.5212905315616974,Other,foul,Contact / Foul
2022,Post-Statcast (2022 MVP),5,2,2,0.08816543519878733,2.0192589830933128,Other,foul,Contact / Foul
2013,Pre-Statcast (2013 MVP Runner-Up),9,3,1,0.45017079839661106,1.3742951383581603,Other,swinging_strike,Whiff (Miss)
2022,Post-Statcast (2022 MVP),2,2,3,0.011086007851113078,2.9556434342664595,Other,foul_tip,Contact / Foul
2022,Post-Statcast (2022 MVP),6,3,2,0.48270049389799213,2.3909163811684317,Other,foul,Contact / Foul
2022,Post-Statcast (2022 MVP),5,2,2,-0.06127595012670861,2.127807471656464,Other,foul_tip,Contact / Foul
2022,Post-Statcast (2022 MVP),4,1,2,-0.3191613572705024,2.3418405218488014,Other,foul_tip,Contact / Foul
2013,Pre-Statcast (2013 MVP Runner-Up),4,1,2,-0.5231836177110954,2.020644710074539,Other,foul,Contact / Foul
2013,Pre-Statcast (2013 MVP Runner-Up),4,1,2,-0.4416388401036191,2.1963285340314345,Other,hit_into_play,Contact / Foul
2013,Pre-Statcast (2013 MVP Runner-Up),7,1,1,-0.3746088614242202,1.673500614099762,Other,foul_tip,Contact / Foul
2013,Pre-Statcast (2013 MVP Runner-Up),6,3,2,0.5391543449531958,2.315690772625466,Other,foul_tip,Contact / Foul
2013,Pre-Statcast (2013 MVP Runner-Up),6,3,2,0.6099857934125953,2.2816151244827303,Other,swinging_strike,Whiff (Miss)
2013,Pre-Statcast (2013 MVP Runner-Up),6,3,2,0.6493118648242155,2.133344814424223,Other,foul_tip,Contact / Foul
2013,Pre-Statcast (2013 MVP Runner-Up),2,2,3,-0.08855877559079844,2.7277683018651273,Other,swinging_strike,Whiff (Miss)
2022,Post-Statcast (2022 MVP),7,1,1,-0.6856672270383507,1.5196395158772757,Other,hit_into_play,Contact / Foul
2022,Post-Statcast (2022 MVP),4,1,2,-0.4745574052867225,2.2252435563456077,Other,swinging_strike,Whiff (Miss)
2022,Post-Statcast (2022 MVP),5,2,2,-0.004485304373372856,2.178441373043012,Other,swinging_strike,Whiff (Miss)
2013,Pre-Statcast (2013 MVP Runner-Up),6,3,2,0.5144215137256245,2.2527819768052573,Other,foul_tip,Contact / Foul
2022,Post-Statcast (2022 MVP),4,1,2,-0.5334973605994738,2.288115168571279,Other,foul,Contact / Foul
2022,Post-Statcast (2022 MVP),9,3,1,0.5142607629588938,1.5803274209266216,Other,swinging_strike,Whiff (Miss)
2022,Post-Statcast (2022 MVP),8,2,1,-0.11597884372384377,1.5965721932159256,Other,foul_tip,Contact / Foul
2013,Pre-Statcast (2013 MVP Runner-Up),9,3,1,0.6046515877238845,1.4280933139155223,Other,hit_into_play,Contact / Foul
2013,Pre-Statcast (2013 MVP Runner-Up),1,1,3,-0.5194055434435481,2.7991622454664027,Other,swinging_strike,Whiff (Miss)
2013,Pre-Statcast (2013 MVP Runner-Up),9,3,1,0.47222928347041515,1.6758847651176851,Other,hit_into_play,Contact / Foul
2022,Post-Statcast (2022 MVP),1,1,3,-0.4631091862998458,2.9182516341803284,Other,foul_tip,Contact / Foul
2013,Pre-Statcast (2013 MVP Runner-Up),8,2,1,0.17928206831372057,1.3439582085334787,Other,hit_into_play,Contact / Foul
2022,Post-Statcast (2022 MVP),8,2,1,0.1568420738537022,1.6398349091624567,Other,foul_tip,Contact / Foul
2022,Post-Statcast (2022 MVP),1,1,3,-0.6627742958160503,2.9392175191177086,Other,foul,Contact / Foul
2022,Post-Statcast (2022 MVP),9,3,1,0.507097080395718,1.594770216058558,Other,hit_into_play,Contact / Foul
2013,Pre-Statcast (2013 MVP Runner-Up),4,1,2,-0.45851454362163574,2.0103459569553346,Other,hit_into_play,Contact / Foul
2022,Post-Statcast (2022 MVP),4,1,2,-0.5900072923903031,2.1784045722586627,Other,hit_into_play,Contact / Foul
2022,Post-Statcast (2022 MVP),7,1,1,-0.5504438558158397,1.3425288916998448,Other,hit_into_play,Contact / Foul
2022,Post-Statcast (2022 MVP),1,1,3,-0.38092579158743856,3.032512723484144,Other,hit_into_play,Contact / Foul
2022,Post-Statcast (2022 MVP),8,2,1,-0.1824593356357993,1.6593126435623413,Other,hit_into_play,Contact / Foul
2022,Post-Statcast (2022 MVP),9,3,1,0.5236375318613986,1.4935040630512764,Other,foul,Contact / Foul
2013,Pre-Statcast (2013 MVP Runner-Up),8,2,1,-0.08839744163129733,1.4193996644761175,Other,foul,Contact / Foul
2013,Pre-Statcast (2013 MVP Runner-Up),8,2,1,-0.02058514693492569,1.666846030672691,Other,swinging_strike,Whiff (Miss)
2022,Post-Statcast (2022 MVP),8,2,1,-0.1796578235219093,1.6729527462284763,Other,foul_tip,Contact / Foul
2013,Pre-Statcast (2013 MVP Runner-Up),5,2,2,0.047818746817811814,2.37726765442314,Other,foul,Contact / Foul
2013,Pre-Statcast (2013 MVP Runner-Up),5,2,2,-0.1678738717682204,2.131426235593383,Other,foul_tip,Contact / Foul
2022,Post-Statcast (2022 MVP),3,3,3,0.6093841934602497,3.001263120396427,Other,hit_into_play,Contact / Foul
2013,Pre-Statcast (2013 MVP Runner-Up),2,2,3,-0.04168566128349821,2.968676089183988,Other,foul,Contact / Foul
2013,Pre-Statcast (2013 MVP Runner-Up),1,1,3,-0.5460930753302,2.938355371344451,Other,foul,Contact / Foul
2022,Post-Statcast (2022 MVP),8,2,1,-0.10246913445324655,1.3159508993701676,Other,foul,Contact / Foul
2013,Pre-Statcast (2013 MVP Runner-Up),5,2,2,-0.15393065093448072,2.0083426236098996,Other,swinging_strike,Whiff (Miss)
2013,Pre-Statcast (2013 MVP Runner-Up),8,2,1,-0.08381893920282578,1.4150521366456559,Other,foul_tip,Contact / Foul
2013,Pre-Statcast (2013 MVP Runner-Up),4,1,2,-0.37457358610481095,2.220038643588713,Other,foul,Contact / Foul
2013,Pre-Statcast (2013 MVP Runner-Up),3,3,3,0.5873383661995955,2.8535913869571,Other,foul,Contact / Foul
2013,Pre-Statcast (2013 MVP Runner-Up),3,3,3,0.5825676566778208,2.725691540285551,Other,foul,Contact / Foul
2022,Post-Statcast (2022 MVP),5,2,2,-0.18901980404089191,2.019860417136274,Other,swinging_strike,Whiff (Miss)
2022,Post-Statcast (2022 MVP),1,1,3,-0.4549288390746812,2.9252881168830633,Other,foul_tip,Contact / Foul
2013,Pre-Statcast (2013 MVP Runner-Up),8,2,1,0.0010081884953558329,1.6580473479265017,Other,foul_tip,Contact / Foul
2013,Pre-Statcast (2013 MVP Runner-Up),9,3,1,0.6135561127480891,1.3617107562412478,Other,swinging_strike,Whiff (Miss)
2022,Post-Statcast (2022 MVP),1,1,3,-0.39295283690065397,2.7107664434701335,Other,foul_tip,Contact / Foul
2013,Pre-Statcast (2013 MVP Runner-Up),4,1,2,-0.4178353480296585,2.1661961371741416,Other,foul,Contact / Foul
2013,Pre-Statcast (2013 MVP Runner-Up),8,2,1,-0.03723701938124663,1.6740128394384606,Other,foul,Contact / Foul
2022,Post-Statcast (2022 MVP),8,2,1,0.15651881557291158,1.3785727717376788,Other,foul_tip,Contact / Foul
2013,Pre-Statcast (2013 MVP Runner-Up),1,1,3,-0.4883542619603452,3.088431351045447,Other,hit_into_play,Contact / Foul
2022,Post-Statcast (2022 MVP),8,2,1,-0.02678998614429165,1.3067563873216566,Other,foul_tip,Contact / Foul
2013,Pre-Statcast (2013 MVP Runner-Up),1,1,3,-0.4240529471601514,2.985179589127648,Other,swinging_strike,Whiff (Miss)
2022,Post-Statcast (2022 MVP),5,2,2,0.09303379779950743,2.3876407300422744,Other,foul,Contact / Foul
2013,Pre-Statcast (2013 MVP Runner-Up),8,2,1,0.10294020932173037,1.6207979967120125,Other,hit_into_play,Contact / Foul
2022,Post-Statcast (2022 MVP),5,2,2,-0.021689891682216744,2.105318386673154,Other,foul,Contact / Foul
2022,Post-Statcast (2022 MVP),7,1,1,-0.4950821509989705,1.6372297725125977,Other,foul_tip,Contact / Foul
2022,Post-Statcast (2022 MVP),7,1,1,-0.4386507987446513,1.3410573285920608,Other,foul,Contact / Foul
2013,Pre-Statcast (2013 MVP Runner-Up),4,1,2,-0.3714315018966466,2.230498793841099,Other,hit_into_play,Contact / Foul
2013,Pre-Statcast (2013 MVP Runner-Up),6,3,2,0.3174137700667107,2.1547525286109432,Other,foul,Contact / Foul
2022,Post-Statcast (2022 MVP),8,2,1,-0.19647852148198505,1.5675753871977547,Other,foul,Contact / Foul
2013,Pre-Statcast (2013 MVP Runner-Up),1,1,3,-0.48202340775871333,2.7881762488162782,Other,foul_tip,Contact / Foul
2022,Post-Statcast (2022 MVP),7,1,1,-0.30884177697968057,1.5679377432857262,Other,foul,Contact / Foul
2022,Post-Statcast (2022 MVP),2,2,3,0.0519041275514715,2.7745547701134643,Other,foul_tip,Contact / Foul
2013,Pre-Statcast (2013 MVP Runner-Up),5,2,2,0.14111709491823005,2.2603666659525223,Other,foul_tip,Contact / Foul
2013,Pre-Statcast (2013 MVP Runner-Up),7,1,1,-0.5375629893021766,1.4814176531820684,Other,foul_tip,Contact / Foul
2022,Post-Statcast (2022 MVP),8,2,1,0.11008269618522454,1.558624463727338,Other,hit_into_play,Contact / Foul
2013,Pre-Statcast (2013 MVP Runner-Up),4,1,2,-0.6949391399336587,2.168023496336731,Other,foul,Contact / Foul
2013,Pre-Statcast (2013 MVP Runner-Up),4,1,2,-0.4188580231256924,2.1083665707904786,Other,foul,Contact / Foul
2013,Pre-Statcast (2013 MVP Runner-Up),6,3,2,0.433859738903975,2.131876302047092,Other,foul_tip,Contact / Foul
2013,Pre-Statcast (2013 MVP Runner-Up),1,1,3,-0.4755019748245548,2.986407845168961,Other,foul_tip,Contact / Foul
2022,Post-Statcast (2022 MVP),6,3,2,0.5375696271499402,2.019184150284439,Other,hit_into_play,Contact / Foul
2013,Pre-Statcast (2013 MVP Runner-Up),6,3,2,0.6870786030770979,2.2793919851247524,Other,foul,Contact / Foul
2022,Post-Statcast (2022 MVP),5,2,2,-0.021348026360882455,2.1060849762251506,Other,hit_into_play,Contact / Foul
2022,Post-Statcast (2022 MVP),7,1,1,-0.3875674011672666,1.664072594574697,Other,foul_tip,Contact / Foul
2013,Pre-Statcast (2013 MVP Runner-Up),1,1,3,-0.5162300481312629,2.7499304651412833,Other,foul,Contact / Foul
2013,Pre-Statcast (2013 MVP Runner-Up),4,1,2,-0.665927636641508,2.0992763820840468,Other,foul_tip,Contact / Foul
2013,Pre-Statcast (2013 MVP Runner-Up),1,1,3,-0.46380299502038413,2.712713071792713,Other,hit_into_play,Contact / Foul
2013,Pre-Statcast (2013 MVP Runner-Up),8,2,1,0.13118068140321348,1.4084530887991904,Other,foul_tip,Contact / Foul
2022,Post-Statcast (2022 MVP),3,3,3,0.562194091353414,2.981479215905617,Other,hit_into_play,Contact / Foul
2013,Pre-Statcast (2013 MVP Runner-Up),2,2,3,0.15365388058040358,2.8625509559328464,Other,foul_tip,Contact / Foul
2013,Pre-Statcast (2013 MVP Runner-Up),3,3,3,0.6784248134360402,2.70781278269509,Other,foul_tip,Contact / Foul
2013,Pre-Statcast (2013 MVP Runner-Up),4,1,2,-0.5152094620071423,2.0216816341506916,Other,foul_tip,Contact / Foul
2022,Post-Statcast (2022 MVP),2,2,3,0.16152010753426316,2.766210031663737,Other,swinging_strike,Whiff (Miss)
2022,Post-Statcast (2022 MVP),2,2,3,0.1941953209047177,2.9717197263693236,Other,hit_into_play,Contact / Foul
2022,Post-Statcast (2022 MVP),8,2,1,-0.014860649569755913,1.4434966408454386,Other,foul,Contact / Foul
2013,Pre-Statcast (2013 MVP Runner-Up),5,2,2,-0.1511074858581763,2.141439231853507,Other,foul_tip,Contact / Foul
2013,Pre-Statcast (2013 MVP Runner-Up),1,1,3,-0.3936662282772049,2.7513565857999045,Other,foul,Contact / Foul
2022,Post-Statcast (2022 MVP),8,2,1,0.020064071887986618,1.329152318191622,Other,foul_tip,Contact / Foul
2022,Post-Statcast (2022 MVP),6,3,2,0.34560502107369917,2.042505483322558,Other,hit_into_play,Contact / Foul
2013,Pre-Statcast (2013 MVP Runner-Up),3,3,3,0.39759377583137556,2.962423204444713,Other,hit_into_play,Contact / Foul
2013,Pre-Statcast (2013 MVP Runner-Up),3,3,3,0.5462059663805522,2.8203799498262256,Other,foul_tip,Contact / Foul
2022,Post-Statcast (2022 MVP),5,2,2,0.1377136345750603,2.129435524521935,Other,hit_into_play,Contact / Foul
2022,Post-Statcast (2022 MVP),8,2,1,-0.19011770811278847,1.5067471290293606,Other,foul,Contact / Foul
2022,Post-Statcast (2022 MVP),4,1,2,-0.6406704810523602,2.2844629593140446,Other,foul,Contact / Foul
2022,Post-Statcast (2022 MVP),1,1,3,-0.6586828290633503,2.7358475367841546,Other,foul_tip,Contact / Foul
2013,Pre-Statcast (2013 MVP Runner-Up),8,2,1,-0.016134587192165373,1.5132508258292885,Other,foul_tip,Contact / Foul
2022,Post-Statcast (2022 MVP),9,3,1,0.6009532604143513,1.3372759863204984,Other,foul_tip,Contact / Foul
2013,Pre-Statcast (2013 MVP Runner-Up),5,2,2,0.046260885620462544,2.375621226285462,Other,foul,Contact / Foul
2022,Post-Statcast (2022 MVP),4,1,2,-0.44108863981036794,2.1995566439985996,Other,foul_tip,Contact / Foul
2013,Pre-Statcast (2013 MVP Runner-Up),6,3,2,0.37233838686747867,2.277138256344491,Other,foul_tip,Contact / Foul
2022,Post-Statcast (2022 MVP),5,2,2,0.008255159331294337,2.2494424384747522,Other,swinging_strike,Whiff (Miss)
2022,Post-Statcast (2022 MVP),9,3,1,0.3521315363108657,1.5413898603298841,Other,hit_into_play,Contact / Foul
2022,Post-Statcast (2022 MVP),4,1,2,-0.36960120177898687,2.2286143850469835,Other,hit_into_play,Contact / Foul
2022,Post-Statcast (2022 MVP),5,2,2,0.03379486233685047,2.002939029072266,Other,swinging_strike,Whiff (Miss)
2022,Post-Statcast (2022 MVP),1,1,3,-0.3724137727982166,3.018262734398381,Other,foul,Contact / Foul
2013,Pre-Statcast (2013 MVP Runner-Up),2,2,3,0.03300382659591761,2.7592375142269927,Other,hit_into_play,Contact / Foul
2013,Pre-Statcast (2013 MVP Runner-Up),2,2,3,0.009113086212783561,3.0738825030945702,Other,hit_into_play,Contact / Foul
2013,Pre-Statcast (2013 MVP Runner-Up),2,2,3,-0.0932777161622112,3.0149498036541877,Other,hit_into_play,Contact / Foul
2022,Post-Statcast (2022 MVP),8,2,1,-0.0820086122747235,1.553618267607914,Other,foul,Contact / Foul
2022,Post-Statcast (2022 MVP),5,2,2,-0.10496828243347714,2.2982999279356546,Other,foul,Contact / Foul
2022,Post-Statcast (2022 MVP),6,3,2,0.5334298478970322,2.377720393600031,Other,hit_into_play,Contact / Foul
2013,Pre-Statcast (2013 MVP Runner-Up),7,1,1,-0.5010518907809964,1.3360196380175138,Other,foul,Contact / Foul
2022,Post-Statcast (2022 MVP),9,3,1,0.47259873009337255,1.4682736080002112,Other,hit_into_play,Contact / Foul
2022,Post-Statcast (2022 MVP),9,3,1,0.3156146254472513,1.6135472939355073,Other,foul_tip,Contact / Foul
2013,Pre-Statcast (2013 MVP Runner-Up),6,3,2,0.6242052873430528,2.387024494545225,Other,swinging_strike,Whiff (Miss)
2022,Post-Statcast (2022 MVP),3,3,3,0.5358295671046053,2.8536127637372477,Other,foul,Contact / Foul
2022,Post-Statcast (2022 MVP),5,2,2,-0.15499246294962649,2.059856927836537,Other,foul_tip,Contact / Foul
2022,Post-Statcast (2022 MVP),5,2,2,-0.08984857671318416,2.3581931900277002,Other,swinging_strike,Whiff (Miss)
2013,Pre-Statcast (2013 MVP Runner-Up),5,2,2,-0.17116980136313686,2.3447057448090356,Other,swinging_strike,Whiff (Miss)
2022,Post-Statcast (2022 MVP),2,2,3,-0.03374782589035524,3.0359567208404887,Other,foul,Contact / Foul
2013,Pre-Statcast (2013 MVP Runner-Up),8,2,1,0.025564474039485363,1.5235188795995065,Other,foul_tip,Contact / Foul
2013,Pre-Statcast (2013 MVP Runner-Up),9,3,1,0.3818052571911575,1.6660505838374227,Other,foul_tip,Contact / Foul
2022,Post-Statcast (2022 MVP),5,2,2,-0.11164189982519518,2.2262200984481284,Other,foul,Contact / Foul
2022,Post-Statcast (2022 MVP),1,1,3,-0.5743266875218235,3.085829849237917,Other,foul,Contact / Foul
2022,Post-Statcast (2022 MVP),6,3,2,0.6404983602708698,2.356116804617313,Other,swinging_strike,Whiff (Miss)
2022,Post-Statcast (2022 MVP),6,3,2,0.3357199288077757,2.1421133584479333,Other,foul_tip,Contact / Foul
2022,Post-Statcast (2022 MVP),1,1,3,-0.39106310701502717,2.9354359826160583,Other,foul_tip,Contact / Foul
2022,Post-Statcast (2022 MVP),6,3,2,0.616850862018357,2.1500769730703357,Other,foul_tip,Contact / Foul
2022,Post-Statcast (2022 MVP),9,3,1,0.3677931567252409,1.3144244532577396,Other,hit_into_play,Contact / Foul
2013,Pre-Statcast (2013 MVP Runner-Up),8,2,1,-0.010163914365975801,1.6868282784688204,Other,foul_tip,Contact / Foul
2013,Pre-Statcast (2013 MVP Runner-Up),5,2,2,-0.13274691678172537,2.2041933138168597,Other,swinging_strike,Whiff (Miss)
2022,Post-Statcast (2022 MVP),4,1,2,-0.3820615022792519,2.395761446304614,Other,foul_tip,Contact / Foul
2013,Pre-Statcast (2013 MVP Runner-Up),6,3,2,0.6615897352549833,2.077606470489028,Other,foul_tip,Contact / Foul
2022,Post-Statcast (2022 MVP),8,2,1,-0.19736092537094066,1.652813697275425,Other,swinging_strike,Whiff (Miss)
2013,Pre-Statcast (2013 MVP Runner-Up),8,2,1,-0.013842003623228238,1.3638867300910253,Other,foul_tip,Contact / Foul
2013,Pre-Statcast (2013 MVP Runner-Up),4,1,2,-0.41608686995989635,2.124300055357334,Other,hit_into_play,Contact / Foul
2013,Pre-Statcast (2013 MVP Runner-Up),5,2,2,-0.0593415257227404,2.231167407355942,Other,hit_into_play,Contact / Foul
2022,Post-Statcast (2022 MVP),7,1,1,-0.3557169815483368,1.5847497425580581,Other,foul_tip,Contact / Foul
2013,Pre-Statcast (2013 MVP Runner-Up),5,2,2,-0.04169332125626682,2.1241098247343446,Other,swinging_strike,Whiff (Miss)
2013,Pre-Statcast (2013 MVP Runner-Up),4,1,2,-0.6647760828896846,2.1009595403768833,Other,hit_into_play,Contact / Foul
2022,Post-Statcast (2022 MVP),8,2,1,0.09676388282572052,1.5314525739680231,Other,swinging_strike,Whiff (Miss)
2022,Post-Statcast (2022 MVP),5,2,2,0.06063493314238544,2.20531249350325,Other,swinging_strike,Whiff (Miss)
2013,Pre-Statcast (2013 MVP Runner-Up),5,2,2,0.04283040297640617,2.16567349515309,Other,hit_into_play,Contact / Foul
2022,Post-Statcast (2022 MVP),8,2,1,-0.11247235309638866,1.495056859349459,Other,hit_into_play,Contact / Foul
2013,Pre-Statcast (2013 MVP Runner-Up),3,3,3,0.5367571102511643,2.965199902734464,Other,hit_into_play,Contact / Foul
2022,Post-Statcast (2022 MVP),2,2,3,-0.1990107659432061,3.009654116175077,Other,foul_tip,Contact / Foul
2022,Post-Statcast (2022 MVP),4,1,2,-0.6068009032561028,2.1385694790957626,Other,foul_tip,Contact / Foul
2013,Pre-Statcast (2013 MVP Runner-Up),6,3,2,0.5136044598793045,2.123787158625116,Other,foul,Contact / Foul
2013,Pre-Statcast (2013 MVP Runner-Up),8,2,1,-0.12547534723100445,1.5996012805763822,Other,foul,Contact / Foul
2013,Pre-Statcast (2013 MVP Runner-Up),6,3,2,0.6956490809184495,2.2172122790616746,Other,foul,Contact / Foul
2013,Pre-Statcast (2013 MVP Runner-Up),9,3,1,0.3963875329254033,1.547912336964774,Other,foul,Contact / Foul
2013,Pre-Statcast (2013 MVP Runner-Up),5,2,2,-0.17904039285552942,2.29668722278166,Other,foul_tip,Contact / Foul
2022,Post-Statcast (2022 MVP),1,1,3,-0.5495778790703412,3.026597806173165,Other,foul,Contact / Foul
2022,Post-Statcast (2022 MVP),9,3,1,0.454184753096739,1.3434280455606062,Other,hit_into_play,Contact / Foul
2013,Pre-Statcast (2013 MVP Runner-Up),4,1,2,-0.6817937196067126,2.0218104080955954,Other,foul,Contact / Foul
2022,Post-Statcast (2022 MVP),5,2,2,-0.0946396761350564,2.334831500853783,Other,foul_tip,Contact / Foul
2022,Post-Statcast (2022 MVP),8,2,1,-0.07285639785112422,1.387984806171023,Other,hit_into_play,Contact / Foul
2013,Pre-Statcast (2013 MVP Runner-Up),5,2,2,-0.18307909537488345,2.0074966146342583,Other,swinging_strike,Whiff (Miss)
2013,Pre-Statcast (2013 MVP Runner-Up),2,2,3,-0.18236529528038,2.8334226154420348,Other,hit_into_play,Contact / Foul
2022,Post-Statcast (2022 MVP),2,2,3,-0.16017010323351766,3.0135559047362266,Other,swinging_strike,Whiff (Miss)
2022,Post-Statcast (2022 MVP),6,3,2,0.30188540056959756,2.1094111448806,Other,hit_into_play,Contact / Foul
2022,Post-Statcast (2022 MVP),8,2,1,0.19865243304173552,1.629475360370081,Other,foul_tip,Contact / Foul
2022,Post-Statcast (2022 MVP),7,1,1,-0.6447279977418617,1.5410097798705527,Other,foul_tip,Contact / Foul
2013,Pre-Statcast (2013 MVP Runner-Up),6,3,2,0.4693019035791959,2.3104690530541587,Other,hit_into_play,Contact / Foul
2022,Post-Statcast (2022 MVP),2,2,3,-0.06083014502529824,3.038207121067823,Other,foul_tip,Contact / Foul
2022,Post-Statcast (2022 MVP),2,2,3,-0.024372038646666816,3.097583073727446,Other,hit_into_play,Contact / Foul
2013,Pre-Statcast (2013 MVP Runner-Up),8,2,1,-0.13872577412432832,1.5990939348603426,Other,foul_tip,Contact / Foul
2022,Post-Statcast (2022 MVP),4,1,2,-0.5570268429313834,2.233595567940491,Other,hit_into_play,Contact / Foul
2013,Pre-Statcast (2013 MVP Runner-Up),4,1,2,-0.57272946910648,2.189190500096166,Other,swinging_strike,Whiff (Miss)
2013,Pre-Statcast (2013 MVP Runner-Up),9,3,1,0.3062632380767738,1.3828632461638335,Other,swinging_strike,Whiff (Miss)
2022,Post-Statcast (2022 MVP),4,1,2,-0.6477139049824088,2.3294693660753425,Other,foul,Contact / Foul
2013,Pre-Statcast (2013 MVP Runner-Up),1,1,3,-0.5946443796995637,2.9002344452201188,Other,hit_into_play,Contact / Foul
2013,Pre-Statcast (2013 MVP Runner-Up),5,2,2,-0.07115527210146957,2.059333530264146,Other,hit_into_play,Contact / Foul
2013,Pre-Statcast (2013 MVP Runner-Up),5,2,2,0.04542931221418592,2.2570796655319327,Other,hit_into_play,Contact / Foul
2022,Post-Statcast (2022 MVP),2,2,3,0.11004521114559823,3.0293131231990262,Other,foul,Contact / Foul
2022,Post-Statcast (2022 MVP),8,2,1,-0.18179325848554964,1.639300495602457,Other,foul,Contact / Foul
2013,Pre-Statcast (2013 MVP Runner-Up),5,2,2,0.05071967160319513,2.3549754731637296,Other,foul,Contact / Foul
2013,Pre-Statcast (2013 MVP Runner-Up),9,3,1,0.5206574243645028,1.304740387251157,Other,foul_tip,Contact / Foul
2022,Post-Statcast (2022 MVP),1,1,3,-0.3153088537280118,2.7464277351835893,Other,swinging_strike,Whiff (Miss)
2013,Pre-Statcast (2013 MVP Runner-Up),5,2,2,-0.09115886258151243,2.2647754771233046,Other,foul,Contact / Foul
2013,Pre-Statcast (2013 MVP Runner-Up),3,3,3,0.3603322632052346,2.8532141169725347,Other,hit_into_play,Contact / Foul
2013,Pre-Statcast (2013 MVP Runner-Up),2,2,3,-0.1028011030417102,2.889189177177837,Other,foul,Contact / Foul
2022,Post-Statcast (2022 MVP),6,3,2,0.4652429016055523,2.348339658541202,Other,hit_into_play,Contact / Foul
2013,Pre-Statcast (2013 MVP Runner-Up),9,3,1,0.3134305103017123,1.539113958692621,Other,foul_tip,Contact / Foul
2022,Post-Statcast (2022 MVP),4,1,2,-0.6861402225073976,2.2476706195383587,Other,hit_into_play,Contact / Foul
2022,Post-Statcast (2022 MVP),6,3,2,0.46135739215918015,2.3861311360520134,Other,foul,Contact / Foul
2013,Pre-Statcast (2013 MVP Runner-Up),5,2,2,-0.040507926297218694,2.291845003053802,Other,foul,Contact / Foul
2022,Post-Statcast (2022 MVP),5,2,2,-0.041761775058458295,2.040412868072275,Other,foul,Contact / Foul
2013,Pre-Statcast (2013 MVP Runner-Up),1,1,3,-0.623084563897336,2.7278220595294957,Other,foul_tip,Contact / Foul
2013,Pre-Statcast (2013 MVP Runner-Up),5,2,2,-0.027920269670550668,2.3172384372406585,Other,hit_into_play,Contact / Foul
2022,Post-Statcast (2022 MVP),4,1,2,-0.3565243963511929,2.0049152292148813,Other,hit_into_play,Contact / Foul
2022,Post-Statcast (2022 MVP),5,2,2,0.0066005673026709455,2.149564083877258,Other,swinging_strike,Whiff (Miss)
2022,Post-Statcast (2022 MVP),4,1,2,-0.6638970492596389,2.0930493432332957,Other,swinging_strike,Whiff (Miss)
2013,Pre-Statcast (2013 MVP Runner-Up),3,3,3,0.6570639304845467,3.044176226169008,Other,hit_into_play,Contact / Foul
2022,Post-Statcast (2022 MVP),8,2,1,0.19338132942515268,1.3297875976174371,Other,hit_into_play,Contact / Foul
2022,Post-Statcast (2022 MVP),9,3,1,0.54033548576448,1.6178464281041804,Other,hit_into_play,Contact / Foul
2013,Pre-Statcast (2013 MVP Runner-Up),6,3,2,0.45496662380924635,2.309785915429494,Other,foul_tip,Contact / Foul
2022,Post-Statcast (2022 MVP),3,3,3,0.33297112476985835,2.9146259264280054,Other,foul_tip,Contact / Foul
2013,Pre-Statcast (2013 MVP Runner-Up),8,2,1,0.19445489923291076,1.48882848033826,Other,swinging_strike,Whiff (Miss)
2022,Post-Statcast (2022 MVP),1,1,3,-0.6172530695166742,2.893170399511755,Other,swinging_strike,Whiff (Miss)
2022,Post-Statcast (2022 MVP),8,2,1,-0.1782927716434236,1.6176859147903562,Other,foul_tip,Contact / Foul
2022,Post-Statcast (2022 MVP),7,1,1,-0.544445335156931,1.5043689214715574,Other,foul_tip,Contact / Foul
2022,Post-Statcast (2022 MVP),5,2,2,0.17947741281052937,2.3167370099999487,Other,foul,Contact / Foul
2022,Post-Statcast (2022 MVP),3,3,3,0.5923053527055884,2.740970868179802,Other,foul,Contact / Foul
2013,Pre-Statcast (2013 MVP Runner-Up),2,2,3,-0.09551392144391593,2.9322358934954824,Other,swinging_strike,Whiff (Miss)
2013,Pre-Statcast (2013 MVP Runner-Up),6,3,2,0.3273145033983024,2.1768832255345143,Other,foul,Contact / Foul
2022,Post-Statcast (2022 MVP),6,3,2,0.36671149168329403,2.053004630494624,Other,swinging_strike,Whiff (Miss)
2013,Pre-Statcast (2013 MVP Runner-Up),2,2,3,0.17060722942373335,3.014051742717648,Other,foul,Contact / Foul
2013,Pre-Statcast (2013 MVP Runner-Up),5,2,2,-0.09721196617469507,2.329875925016963,Other,foul,Contact / Foul
2013,Pre-Statcast (2013 MVP Runner-Up),9,3,1,0.6477895406098152,1.4331857243275286,Other,hit_into_play,Contact / Foul
2022,Post-Statcast (2022 MVP),8,2,1,0.008242514932681522,1.614503295734943,Other,hit_into_play,Contact / Foul
2022,Post-Statcast (2022 MVP),9,3,1,0.46791800506864245,1.3598244774505823,Other,hit_into_play,Contact / Foul
2013,Pre-Statcast (2013 MVP Runner-Up),4,1,2,-0.4779295153672557,2.0961295744496864,Other,foul,Contact / Foul
2013,Pre-Statcast (2013 MVP Runner-Up),6,3,2,0.44459687324987573,2.089696646098383,Other,swinging_strike,Whiff (Miss)
2013,Pre-Statcast (2013 MVP Runner-Up),9,3,1,0.35767662451343074,1.6282762965938788,Other,swinging_strike,Whiff (Miss)
2022,Post-Statcast (2022 MVP),6,3,2,0.5737652543428675,2.1926953675265226,Other,foul,Contact / Foul
2013,Pre-Statcast (2013 MVP Runner-Up),6,3,2,0.5181897589378548,2.1284845712858376,Other,hit_into_play,Contact / Foul
2013,Pre-Statcast (2013 MVP Runner-Up),6,3,2,0.42681106818419273,2.0296660079061226,Other,swinging_strike,Whiff (Miss)
2013,Pre-Statcast (2013 MVP Runner-Up),4,1,2,-0.5299444135583153,2.2178249514842316,Other,foul_tip,Contact / Foul
2022,Post-Statcast (2022 MVP),9,3,1,0.5726378693006051,1.6586095290983514,Other,swinging_strike,Whiff (Miss)
2013,Pre-Statcast (2013 MVP Runner-Up),6,3,2,0.6325563225870166,2.2072408531696066,Other,swinging_strike,Whiff (Miss)
2022,Post-Statcast (2022 MVP),5,2,2,-0.08203655475354794,2.127486763182663,Other,hit_into_play,Contact / Foul
2013,Pre-Statcast (2013 MVP Runner-Up),3,3,3,0.659124538959678,2.8952917910200995,Other,foul,Contact / Foul
2022,Post-Statcast (2022 MVP),5,2,2,-0.13400112209523435,2.355901308161618,Other,hit_into_play,Contact / Foul
2013,Pre-Statcast (2013 MVP Runner-Up),2,2,3,-0.09955149917204237,3.0632636184874285,Other,hit_into_play,Contact / Foul
2022,Post-Statcast (2022 MVP),6,3,2,0.570699256670844,2.250674771468649,Other,hit_into_play,Contact / Foul
2022,Post-Statcast (2022 MVP),4,1,2,-0.43771868223139854,2.0898061255270304,Other,hit_into_play,Contact / Foul
2013,Pre-Statcast (2013 MVP Runner-Up),4,1,2,-0.6840556863265548,2.172811465664309,Other,foul,Contact / Foul
2013,Pre-Statcast (2013 MVP Runner-Up),7,1,1,-0.5749140316550908,1.6052485500554514,Other,foul,Contact / Foul
2013,Pre-Statcast (2013 MVP Runner-Up),5,2,2,-0.005346898654299659,2.26685302349454,Other,hit_into_play,Contact / Foul
2013,Pre-Statcast (2013 MVP Runner-Up),4,1,2,-0.5640499027542818,2.3150869623057178,Other,foul,Contact / Foul
2013,Pre-Statcast (2013 MVP Runner-Up),5,2,2,0.15523640879539718,2.1655254284707657,Other,foul,Contact / Foul
2022,Post-Statcast (2022 MVP),2,2,3,0.054200656823454096,2.9773731706117417,Other,foul_tip,Contact / Foul
2013,Pre-Statcast (2013 MVP Runner-Up),5,2,2,-0.16011532090320865,2.364176671078587,Other,hit_into_play,Contact / Foul
2013,Pre-Statcast (2013 MVP Runner-Up),9,3,1,0.44828196857250335,1.46557206823145,Other,foul_tip,Contact / Foul
2013,Pre-Statcast (2013 MVP Runner-Up),8,2,1,0.16645215434025412,1.4180150400624987,Other,foul_tip,Contact / Foul
2022,Post-Statcast (2022 MVP),2,2,3,-0.13021870687034642,2.7640542844861433,Other,foul_tip,Contact / Foul
2022,Post-Statcast (2022 MVP),2,2,3,-0.09984428858035646,2.848737507058706,Other,swinging_strike,Whiff (Miss)
2022,Post-Statcast (2022 MVP),3,3,3,0.3610721775217882,2.733438829511126,Other,hit_into_play,Contact / Foul
2013,Pre-Statcast (2013 MVP Runner-Up),2,2,3,0.09979104445741571,3.0703055290278223,Other,hit_into_play,Contact / Foul
2013,Pre-Statcast (2013 MVP Runner-Up),8,2,1,-0.009018360604042819,1.6743301548005554,Other,hit_into_play,Contact / Foul
2022,Post-Statcast (2022 MVP),8,2,1,0.18346356877180153,1.3674558043623921,Other,foul,Contact / Foul
2013,Pre-Statcast (2013 MVP Runner-Up),6,3,2,0.42623832801989014,2.124030353174757,Other,foul,Contact / Foul
2013,Pre-Statcast (2013 MVP Runner-Up),2,2,3,-0.05828097336417848,2.8644409104198947,Other,foul_tip,Contact / Foul
2013,Pre-Statcast (2013 MVP Runner-Up),5,2,2,-0.0672021184274545,2.040145840865941,Other,foul,Contact / Foul
2013,Pre-Statcast (2013 MVP Runner-Up),3,3,3,0.4241677857179661,3.0226251578305057,Other,hit_into_play,Contact / Foul
2013,Pre-Statcast (2013 MVP Runner-Up),6,3,2,0.40668827832087306,2.033044602653627,Other,foul,Contact / Foul
2022,Post-Statcast (2022 MVP),8,2,1,0.09023570293365613,1.4948761640534993,Other,foul,Contact / Foul
2013,Pre-Statcast (2013 MVP Runner-Up),3,3,3,0.42556625802334386,3.0392061118025335,Other,foul_tip,Contact / Foul
2022,Post-Statcast (2022 MVP),9,3,1,0.386637367156754,1.5426103591703648,Other,foul,Contact / Foul
2022,Post-Statcast (2022 MVP),2,2,3,-0.08426670261402257,2.8069372265112316,Other,foul_tip,Contact / Foul
2022,Post-Statcast (2022 MVP),2,2,3,0.01681735164705192,3.002714496974976,Other,foul_tip,Contact / Foul
2013,Pre-Statcast (2013 MVP Runner-Up),8,2,1,0.198868721235404,1.4587978297113198,Other,foul,Contact / Foul
2013,Pre-Statcast (2013 MVP Runner-Up),8,2,1,0.12735098405222495,1.6818435453565845,Other,hit_into_play,Contact / Foul
2022,Post-Statcast (2022 MVP),4,1,2,-0.40076862111651634,2.0999410512886207,Other,foul,Contact / Foul
2013,Pre-Statcast (2013 MVP Runner-Up),9,3,1,0.5015583395763739,1.4157053805415676,Other,foul_tip,Contact / Foul
2022,Post-Statcast (2022 MVP),4,1,2,-0.5959332829115105,2.396270648163163,Other,hit_into_play,Contact / Foul
2013,Pre-Statcast (2013 MVP Runner-Up),9,3,1,0.6780752444803593,1.5672862173572613,Other,hit_into_play,Contact / Foul
2013,Pre-Statcast (2013 MVP Runner-Up),6,3,2,0.39677525376839734,2.057430736098504,Other,foul,Contact / Foul
2013,Pre-Statcast (2013 MVP Runner-Up),6,3,2,0.35507804313141067,2.146779979461533,Other,foul,Contact / Foul
2022,Post-Statcast (2022 MVP),5,2,2,0.060387825245390936,2.274864161686846,Other,hit_into_play,Contact / Foul
2013,Pre-Statcast (2013 MVP Runner-Up),7,1,1,-0.32442057321784984,1.6019860689171175,Other,swinging_strike,Whiff (Miss)
2013,Pre-Statcast (2013 MVP Runner-Up),3,3,3,0.36550632406687966,2.8244155678394396,Other,swinging_strike,Whiff (Miss)
2013,Pre-Statcast (2013 MVP Runner-Up),2,2,3,0.0037622702112149464,2.971807247344105,Other,swinging_strike,Whiff (Miss)
2022,Post-Statcast (2022 MVP),8,2,1,0.1857159292504123,1.4176710887217967,Other,hit_into_play,Contact / Foul
2013,Pre-Statcast (2013 MVP Runner-Up),5,2,2,0.08146850535306543,2.2001049386224856,Other,swinging_strike,Whiff (Miss)
2013,Pre-Statcast (2013 MVP Runner-Up),5,2,2,0.1490316930428363,2.1774714206646824,Other,foul_tip,Contact / Foul
2013,Pre-Statcast (2013 MVP Runner-Up),6,3,2,0.5299602033905706,2.0501307129036777,Other,swinging_strike,Whiff (Miss)
2022,Post-Statcast (2022 MVP),6,3,2,0.3463159305357204,2.177725715578359,Other,hit_into_play,Contact / Foul
2013,Pre-Statcast (2013 MVP Runner-Up),5,2,2,0.13806206453134323,2.3898186408502835,Other,foul_tip,Contact / Foul
2022,Post-Statcast (2022 MVP),3,3,3,0.30322502760767067,2.8374296600136426,Other,hit_into_play,Contact / Foul
2022,Post-Statcast (2022 MVP),8,2,1,-0.13304207631460202,1.6825104825893598,Other,foul_tip,Contact / Foul
2022,Post-Statcast (2022 MVP),3,3,3,0.4258014672728677,2.755932075523693,Other,foul,Contact / Foul
2022,Post-Statcast (2022 MVP),4,1,2,-0.6451055931471741,2.079783122666635,Other,foul_tip,Contact / Foul
2013,Pre-Statcast (2013 MVP Runner-Up),4,1,2,-0.35961886547501637,2.0727359428630767,Other,hit_into_play,Contact / Foul
2022,Post-Statcast (2022 MVP),9,3,1,0.5550490826923252,1.6514035931812145,Other,foul_tip,Contact / Foul
2022,Post-Statcast (2022 MVP),8,2,1,0.005816509257188407,1.4123238033399494,Other,swinging_strike,Whiff (Miss)
2013,Pre-Statcast (2013 MVP Runner-Up),7,1,1,-0.5783501828770129,1.36478678382236,Other,foul_tip,Contact / Foul
2013,Pre-Statcast (2013 MVP Runner-Up),8,2,1,-0.00865160666263956,1.4507299104742784,Other,hit_into_play,Contact / Foul
2013,Pre-Statcast (2013 MVP Runner-Up),6,3,2,0.6205036896606191,2.055359413841373,Other,foul,Contact / Foul
2013,Pre-Statcast (2013 MVP Runner-Up),5,2,2,0.16067848496986187,2.257930723901611,Other,hit_into_play,Contact / Foul
2022,Post-Statcast (2022 MVP),1,1,3,-0.4499865248924421,2.937522559215631,Other,hit_into_play,Contact / Foul
2022,Post-Statcast (2022 MVP),4,1,2,-0.6247065340378974,2.3952024841618575,Other,swinging_strike,Whiff (Miss)
2022,Post-Statcast (2022 MVP),6,3,2,0.6984555658739322,2.1960714738346665,Other,hit_into_play,Contact / Foul
2013,Pre-Statcast (2013 MVP Runner-Up),7,1,1,-0.510502339841924,1.4827954237131495,Other,swinging_strike,Whiff (Miss)
2013,Pre-Statcast (2013 MVP Runner-Up),9,3,1,0.563713736795945,1.306292706747688,Other,foul_tip,Contact / Foul
2022,Post-Statcast (2022 MVP),7,1,1,-0.6137641982524216,1.6298216574830424,Other,hit_into_play,Contact / Foul
2013,Pre-Statcast (2013 MVP Runner-Up),3,3,3,0.47195525999593385,2.9319939124782723,Other,foul_tip,Contact / Foul
2013,Pre-Statcast (2013 MVP Runner-Up),4,1,2,-0.6024546243236176,2.185883386641293,Other,foul_tip,Contact / Foul
2013,Pre-Statcast (2013 MVP Runner-Up),4,1,2,-0.6274043411107496,2.234131850111142,Other,foul_tip,Contact / Foul
2013,Pre-Statcast (2013 MVP Runner-Up),6,3,2,0.6104761598813687,2.1830718309789416,Other,foul,Contact / Foul
2022,Post-Statcast (2022 MVP),5,2,2,0.10961236007756986,2.1283473261279466,Other,foul_tip,Contact / Foul
2013,Pre-Statcast (2013 MVP Runner-Up),5,2,2,-0.10257244113439055,2.0503695541232174,Other,foul_tip,Contact / Foul
2013,Pre-Statcast (2013 MVP Runner-Up),4,1,2,-0.30398749581328083,2.1221520977277444,Other,foul_tip,Contact / Foul
2013,Pre-Statcast (2013 MVP Runner-Up),9,3,1,0.3677062843440727,1.5881254123048376,Other,foul,Contact / Foul
2013,Pre-Statcast (2013 MVP Runner-Up),2,2,3,-0.10842328647553826,3.0621680052024507,Other,foul,Contact / Foul
2013,Pre-Statcast (2013 MVP Runner-Up),4,1,2,-0.3152355591228653,2.3343834455624726,Other,foul_tip,Contact / Foul
2022,Post-Statcast (2022 MVP),2,2,3,0.10458943499194279,2.9704938214799776,Other,foul,Contact / Foul
2013,Pre-Statcast (2013 MVP Runner-Up),4,1,2,-0.5106958044961901,2.212368772458307,Other,foul,Contact / Foul
2013,Pre-Statcast (2013 MVP Runner-Up),4,1,2,-0.5895010388711837,2.3160024728012454,Other,foul,Contact / Foul
2013,Pre-Statcast (2013 MVP Runner-Up),7,1,1,-0.317339932018238,1.4931779272701677,Other,foul_tip,Contact / Foul
2013,Pre-Statcast (2013 MVP Runner-Up),5,2,2,0.09294390717569534,2.036053350298488,Other,foul,Contact / Foul
2013,Pre-Statcast (2013 MVP Runner-Up),5,2,2,0.07234203767280911,2.0547116953976396,Other,hit_into_play,Contact / Foul
2022,Post-Statcast (2022 MVP),6,3,2,0.4200779314202644,2.0679946656246146,Other,foul_tip,Contact / Foul
2013,Pre-Statcast (2013 MVP Runner-Up),5,2,2,0.18944112673116992,2.3642467814874846,Other,foul_tip,Contact / Foul
2022,Post-Statcast (2022 MVP),1,1,3,-0.49155818769460047,2.974126396717822,Other,hit_into_play,Contact / Foul
2022,Post-Statcast (2022 MVP),3,3,3,0.613520639830567,3.0175112126906853,Other,hit_into_play,Contact / Foul
2022,Post-Statcast (2022 MVP),9,3,1,0.5869210833816382,1.347332089129417,Other,hit_into_play,Contact / Foul
2022,Post-Statcast (2022 MVP),2,2,3,0.07977654860982941,2.7936575365937673,Other,swinging_strike,Whiff (Miss)
2013,Pre-Statcast (2013 MVP Runner-Up),6,3,2,0.696394409058755,2.20962742126807,Other,foul_tip,Contact / Foul
2022,Post-Statcast (2022 MVP),4,1,2,-0.4978288944556897,2.254886272013077,Other,foul,Contact / Foul
2022,Post-Statcast (2022 MVP),1,1,3,-0.4308089390417838,2.755671649078536,Other,foul,Contact / Foul
2022,Post-Statcast (2022 MVP),3,3,3,0.3954549552735863,2.7977919014877455,Other,swinging_strike,Whiff (Miss)
2013,Pre-Statcast (2013 MVP Runner-Up),4,1,2,-0.6589649412848957,2.0049061613502035,Other,foul,Contact / Foul
2022,Post-Statcast (2022 MVP),8,2,1,0.021409675105711568,1.5220278982561048,Other,hit_into_play,Contact / Foul
2013,Pre-Statcast (2013 MVP Runner-Up),1,1,3,-0.4083492808198603,2.7653609975047706,Other,foul,Contact / Foul
2022,Post-Statcast (2022 MVP),9,3,1,0.4358643053806982,1.6102395220364583,Other,swinging_strike,Whiff (Miss)
2022,Post-Statcast (2022 MVP),2,2,3,-0.08091642595884255,3.0997250677115624,Other,foul,Contact / Foul
2022,Post-Statcast (2022 MVP),8,2,1,-0.048592593177268606,1.5350715299050108,Other,swinging_strike,Whiff (Miss)
2022,Post-Statcast (2022 MVP),5,2,2,-0.11271637837082743,2.120858036509741,Other,swinging_strike,Whiff (Miss)
2013,Pre-Statcast (2013 MVP Runner-Up),3,3,3,0.31610325501630665,2.7124119995522844,Other,swinging_strike,Whiff (Miss)
2013,Pre-Statcast (2013 MVP Runner-Up),3,3,3,0.47433439041865466,2.7116099279786856,Other,foul,Contact / Foul
2013,Pre-Statcast (2013 MVP Runner-Up),2,2,3,-0.038489779472689,3.076638450891635,Other,foul_tip,Contact / Foul
2022,Post-Statcast (2022 MVP),8,2,1,0.013282328865917264,1.5507732303901667,Other,hit_into_play,Contact / Foul
2022,Post-Statcast (2022 MVP),5,2,2,-0.13050505759488512,2.3500722224501667,Other,swinging_strike,Whiff (Miss)
2013,Pre-Statcast (2013 MVP Runner-Up),6,3,2,0.5607349818594439,2.1286107051521714,Other,foul,Contact / Foul
2022,Post-Statcast (2022 MVP),4,1,2,-0.30675370324204093,2.167926336801138,Other,hit_into_play,Contact / Foul
2022,Post-Statcast (2022 MVP),7,1,1,-0.44264051337727484,1.3627709493206965,Other,foul,Contact / Foul
2013,Pre-Statcast (2013 MVP Runner-Up),8,2,1,-0.0861753390599815,1.6956397880354894,Other,foul_tip,Contact / Foul
2022,Post-Statcast (2022 MVP),4,1,2,-0.6912799269045549,2.025788814418764,Other,foul_tip,Contact / Foul
2022,Post-Statcast (2022 MVP),9,3,1,0.37311378105616005,1.5984625032040696,Other,swinging_strike,Whiff (Miss)
2013,Pre-Statcast (2013 MVP Runner-Up),4,1,2,-0.6657548152167915,2.2880298656416778,Other,foul,Contact / Foul
2022,Post-Statcast (2022 MVP),5,2,2,0.01986505341486483,2.1963793103503884,Other,hit_into_play,Contact / Foul
2022,Post-Statcast (2022 MVP),9,3,1,0.5455862362866856,1.5084022172882237,Other,foul_tip,Contact / Foul
2022,Post-Statcast (2022 MVP),6,3,2,0.4195164447675946,2.0599717185416626,Other,hit_into_play,Contact / Foul
2022,Post-Statcast (2022 MVP),8,2,1,0.07366466273618799,1.6028824285094043,Other,hit_into_play,Contact / Foul
2022,Post-Statcast (2022 MVP),3,3,3,0.551232015336361,2.760549652337712,Other,foul,Contact / Foul
2022,Post-Statcast (2022 MVP),8,2,1,0.11706298137339977,1.6548687774068445,Other,swinging_strike,Whiff (Miss)
2013,Pre-Statcast (2013 MVP Runner-Up),7,1,1,-0.6349991816492242,1.6962462950244561,Other,swinging_strike,Whiff (Miss)
2013,Pre-Statcast (2013 MVP Runner-Up),7,1,1,-0.48706406804964947,1.5834959225741752,Other,swinging_strike,Whiff (Miss)
2022,Post-Statcast (2022 MVP),5,2,2,0.05967210625792563,2.0696810683822124,Other,foul_tip,Contact / Foul
2022,Post-Statcast (2022 MVP),6,3,2,0.4616393705026219,2.1278342952750795,Other,hit_into_play,Contact / Foul
2013,Pre-Statcast (2013 MVP Runner-Up),5,2,2,-0.11791776994284944,2.331927134886853,Other,foul_tip,Contact / Foul
2022,Post-Statcast (2022 MVP),5,2,2,0.14585197204441924,2.386855342291512,Other,swinging_strike,Whiff (Miss)
2013,Pre-Statcast (2013 MVP Runner-Up),1,1,3,-0.4207442420047093,2.8361002066071963,Other,hit_into_play,Contact / Foul
2013,Pre-Statcast (2013 MVP Runner-Up),7,1,1,-0.49996883857174246,1.31812134098683,Other,swinging_strike,Whiff (Miss)
2022,Post-Statcast (2022 MVP),5,2,2,0.029085716252487487,2.0942568077929686,Other,foul,Contact / Foul
2013,Pre-Statcast (2013 MVP Runner-Up),1,1,3,-0.351026783565897,2.869255176080354,Other,hit_into_play,Contact / Foul
2013,Pre-Statcast (2013 MVP Runner-Up),4,1,2,-0.5243386205305051,2.1874791881104647,Other,foul,Contact / Foul
2013,Pre-Statcast (2013 MVP Runner-Up),7,1,1,-0.6626286372465696,1.5563949709195968,Other,foul_tip,Contact / Foul
2013,Pre-Statcast (2013 MVP Runner-Up),8,2,1,-0.10686537607761891,1.3400791836181323,Other,foul,Contact / Foul
2022,Post-Statcast (2022 MVP),6,3,2,0.43224144647868057,2.001095199622957,Other,foul_tip,Contact / Foul
2013,Pre-Statcast (2013 MVP Runner-Up),3,3,3,0.5485342626344631,2.795417976755562,Other,swinging_strike,Whiff (Miss)
2013,Pre-Statcast (2013 MVP Runner-Up),4,1,2,-0.422530530406627,2.1152871181445825,Other,foul,Contact / Foul
2013,Pre-Statcast (2013 MVP Runner-Up),1,1,3,-0.4784313910302081,2.93537604576414,Other,swinging_strike,Whiff (Miss)
2013,Pre-Statcast (2013 MVP Runner-Up),3,3,3,0.4706963027434622,3.0627418921824447,Other,foul,Contact / Foul
2013,Pre-Statcast (2013 MVP Runner-Up),4,1,2,-0.6097251451739861,2.209029014052087,Other,foul,Contact / Foul
2022,Post-Statcast (2022 MVP),6,3,2,0.561427047360301,2.007896706605658,Other,foul_tip,Contact / Foul
2022,Post-Statcast (2022 MVP),8,2,1,-0.07945971606205156,1.334602088575117,Other,foul,Contact / Foul
2013,Pre-Statcast (2013 MVP Runner-Up),8,2,1,-0.08008377410503452,1.6262995332975296,Other,foul,Contact / Foul
2022,Post-Statcast (2022 MVP),8,2,1,-0.18402376427142808,1.671451295383662,Other,foul_tip,Contact / Foul
2022,Post-Statcast (2022 MVP),6,3,2,0.3659534035565982,2.3627576944774553,Other,foul,Contact / Foul
2022,Post-Statcast (2022 MVP),5,2,2,0.04346210563425079,2.277464501266837,Other,hit_into_play,Contact / Foul
2022,Post-Statcast (2022 MVP),9,3,1,0.5042191401595283,1.5793798930396763,Other,foul_tip,Contact / Foul
2013,Pre-Statcast (2013 MVP Runner-Up),8,2,1,-0.197927421437148,1.5201410263118467,Other,hit_into_play,Contact / Foul
2022,Post-Statcast (2022 MVP),5,2,2,-0.03440533885149502,2.3025827544621422,Other,hit_into_play,Contact / Foul
2022,Post-Statcast (2022 MVP),6,3,2,0.4857109428944594,2.039923566023047,Other,hit_into_play,Contact / Foul
2022,Post-Statcast (2022 MVP),9,3,1,0.3600961631146242,1.362942941076228,Other,foul_tip,Contact / Foul
2013,Pre-Statcast (2013 MVP Runner-Up),7,1,1,-0.5941376368667782,1.3843233518807858,Other,foul_tip,Contact / Foul
2013,Pre-Statcast (2013 MVP Runner-Up),6,3,2,0.5321317629644762,2.3816925906891164,Other,foul_tip,Contact / Foul
2022,Post-Statcast (2022 MVP),2,2,3,-0.04146337322710672,2.8222036979376917,Other,swinging_strike,Whiff (Miss)
2013,Pre-Statcast (2013 MVP Runner-Up),4,1,2,-0.6759078782509836,2.38404351097372,Other,hit_into_play,Contact / Foul
2022,Post-Statcast (2022 MVP),4,1,2,-0.31836823701582895,2.027570575109098,Other,foul,Contact / Foul
2013,Pre-Statcast (2013 MVP Runner-Up),6,3,2,0.5218162981697725,2.041035892699364,Other,foul_tip,Contact / Foul
2013,Pre-Statcast (2013 MVP Runner-Up),6,3,2,0.5216607809672782,2.1561814930240257,Other,foul,Contact / Foul
2013,Pre-Statcast (2013 MVP Runner-Up),3,3,3,0.4024974786248746,2.847558069729176,Other,swinging_strike,Whiff (Miss)
2022,Post-Statcast (2022 MVP),4,1,2,-0.5188968590737705,2.093444490655325,Other,hit_into_play,Contact / Foul
2022,Post-Statcast (2022 MVP),8,2,1,0.047339743564240866,1.602384238678071,Other,foul_tip,Contact / Foul
2022,Post-Statcast (2022 MVP),1,1,3,-0.6115873055285854,2.8496478271220145,Other,foul,Contact / Foul
2013,Pre-Statcast (2013 MVP Runner-Up),3,3,3,0.4501227837701274,3.076588239416523,Other,swinging_strike,Whiff (Miss)
2013,Pre-Statcast (2013 MVP Runner-Up),5,2,2,0.1184573860648847,2.117347110386084,Other,foul,Contact / Foul
2022,Post-Statcast (2022 MVP),3,3,3,0.3346752133863954,2.740186044991055,Other,hit_into_play,Contact / Foul
2022,Post-Statcast (2022 MVP),8,2,1,-0.15870999484140802,1.6873765603344826,Other,swinging_strike,Whiff (Miss)
2013,Pre-Statcast (2013 MVP Runner-Up),5,2,2,0.1333416809679513,2.322480074626706,Other,swinging_strike,Whiff (Miss)
2022,Post-Statcast (2022 MVP),5,2,2,0.19977175194727015,2.386594181785834,Other,swinging_strike,Whiff (Miss)
2013,Pre-Statcast (2013 MVP Runner-Up),2,2,3,-0.023265795255659777,2.9822669787039957,Other,foul_tip,Contact / Foul
2013,Pre-Statcast (2013 MVP Runner-Up),9,3,1,0.4350257136146031,1.605344250266528,Other,foul,Contact / Foul
2013,Pre-Statcast (2013 MVP Runner-Up),8,2,1,0.07846852025872908,1.3549091819203691,Other,foul_tip,Contact / Foul
2013,Pre-Statcast (2013 MVP Runner-Up),5,2,2,-0.10511771922897016,2.2287690769402957,Other,foul_tip,Contact / Foul
2022,Post-Statcast (2022 MVP),6,3,2,0.6496561796648637,2.340899474294684,Other,swinging_strike,Whiff (Miss)
2013,Pre-Statcast (2013 MVP Runner-Up),4,1,2,-0.3700291186925196,2.000460426979245,Other,foul_tip,Contact / Foul
2022,Post-Statcast (2022 MVP),4,1,2,-0.6194142466591436,2.0521958182476734,Other,swinging_strike,Whiff (Miss)
2013,Pre-Statcast (2013 MVP Runner-Up),9,3,1,0.49020011505810934,1.3186247882966973,Other,hit_into_play,Contact / Foul
2022,Post-Statcast (2022 MVP),3,3,3,0.5400031468903411,2.943037239566209,Other,foul_tip,Contact / Foul
2022,Post-Statcast (2022 MVP),2,2,3,-0.00586483839659796,2.8374958482210473,Other,swinging_strike,Whiff (Miss)
2013,Pre-Statcast (2013 MVP Runner-Up),7,1,1,-0.3629879983546444,1.5254472137725184,Other,hit_into_play,Contact / Foul
2022,Post-Statcast (2022 MVP),7,1,1,-0.5078520310437493,1.5282552777012397,Other,foul_tip,Contact / Foul
2013,Pre-Statcast (2013 MVP Runner-Up),1,1,3,-0.3284346027991292,3.0021060786543217,Other,swinging_strike,Whiff (Miss)
2013,Pre-Statcast (2013 MVP Runner-Up),8,2,1,-0.01862707992808721,1.5052991372806566,Other,foul,Contact / Foul
2022,Post-Statcast (2022 MVP),5,2,2,-0.005766083085467721,2.2435848607809743,Other,hit_into_play,Contact / Foul
2022,Post-Statcast (2022 MVP),2,2,3,-0.03430996425398494,2.880796689020145,Other,foul_tip,Contact / Foul
2013,Pre-Statcast (2013 MVP Runner-Up),9,3,1,0.5343500484844205,1.45202908541469,Other,swinging_strike,Whiff (Miss)
2022,Post-Statcast (2022 MVP),5,2,2,-0.1490606541105858,2.2915323823744,Other,foul_tip,Contact / Foul
2013,Pre-Statcast (2013 MVP Runner-Up),9,3,1,0.48520156047791196,1.587637590004341,Other,foul,Contact / Foul
2022,Post-Statcast (2022 MVP),4,1,2,-0.6952172307322348,2.3321489327578546,Other,hit_into_play,Contact / Foul
2022,Post-Statcast (2022 MVP),5,2,2,-0.1785777029357618,2.1324378317759947,Other,hit_into_play,Contact / Foul
2022,Post-Statcast (2022 MVP),2,2,3,0.0612279042451675,2.8636537393471495,Other,foul,Contact / Foul
2022,Post-Statcast (2022 MVP),8,2,1,0.028064060729294432,1.4506638278176645,Other,swinging_strike,Whiff (Miss)
2013,Pre-Statcast (2013 MVP Runner-Up),4,1,2,-0.6627786597781313,2.088638560189012,Other,foul_tip,Contact / Foul
2013,Pre-Statcast (2013 MVP Runner-Up),9,3,1,0.30685703904097084,1.625262888365564,Other,foul_tip,Contact / Foul
2022,Post-Statcast (2022 MVP),6,3,2,0.6948766397518027,2.3571380493242176,Other,foul,Contact / Foul
2022,Post-Statcast (2022 MVP),7,1,1,-0.3469216545765288,1.5016440477412658,Other,foul,Contact / Foul
2013,Pre-Statcast (2013 MVP Runner-Up),3,3,3,0.6600187340388366,2.9028490016141073,Other,foul_tip,Contact / Foul
2022,Post-Statcast (2022 MVP),7,1,1,-0.6684677616980833,1.4776755505837835,Other,foul_tip,Contact / Foul
2022,Post-Statcast (2022 MVP),8,2,1,-0.18403812056604096,1.5594098994853232,Other,swinging_strike,Whiff (Miss)
2022,Post-Statcast (2022 MVP),4,1,2,-0.5347772785995993,2.358231176055944,Other,foul,Contact / Foul
2013,Pre-Statcast (2013 MVP Runner-Up),9,3,1,0.626085756285313,1.4069298946706543,Other,foul,Contact / Foul
2013,Pre-Statcast (2013 MVP Runner-Up),7,1,1,-0.6499318819492389,1.4211298424435503,Other,foul_tip,Contact / Foul
2013,Pre-Statcast (2013 MVP Runner-Up),5,2,2,-0.11239818442875782,2.0760527957108357,Other,foul,Contact / Foul
2013,Pre-Statcast (2013 MVP Runner-Up),3,3,3,0.5450609291047052,2.9877095845103865,Other,foul_tip,Contact / Foul
2013,Pre-Statcast (2013 MVP Runner-Up),4,1,2,-0.36500963095743144,2.231969353553362,Other,swinging_strike,Whiff (Miss)
2022,Post-Statcast (2022 MVP),9,3,1,0.6987268575308825,1.611869151590567,Other,foul,Contact / Foul
2022,Post-Statcast (2022 MVP),9,3,1,0.5790571228558317,1.4715825057908483,Other,foul,Contact / Foul
2013,Pre-Statcast (2013 MVP Runner-Up),7,1,1,-0.6451854505729918,1.433216282141107,Other,swinging_strike,Whiff (Miss)
2013,Pre-Statcast (2013 MVP Runner-Up),6,3,2,0.36300209972801534,2.2838255164841548,Other,swinging_strike,Whiff (Miss)
2013,Pre-Statcast (2013 MVP Runner-Up),5,2,2,-0.08165104391368616,2.2797116318202937,Other,hit_into_play,Contact / Foul
2022,Post-Statcast (2022 MVP),5,2,2,-0.01948503233877008,2.319677826302536,Other,hit_into_play,Contact / Foul
2022,Post-Statcast (2022 MVP),3,3,3,0.45473529953007097,3.0355893211614497,Other,foul,Contact / Foul
2013,Pre-Statcast (2013 MVP Runner-Up),5,2,2,-0.0013090853904518807,2.3616621163574902,Other,foul,Contact / Foul
2022,Post-Statcast (2022 MVP),9,3,1,0.5561165258120548,1.4755888194164943,Other,hit_into_play,Contact / Foul
2013,Pre-Statcast (2013 MVP Runner-Up),5,2,2,-0.13810792965669544,2.1928757584817555,Other,hit_into_play,Contact / Foul
2022,Post-Statcast (2022 MVP),9,3,1,0.5804704404769245,1.6200645575396142,Other,swinging_strike,Whiff (Miss)
2013,Pre-Statcast (2013 MVP Runner-Up),8,2,1,0.1286645164511409,1.3968786240564899,Other,foul_tip,Contact / Foul
2013,Pre-Statcast (2013 MVP Runner-Up),2,2,3,0.1615714286239573,2.9182361156822085,Other,foul,Contact / Foul
2013,Pre-Statcast (2013 MVP Runner-Up),2,2,3,-0.10151386088455006,2.937807661413376,Other,foul_tip,Contact / Foul
2022,Post-Statcast (2022 MVP),6,3,2,0.48831234910471477,2.2963675566275477,Other,foul_tip,Contact / Foul
2022,Post-Statcast (2022 MVP),2,2,3,-0.12521606574716265,2.830393964639527,Other,foul,Contact / Foul
2013,Pre-Statcast (2013 MVP Runner-Up),8,2,1,0.08199530389607868,1.4268162980073793,Other,foul,Contact / Foul
2022,Post-Statcast (2022 MVP),8,2,1,-0.03362750249183133,1.5148143810135635,Other,hit_into_play,Contact / Foul
2013,Pre-Statcast (2013 MVP Runner-Up),5,2,2,0.10496380719239917,2.3686150084132693,Other,foul,Contact / Foul
2022,Post-Statcast (2022 MVP),5,2,2,0.021440762463163537,2.3363188665721,Other,foul_tip,Contact / Foul
2013,Pre-Statcast (2013 MVP Runner-Up),4,1,2,-0.4640841643178969,2.3215622721125735,Other,hit_into_play,Contact / Foul
2013,Pre-Statcast (2013 MVP Runner-Up),2,2,3,-0.12391643662367541,2.879445419133252,Other,foul,Contact / Foul
2022,Post-Statcast (2022 MVP),8,2,1,0.07091561820202502,1.6656675665538472,Other,foul_tip,Contact / Foul
2013,Pre-Statcast (2013 MVP Runner-Up),4,1,2,-0.42103304283592224,2.050511797183364,Other,foul,Contact / Foul
2013,Pre-Statcast (2013 MVP Runner-Up),6,3,2,0.6404664192339116,2.1140252056237316,Other,hit_into_play,Contact / Foul
2013,Pre-Statcast (2013 MVP Runner-Up),8,2,1,-0.11913728841334087,1.5146640633042228,Other,hit_into_play,Contact / Foul
2022,Post-Statcast (2022 MVP),6,3,2,0.4762751521050105,2.0253344185996442,Other,swinging_strike,Whiff (Miss)
2013,Pre-Statcast (2013 MVP Runner-Up),6,3,2,0.4327698745525378,2.0497900032977534,Other,foul,Contact / Foul
2013,Pre-Statcast (2013 MVP Runner-Up),3,3,3,0.5996097044331403,2.720834243297302,Other,swinging_strike,Whiff (Miss)
2022,Post-Statcast (2022 MVP),2,2,3,0.06565752833273703,2.8432890917363944,Other,hit_into_play,Contact / Foul
2013,Pre-Statcast (2013 MVP Runner-Up),7,1,1,-0.3820411086476217,1.435634119981026,Other,swinging_strike,Whiff (Miss)
2013,Pre-Statcast (2013 MVP Runner-Up),5,2,2,0.03554116882017691,2.006312433404464,Other,foul,Contact / Foul
2013,Pre-Statcast (2013 MVP Runner-Up),6,3,2,0.692954232437359,2.0337316528098257,Other,foul_tip,Contact / Foul
2022,Post-Statcast (2022 MVP),4,1,2,-0.6776365376590201,2.3985568194025833,Other,hit_into_play,Contact / Foul
2022,Post-Statcast (2022 MVP),8,2,1,-0.024040519697648838,1.3919963064106948,Other,swinging_strike,Whiff (Miss)
2022,Post-Statcast (2022 MVP),4,1,2,-0.5690796313095524,2.221236558129627,Other,hit_into_play,Contact / Foul
2013,Pre-Statcast (2013 MVP Runner-Up),2,2,3,0.19342022915323487,2.7153028789413045,Other,swinging_strike,Whiff (Miss)
2022,Post-Statcast (2022 MVP),8,2,1,0.06813405045722265,1.6094329065477107,Other,foul_tip,Contact / Foul
2013,Pre-Statcast (2013 MVP Runner-Up),2,2,3,0.10933065497614441,2.8404584516331,Other,swinging_strike,Whiff (Miss)
2022,Post-Statcast (2022 MVP),9,3,1,0.3156763460957934,1.5289077196921859,Other,hit_into_play,Contact / Foul
2013,Pre-Statcast (2013 MVP Runner-Up),9,3,1,0.5715000493145006,1.522340266393485,Other,hit_into_play,Contact / Foul
2022,Post-Statcast (2022 MVP),6,3,2,0.6505979137368443,2.0724543431216005,Other,hit_into_play,Contact / Foul
2022,Post-Statcast (2022 MVP),5,2,2,-0.011622218820164176,2.3579509933621887,Other,foul,Contact / Foul
2022,Post-Statcast (2022 MVP),7,1,1,-0.3354054491705046,1.581851627557115,Other,swinging_strike,Whiff (Miss)
2013,Pre-Statcast (2013 MVP Runner-Up),2,2,3,0.1677548523328301,2.912450454108216,Other,hit_into_play,Contact / Foul
2022,Post-Statcast (2022 MVP),7,1,1,-0.6813998552363321,1.5532961870356388,Other,foul_tip,Contact / Foul
2022,Post-Statcast (2022 MVP),9,3,1,0.4367971511960888,1.5218206016164906,Other,swinging_strike,Whiff (Miss)
2013,Pre-Statcast (2013 MVP Runner-Up),6,3,2,0.4014601044276851,2.0064968924435793,Other,hit_into_play,Contact / Foul
2013,Pre-Statcast (2013 MVP Runner-Up),1,1,3,-0.32122022188080235,2.734261380827151,Other,foul,Contact / Foul
2013,Pre-Statcast (2013 MVP Runner-Up),8,2,1,-0.175897747473172,1.6576873781353805,Other,swinging_strike,Whiff (Miss)
2013,Pre-Statcast (2013 MVP Runner-Up),6,3,2,0.40982214402994305,2.392010911677712,Other,hit_into_play,Contact / Foul
2013,Pre-Statcast (2013 MVP Runner-Up),5,2,2,0.05088696275990873,2.060382960557231,Other,swinging_strike,Whiff (Miss)
2022,Post-Statcast (2022 MVP),3,3,3,0.5122033106186724,2.703389896781203,Other,foul_tip,Contact / Foul
2013,Pre-Statcast (2013 MVP Runner-Up),5,2,2,-0.14275291194859616,2.184459965341999,Other,foul,Contact / Foul
2013,Pre-Statcast (2013 MVP Runner-Up),2,2,3,0.13746446530883233,2.8324599472857623,Other,swinging_strike,Whiff (Miss)
2013,Pre-Statcast (2013 MVP Runner-Up),3,3,3,0.5217649910667175,2.7767360371960583,Other,foul_tip,Contact / Foul
2013,Pre-Statcast (2013 MVP Runner-Up),5,2,2,-0.19405586910771647,2.3159938656939016,Other,hit_into_play,Contact / Foul
2013,Pre-Statcast (2013 MVP Runner-Up),9,3,1,0.3752653175731021,1.604678567014884,Other,foul_tip,Contact / Foul
2022,Post-Statcast (2022 MVP),8,2,1,0.005723624833872121,1.5034942372010853,Other,foul,Contact / Foul
2022,Post-Statcast (2022 MVP),4,1,2,-0.6592370605352618,2.3175238971107994,Other,hit_into_play,Contact / Foul
2013,Pre-Statcast (2013 MVP Runner-Up),4,1,2,-0.39014341985137013,2.1859495086538034,Other,foul_tip,Contact / Foul
2013,Pre-Statcast (2013 MVP Runner-Up),2,2,3,-0.1672066378020498,2.9629492657890086,Other,foul_tip,Contact / Foul
2013,Pre-Statcast (2013 MVP Runner-Up),6,3,2,0.3072922151166131,2.1235464280255525,Other,hit_into_play,Contact / Foul
2013,Pre-Statcast (2013 MVP Runner-Up),6,3,2,0.5712355487981795,2.1752691299760314,Other,hit_into_play,Contact / Foul
2013,Pre-Statcast (2013 MVP Runner-Up),6,3,2,0.5800877023866773,2.06963640389948,Other,swinging_strike,Whiff (Miss)
2013,Pre-Statcast (2013 MVP Runner-Up),9,3,1,0.45099853985203964,1.3320999970517466,Other,foul_tip,Contact / Foul
2013,Pre-Statcast (2013 MVP Runner-Up),5,2,2,0.10693981092344162,2.305664358304499,Other,foul,Contact / Foul
2022,Post-Statcast (2022 MVP),8,2,1,-0.06245934006054124,1.4650617984104992,Other,foul_tip,Contact / Foul
2013,Pre-Statcast (2013 MVP Runner-Up),5,2,2,-0.15602946084422578,2.3465791554027207,Other,hit_into_play,Contact / Foul
2022,Post-Statcast (2022 MVP),6,3,2,0.49524911079686124,2.3550375712254175,Other,swinging_strike,Whiff (Miss)
2013,Pre-Statcast (2013 MVP Runner-Up),8,2,1,-0.023584573526106822,1.467512119267676,Other,foul,Contact / Foul
2013,Pre-Statcast (2013 MVP Runner-Up),1,1,3,-0.3735906986319646,3.0911937974709334,Other,foul_tip,Contact / Foul
2013,Pre-Statcast (2013 MVP Runner-Up),3,3,3,0.42889969189461524,2.8767144067351804,Other,foul_tip,Contact / Foul
2022,Post-Statcast (2022 MVP),4,1,2,-0.612476423323369,2.2105794056594044,Other,swinging_strike,Whiff (Miss)
2013,Pre-Statcast (2013 MVP Runner-Up),8,2,1,0.08694322250009745,1.3402179619109391,Other,hit_into_play,Contact / Foul
2013,Pre-Statcast (2013 MVP Runner-Up),6,3,2,0.6988656451863481,2.36497919418333,Other,hit_into_play,Contact / Foul
2013,Pre-Statcast (2013 MVP Runner-Up),7,1,1,-0.62037684737902,1.503649006490073,Other,swinging_strike,Whiff (Miss)
2022,Post-Statcast (2022 MVP),8,2,1,0.06376532278119068,1.6870942239350053,Other,foul_tip,Contact / Foul
2013,Pre-Statcast (2013 MVP Runner-Up),7,1,1,-0.30161223556183325,1.4867260470949402,Other,foul,Contact / Foul
2013,Pre-Statcast (2013 MVP Runner-Up),2,2,3,-0.08131686980217433,3.087483745987663,Other,foul_tip,Contact / Foul
2013,Pre-Statcast (2013 MVP Runner-Up),6,3,2,0.6071126549430628,2.0516131831187554,Other,swinging_strike,Whiff (Miss)
2022,Post-Statcast (2022 MVP),7,1,1,-0.49844262438270015,1.5777247894909305,Other,foul,Contact / Foul
2013,Pre-Statcast (2013 MVP Runner-Up),9,3,1,0.6488849671145568,1.397893660487357,Other,hit_into_play,Contact / Foul
2013,Pre-Statcast (2013 MVP Runner-Up),1,1,3,-0.5920208692862888,3.0701564718484864,Other,foul_tip,Contact / Foul
2013,Pre-Statcast (2013 MVP Runner-Up),5,2,2,0.03030366429473244,2.2293598723543373,Other,swinging_strike,Whiff (Miss)
2022,Post-Statcast (2022 MVP),9,3,1,0.477107456225322,1.45083211232176,Other,swinging_strike,Whiff (Miss)
2013,Pre-Statcast (2013 MVP Runner-Up),9,3,1,0.5737714973854566,1.4121492055037965,Other,swinging_strike,Whiff (Miss)
2022,Post-Statcast (2022 MVP),5,2,2,-0.02331336077633353,2.3653731221674965,Other,swinging_strike,Whiff (Miss)
2022,Post-Statcast (2022 MVP),5,2,2,0.08180185863671657,2.1725293336583444,Other,foul_tip,Contact / Foul
2013,Pre-Statcast (2013 MVP Runner-Up),8,2,1,0.031053758345673144,1.5885600449185227,Other,foul_tip,Contact / Foul
2022,Post-Statcast (2022 MVP),6,3,2,0.40445876317059876,2.2844375102287167,Other,foul_tip,Contact / Foul
2022,Post-Statcast (2022 MVP),8,2,1,-0.030316219223543772,1.341570723669468,Other,foul_tip,Contact / Foul
2022,Post-Statcast (2022 MVP),6,3,2,0.3018676550320545,2.2135130411369035,Other,foul_tip,Contact / Foul
2013,Pre-Statcast (2013 MVP Runner-Up),2,2,3,-0.16083650871935987,2.9608579575994085,Other,foul_tip,Contact / Foul
2022,Post-Statcast (2022 MVP),3,3,3,0.5045218793181325,2.7812789975831307,Other,hit_into_play,Contact / Foul
2022,Post-Statcast (2022 MVP),7,1,1,-0.6870774467030691,1.6256104870217876,Other,hit_into_play,Contact / Foul
2022,Post-Statcast (2022 MVP),5,2,2,-0.16841798009036674,2.3611108805356618,Other,foul_tip,Contact / Foul
2013,Pre-Statcast (2013 MVP Runner-Up),5,2,2,-0.1967608136954039,2.3460269590789067,Other,foul_tip,Contact / Foul
2022,Post-Statcast (2022 MVP),2,2,3,-0.14150262263001548,2.8288386846437503,Other,hit_into_play,Contact / Foul
2022,Post-Statcast (2022 MVP),4,1,2,-0.6397734492827121,2.3729590130151395,Other,hit_into_play,Contact / Foul
2013,Pre-Statcast (2013 MVP Runner-Up),3,3,3,0.3678765584792219,2.733918214690048,Other,foul_tip,Contact / Foul
2013,Pre-Statcast (2013 MVP Runner-Up),5,2,2,-0.0636416072922669,2.1480212369908016,Other,foul_tip,Contact / Foul
2013,Pre-Statcast (2013 MVP Runner-Up),9,3,1,0.645633936587793,1.5965009514865955,Other,hit_into_play,Contact / Foul
2013,Pre-Statcast (2013 MVP Runner-Up),3,3,3,0.5152882270440926,2.9938536243025426,Other,foul_tip,Contact / Foul
2022,Post-Statcast (2022 MVP),4,1,2,-0.6691719874854458,2.182079111071771,Other,foul,Contact / Foul
2022,Post-Statcast (2022 MVP),4,1,2,-0.46115345889621917,2.011721384214654,Other,foul,Contact / Foul
2013,Pre-Statcast (2013 MVP Runner-Up),5,2,2,0.0909516422695617,2.327579440609941,Other,swinging_strike,Whiff (Miss)
2022,Post-Statcast (2022 MVP),6,3,2,0.6641426509848058,2.2752815661821497,Other,foul,Contact / Foul
2022,Post-Statcast (2022 MVP),8,2,1,0.17121910006653351,1.342454216747989,Other,foul_tip,Contact / Foul
2013,Pre-Statcast (2013 MVP Runner-Up),6,3,2,0.3898155034428464,2.1274739501798927,Other,hit_into_play,Contact / Foul
2013,Pre-Statcast (2013 MVP Runner-Up),4,1,2,-0.46515082731608665,2.0082981824862136,Other,foul_tip,Contact / Foul
2022,Post-Statcast (2022 MVP),9,3,1,0.4934519582091784,1.3973093025609054,Other,swinging_strike,Whiff (Miss)
2022,Post-Statcast (2022 MVP),5,2,2,0.12338428852774525,2.050474399455416,Other,foul,Contact / Foul
2022,Post-Statcast (2022 MVP),9,3,1,0.49085649480181603,1.3930051562490622,Other,hit_into_play,Contact / Foul
2013,Pre-Statcast (2013 MVP Runner-Up),2,2,3,0.1344110340319808,3.0875985029139,Other,hit_into_play,Contact / Foul
2013,Pre-Statcast (2013 MVP Runner-Up),3,3,3,0.6922887910075692,2.913649451813001,Other,foul,Contact / Foul
2013,Pre-Statcast (2013 MVP Runner-Up),4,1,2,-0.5491159783144456,2.3731409022861047,Other,swinging_strike,Whiff (Miss)
2022,Post-Statcast (2022 MVP),3,3,3,0.5026442417099708,2.95142827842423,Other,foul_tip,Contact / Foul
2022,Post-Statcast (2022 MVP),8,2,1,-0.010404929052819423,1.5133871055241397,Other,hit_into_play,Contact / Foul
2013,Pre-Statcast (2013 MVP Runner-Up),1,1,3,-0.5806220834205469,2.9555797979464016,Other,foul_tip,Contact / Foul
2013,Pre-Statcast (2013 MVP Runner-Up),7,1,1,-0.5749670003012268,1.587345154044975,Other,foul_tip,Contact / Foul
2013,Pre-Statcast (2013 MVP Runner-Up),5,2,2,-0.09302090993835575,2.072166428784342,Other,foul_tip,Contact / Foul
2022,Post-Statcast (2022 MVP),9,3,1,0.6703447151191397,1.4741509738211056,Other,hit_into_play,Contact / Foul
2013,Pre-Statcast (2013 MVP Runner-Up),6,3,2,0.35190849188550816,2.353698578733848,Other,swinging_strike,Whiff (Miss)
2022,Post-Statcast (2022 MVP),9,3,1,0.39051820518482744,1.6852228557900344,Other,swinging_strike,Whiff (Miss)
2013,Pre-Statcast (2013 MVP Runner-Up),6,3,2,0.46431804826606676,2.1637734109858853,Other,swinging_strike,Whiff (Miss)
2022,Post-Statcast (2022 MVP),7,1,1,-0.5781608167585406,1.503335096127786,Other,hit_into_play,Contact / Foul
2022,Post-Statcast (2022 MVP),3,3,3,0.3702583614571184,2.705065988623799,Other,swinging_strike,Whiff (Miss)
2013,Pre-Statcast (2013 MVP Runner-Up),1,1,3,-0.4961894825294142,2.736363764869517,Other,hit_into_play,Contact / Foul
2022,Post-Statcast (2022 MVP),8,2,1,-0.03694688860168277,1.4804502654976166,Other,foul,Contact / Foul
2013,Pre-Statcast (2013 MVP Runner-Up),2,2,3,-0.1783315251071318,2.961382195306316,Other,foul_tip,Contact / Foul
2022,Post-Statcast (2022 MVP),6,3,2,0.6644907045088717,2.1930699402161387,Other,swinging_strike,Whiff (Miss)
2022,Post-Statcast (2022 MVP),7,1,1,-0.41424618574804223,1.5746445189276146,Other,foul_tip,Contact / Foul
2022,Post-Statcast (2022 MVP),1,1,3,-0.4193462851777628,3.0249187902715975,Other,foul_tip,Contact / Foul
2022,Post-Statcast (2022 MVP),1,1,3,-0.6397020270080347,3.099081090165861,Other,foul,Contact / Foul
2022,Post-Statcast (2022 MVP),9,3,1,0.3713942989008291,1.4255491118238506,Other,swinging_strike,Whiff (Miss)
2022,Post-Statcast (2022 MVP),8,2,1,-0.15998197708983086,1.5478063108617333,Other,hit_into_play,Contact / Foul
2013,Pre-Statcast (2013 MVP Runner-Up),8,2,1,-0.05021563174469296,1.6565334420874107,Other,swinging_strike,Whiff (Miss)
2013,Pre-Statcast (2013 MVP Runner-Up),5,2,2,0.04359796622122611,2.2631324911995554,Other,foul_tip,Contact / Foul
2013,Pre-Statcast (2013 MVP Runner-Up),6,3,2,0.330692400469382,2.345700013570096,Other,hit_into_play,Contact / Foul
2022,Post-Statcast (2022 MVP),5,2,2,-0.0648197663008257,2.3941104400564575,Other,foul,Contact / Foul
2022,Post-Statcast (2022 MVP),7,1,1,-0.5030311431275333,1.6287354639674905,Other,foul_tip,Contact / Foul
2022,Post-Statcast (2022 MVP),6,3,2,0.6567051205952624,2.1932318625461997,Other,swinging_strike,Whiff (Miss)
2013,Pre-Statcast (2013 MVP Runner-Up),8,2,1,0.03132450602361417,1.3181159210911315,Other,foul,Contact / Foul
2022,Post-Statcast (2022 MVP),5,2,2,-0.03329090891784689,2.2582219245710577,Other,hit_into_play,Contact / Foul
2022,Post-Statcast (2022 MVP),9,3,1,0.562007647753618,1.6902583603782797,Other,hit_into_play,Contact / Foul
2013,Pre-Statcast (2013 MVP Runner-Up),8,2,1,-0.032846007101997865,1.6350419556373021,Other,hit_into_play,Contact / Foul
2022,Post-Statcast (2022 MVP),5,2,2,-0.14707436368652718,2.069280262592858,Other,swinging_strike,Whiff (Miss)
2022,Post-Statcast (2022 MVP),7,1,1,-0.5460493530373143,1.635613208491915,Other,foul_tip,Contact / Foul
2013,Pre-Statcast (2013 MVP Runner-Up),4,1,2,-0.43919239943975763,2.0608421280840896,Other,swinging_strike,Whiff (Miss)
2013,Pre-Statcast (2013 MVP Runner-Up),8,2,1,0.16820837995888427,1.649127083564928,Other,foul_tip,Contact / Foul
2022,Post-Statcast (2022 MVP),3,3,3,0.557848227275159,2.7992668108743324,Other,foul_tip,Contact / Foul
2013,Pre-Statcast (2013 MVP Runner-Up),9,3,1,0.49972059294772897,1.5618431864484088,Other,foul_tip,Contact / Foul
2013,Pre-Statcast (2013 MVP Runner-Up),5,2,2,0.12169301544180428,2.1873325555410785,Other,hit_into_play,Contact / Foul
2022,Post-Statcast (2022 MVP),7,1,1,-0.3999259925319785,1.3643741577372919,Other,foul,Contact / Foul
2013,Pre-Statcast (2013 MVP Runner-Up),3,3,3,0.5303186913649657,3.0632104604189774,Other,swinging_strike,Whiff (Miss)
2013,Pre-Statcast (2013 MVP Runner-Up),9,3,1,0.608866961653876,1.4181517922820306,Other,swinging_strike,Whiff (Miss)
2022,Post-Statcast (2022 MVP),2,2,3,-0.029452246551327083,2.8848216629977683,Other,foul,Contact / Foul
2022,Post-Statcast (2022 MVP),5,2,2,-0.05159179006370104,2.1525780748409082,Other,hit_into_play,Contact / Foul
2013,Pre-Statcast (2013 MVP Runner-Up),3,3,3,0.6322286535121273,2.7971397522148522,Other,swinging_strike,Whiff (Miss)
2013,Pre-Statcast (2013 MVP Runner-Up),9,3,1,0.65791648485708,1.6676608861760847,Other,hit_into_play,Contact / Foul
2013,Pre-Statcast (2013 MVP Runner-Up),5,2,2,0.012340949481114027,2.365394789792679,Other,hit_into_play,Contact / Foul
2022,Post-Statcast (2022 MVP),5,2,2,0.049223171435523266,2.209024804179924,Other,foul,Contact / Foul
2022,Post-Statcast (2022 MVP),4,1,2,-0.6284156264926193,2.3841368581577695,Other,hit_into_play,Contact / Foul
2022,Post-Statcast (2022 MVP),5,2,2,-0.17534425213596028,2.300894056846115,Other,foul_tip,Contact / Foul
2022,Post-Statcast (2022 MVP),5,2,2,-0.07095871825083597,2.3903442685529708,Other,foul_tip,Contact / Foul
2013,Pre-Statcast (2013 MVP Runner-Up),9,3,1,0.6942782242900503,1.5085004217059694,Other,foul,Contact / Foul
2022,Post-Statcast (2022 MVP),4,1,2,-0.40416960530663276,2.0970335974214276,Other,foul,Contact / Foul
2022,Post-Statcast (2022 MVP),7,1,1,-0.35406340591815894,1.5969650943491442,Other,foul_tip,Contact / Foul
2013,Pre-Statcast (2013 MVP Runner-Up),3,3,3,0.6791028088866607,2.886013593374088,Other,swinging_strike,Whiff (Miss)
2013,Pre-Statcast (2013 MVP Runner-Up),3,3,3,0.4113026462555224,3.0804816479442243,Other,foul,Contact / Foul
2022,Post-Statcast (2022 MVP),3,3,3,0.5068891369789454,3.029002749087707,Other,swinging_strike,Whiff (Miss)
2013,Pre-Statcast (2013 MVP Runner-Up),5,2,2,0.06293785393471818,2.027834168499335,Other,foul_tip,Contact / Foul
2013,Pre-Statcast (2013 MVP Runner-Up),3,3,3,0.5655415345219995,2.9477043221449497,Other,hit_into_play,Contact / Foul
2013,Pre-Statcast (2013 MVP Runner-Up),6,3,2,0.3513338442980055,2.3316214912541597,Other,swinging_strike,Whiff (Miss)
2013,Pre-Statcast (2013 MVP Runner-Up),2,2,3,0.007968139426634158,3.022604347880041,Other,swinging_strike,Whiff (Miss)
2013,Pre-Statcast (2013 MVP Runner-Up),2,2,3,0.06474852478029808,2.8946685646617314,Other,hit_into_play,Contact / Foul
2022,Post-Statcast (2022 MVP),4,1,2,-0.6107259756197393,2.2063096522731005,Other,hit_into_play,Contact / Foul
2013,Pre-Statcast (2013 MVP Runner-Up),6,3,2,0.35503983509034864,2.1147517589253075,Other,foul,Contact / Foul
2013,Pre-Statcast (2013 MVP Runner-Up),2,2,3,0.0667733642542172,2.841471453845847,Other,foul_tip,Contact / Foul
2013,Pre-Statcast (2013 MVP Runner-Up),8,2,1,0.07211809517562828,1.58676718647226,Other,foul,Contact / Foul
2013,Pre-Statcast (2013 MVP Runner-Up),9,3,1,0.3845668223538189,1.6472467562326423,Other,foul_tip,Contact / Foul
2022,Post-Statcast (2022 MVP),8,2,1,-0.11168481225703682,1.633899346747225,Other,hit_into_play,Contact / Foul
2013,Pre-Statcast (2013 MVP Runner-Up),2,2,3,0.16979491809661823,3.0129545984590522,Other,foul,Contact / Foul
2022,Post-Statcast (2022 MVP),2,2,3,0.17227797508209813,2.7692939208594334,Other,hit_into_play,Contact / Foul
2022,Post-Statcast (2022 MVP),7,1,1,-0.42376205985439597,1.4180562263846423,Other,foul_tip,Contact / Foul
2022,Post-Statcast (2022 MVP),2,2,3,0.14306063997144552,2.87651437955057,Other,swinging_strike,Whiff (Miss)
2013,Pre-Statcast (2013 MVP Runner-Up),5,2,2,0.12470771411095694,2.22254829424614,Other,foul_tip,Contact / Foul
2013,Pre-Statcast (2013 MVP Runner-Up),1,1,3,-0.5395340851910684,2.7264754420846185,Other,foul_tip,Contact / Foul
2013,Pre-Statcast (2013 MVP Runner-Up),3,3,3,0.5747428587658107,3.076105248159021,Other,foul_tip,Contact / Foul
2013,Pre-Statcast (2013 MVP Runner-Up),5,2,2,-0.1556440911196278,2.271287157173414,Other,foul_tip,Contact / Foul
2013,Pre-Statcast (2013 MVP Runner-Up),8,2,1,0.14925402339509336,1.3327481225893099,Other,foul,Contact / Foul
2013,Pre-Statcast (2013 MVP Runner-Up),2,2,3,0.15234566947457584,3.0517080969938166,Other,foul,Contact / Foul
2013,Pre-Statcast (2013 MVP Runner-Up),6,3,2,0.6236174878557205,2.066215666297624,Other,foul,Contact / Foul
2022,Post-Statcast (2022 MVP),9,3,1,0.679698071365938,1.3401114470197504,Other,foul_tip,Contact / Foul
2022,Post-Statcast (2022 MVP),8,2,1,-0.028596874239706305,1.5226394482381331,Other,hit_into_play,Contact / Foul
2013,Pre-Statcast (2013 MVP Runner-Up),9,3,1,0.4665298533685779,1.3596870431300654,Other,foul,Contact / Foul
2013,Pre-Statcast (2013 MVP Runner-Up),2,2,3,-0.005834200339803697,2.915693572557901,Other,foul_tip,Contact / Foul
2022,Post-Statcast (2022 MVP),8,2,1,-0.10152994458180636,1.3886102816826078,Other,foul_tip,Contact / Foul
2013,Pre-Statcast (2013 MVP Runner-Up),5,2,2,-0.04074414290225076,2.075923424864432,Other,hit_into_play,Contact / Foul
2022,Post-Statcast (2022 MVP),2,2,3,-0.018121740370231676,2.8952177921750817,Other,foul_tip,Contact / Foul
2022,Post-Statcast (2022 MVP),5,2,2,0.12018013468827426,2.2710139542304124,Other,foul_tip,Contact / Foul
2013,Pre-Statcast (2013 MVP Runner-Up),5,2,2,0.16388033164609173,2.0293962863065804,Other,hit_into_play,Contact / Foul
2022,Post-Statcast (2022 MVP),6,3,2,0.5885132790370442,2.262160228184977,Other,foul,Contact / Foul
2013,Pre-Statcast (2013 MVP Runner-Up),5,2,2,-0.1471360809012866,2.2157631035937686,Other,foul,Contact / Foul
2013,Pre-Statcast (2013 MVP Runner-Up),4,1,2,-0.3209639198698488,2.083115162329421,Other,hit_into_play,Contact / Foul
2013,Pre-Statcast (2013 MVP Runner-Up),2,2,3,-0.17259146691848307,2.7271843453503024,Other,hit_into_play,Contact / Foul
2013,Pre-Statcast (2013 MVP Runner-Up),2,2,3,-0.18895978595214566,3.0508153646302234,Other,swinging_strike,Whiff (Miss)
2022,Post-Statcast (2022 MVP),6,3,2,0.6377399389725786,2.041485242295348,Other,swinging_strike,Whiff (Miss)
2022,Post-Statcast (2022 MVP),8,2,1,0.06867409964609966,1.400275045925982,Other,hit_into_play,Contact / Foul
2022,Post-Statcast (2022 MVP),6,3,2,0.6892478889276779,2.143168734620323,Other,foul,Contact / Foul
2013,Pre-Statcast (2013 MVP Runner-Up),7,1,1,-0.36113105384261285,1.4723711077390162,Other,foul,Contact / Foul
2013,Pre-Statcast (2013 MVP Runner-Up),9,3,1,0.34280657147779714,1.3385255561005633,Other,hit_into_play,Contact / Foul
2013,Pre-Statcast (2013 MVP Runner-Up),7,1,1,-0.40899677465624323,1.6055427056647957,Other,foul,Contact / Foul
2013,Pre-Statcast (2013 MVP Runner-Up),6,3,2,0.33157080242218717,2.240981319532091,Other,hit_into_play,Contact / Foul
2022,Post-Statcast (2022 MVP),5,2,2,-0.13084841087740223,2.3937471960996533,Other,hit_into_play,Contact / Foul
2022,Post-Statcast (2022 MVP),4,1,2,-0.5293343926286482,2.141577301069248,Other,hit_into_play,Contact / Foul
2022,Post-Statcast (2022 MVP),3,3,3,0.3904763445837624,2.971993090048631,Other,hit_into_play,Contact / Foul
2022,Post-Statcast (2022 MVP),7,1,1,-0.44696668619709445,1.3803556329301379,Other,foul_tip,Contact / Foul
2022,Post-Statcast (2022 MVP),5,2,2,0.016050172642662425,2.2642391570851896,Other,foul,Contact / Foul
2013,Pre-Statcast (2013 MVP Runner-Up),9,3,1,0.6889160941374743,1.6766345639327647,Other,foul_tip,Contact / Foul
2022,Post-Statcast (2022 MVP),4,1,2,-0.4350224287384204,2.052283314576065,Other,foul,Contact / Foul
2013,Pre-Statcast (2013 MVP Runner-Up),2,2,3,-0.06013663022163254,3.0282145523886244,Other,swinging_strike,Whiff (Miss)
2022,Post-Statcast (2022 MVP),6,3,2,0.5305115662946812,2.063374046950272,Other,hit_into_play,Contact / Foul
2013,Pre-Statcast (2013 MVP Runner-Up),6,3,2,0.6185318716605712,2.236567902732409,Other,foul,Contact / Foul
2013,Pre-Statcast (2013 MVP Runner-Up),8,2,1,-0.1116603040125114,1.6829442147420908,Other,foul,Contact / Foul
2013,Pre-Statcast (2013 MVP Runner-Up),1,1,3,-0.4278866358973926,2.745820697193474,Other,foul_tip,Contact / Foul
2013,Pre-Statcast (2013 MVP Runner-Up),5,2,2,0.05416156895117563,2.1857070145290725,Other,foul_tip,Contact / Foul
2013,Pre-Statcast (2013 MVP Runner-Up),9,3,1,0.5127734433987035,1.6293441749503137,Other,hit_into_play,Contact / Foul
2022,Post-Statcast (2022 MVP),3,3,3,0.3821782872609768,2.9427707478687832,Other,hit_into_play,Contact / Foul
2013,Pre-Statcast (2013 MVP Runner-Up),1,1,3,-0.6020432584786095,2.755815171410057,Other,hit_into_play,Contact / Foul
2022,Post-Statcast (2022 MVP),1,1,3,-0.32372953674152277,2.7566700707326186,Other,swinging_strike,Whiff (Miss)
2013,Pre-Statcast (2013 MVP Runner-Up),8,2,1,0.011269249629277361,1.4447139474096975,Other,foul_tip,Contact / Foul
2022,Post-Statcast (2022 MVP),4,1,2,-0.5743866848751529,2.0482946948287624,Other,foul,Contact / Foul
2013,Pre-Statcast (2013 MVP Runner-Up),6,3,2,0.6266813023422002,2.353851909487203,Other,hit_into_play,Contact / Foul
2013,Pre-Statcast (2013 MVP Runner-Up),6,3,2,0.6946298638569944,2.2671359161955875,Other,swinging_strike,Whiff (Miss)
2022,Post-Statcast (2022 MVP),1,1,3,-0.42901124165432575,2.8598470984900324,Other,foul,Contact / Foul
2022,Post-Statcast (2022 MVP),5,2,2,0.16997126670370938,2.225073503790929,Other,hit_into_play,Contact / Foul
2022,Post-Statcast (2022 MVP),4,1,2,-0.5524322563389803,2.116638036262413,Other,foul,Contact / Foul
2013,Pre-Statcast (2013 MVP Runner-Up),2,2,3,0.19369433972663597,2.746258313611732,Other,swinging_strike,Whiff (Miss)
2013,Pre-Statcast (2013 MVP Runner-Up),5,2,2,0.18798271761644253,2.0299312992974836,Other,foul,Contact / Foul
2022,Post-Statcast (2022 MVP),4,1,2,-0.6003408979453015,2.3976349109475854,Other,foul_tip,Contact / Foul
2013,Pre-Statcast (2013 MVP Runner-Up),6,3,2,0.34146554699987575,2.232761328623256,Other,foul,Contact / Foul
2022,Post-Statcast (2022 MVP),2,2,3,-0.004143189523116458,2.756118614039118,Other,foul,Contact / Foul
2013,Pre-Statcast (2013 MVP Runner-Up),7,1,1,-0.6221378792449124,1.5212891706484606,Other,hit_into_play,Contact / Foul
2013,Pre-Statcast (2013 MVP Runner-Up),8,2,1,0.06793358595724158,1.5124165958931197,Other,foul_tip,Contact / Foul
2022,Post-Statcast (2022 MVP),4,1,2,-0.42124880670516945,2.0161319232434654,Other,foul,Contact / Foul
2013,Pre-Statcast (2013 MVP Runner-Up),5,2,2,-0.15355180770995622,2.0939200129725317,Other,foul_tip,Contact / Foul
2022,Post-Statcast (2022 MVP),4,1,2,-0.41322494692367356,2.3675123149228825,Other,swinging_strike,Whiff (Miss)
2013,Pre-Statcast (2013 MVP Runner-Up),5,2,2,-0.18691348525798124,2.1482119834937743,Other,foul,Contact / Foul
2022,Post-Statcast (2022 MVP),2,2,3,0.07302077043728239,2.7193637044606884,Other,swinging_strike,Whiff (Miss)
2022,Post-Statcast (2022 MVP),4,1,2,-0.5146613619774344,2.3409928742644595,Other,hit_into_play,Contact / Foul
2013,Pre-Statcast (2013 MVP Runner-Up),6,3,2,0.5853479577455258,2.398904961609217,Other,swinging_strike,Whiff (Miss)
2022,Post-Statcast (2022 MVP),4,1,2,-0.603538881938079,2.213475825835124,Other,foul_tip,Contact / Foul
2022,Post-Statcast (2022 MVP),1,1,3,-0.5480440175411807,3.0448793242262053,Other,foul,Contact / Foul
2022,Post-Statcast (2022 MVP),2,2,3,0.006245388835079607,2.811290275140713,Other,foul,Contact / Foul
2013,Pre-Statcast (2013 MVP Runner-Up),2,2,3,-0.048410752409233565,3.09412353751189,Other,foul,Contact / Foul
2022,Post-Statcast (2022 MVP),8,2,1,0.042651066428344514,1.6367171981353041,Other,hit_into_play,Contact / Foul
2022,Post-Statcast (2022 MVP),8,2,1,-0.04300066166130709,1.6565750174884344,Other,foul_tip,Contact / Foul
2013,Pre-Statcast (2013 MVP Runner-Up),8,2,1,0.04438179986520557,1.5554903176338755,Other,foul,Contact / Foul
2013,Pre-Statcast (2013 MVP Runner-Up),9,3,1,0.5115370158176037,1.5911432563624512,Other,hit_into_play,Contact / Foul
2013,Pre-Statcast (2013 MVP Runner-Up),1,1,3,-0.4969273301582699,2.7425643291190815,Other,foul_tip,Contact / Foul
2013,Pre-Statcast (2013 MVP Runner-Up),5,2,2,0.1884373248259945,2.0202314042651492,Other,foul,Contact / Foul
2022,Post-Statcast (2022 MVP),1,1,3,-0.31030984939815726,2.7544497886313053,Other,foul,Contact / Foul
2022,Post-Statcast (2022 MVP),7,1,1,-0.6619031446193221,1.564685305138385,Other,hit_into_play,Contact / Foul
2022,Post-Statcast (2022 MVP),4,1,2,-0.31040805530659915,2.040053734921983,Other,foul_tip,Contact / Foul
2022,Post-Statcast (2022 MVP),8,2,1,0.13725599247780507,1.4204619273261754,Other,foul_tip,Contact / Foul
2022,Post-Statcast (2022 MVP),6,3,2,0.6485728928657928,2.1681890272739244,Other,foul,Contact / Foul
2022,Post-Statcast (2022 MVP),2,2,3,0.1299390590544089,2.897885979022195,Other,foul,Contact / Foul
2013,Pre-Statcast (2013 MVP Runner-Up),4,1,2,-0.6703671318977441,2.2517782827807995,Other,hit_into_play,Contact / Foul
2013,Pre-Statcast (2013 MVP Runner-Up),3,3,3,0.6184908866400849,2.926373022146926,Other,swinging_strike,Whiff (Miss)
2022,Post-Statcast (2022 MVP),4,1,2,-0.6627893446567648,2.3685097611888426,Other,foul_tip,Contact / Foul
2013,Pre-Statcast (2013 MVP Runner-Up),4,1,2,-0.5670240177157002,2.305149071047992,Other,swinging_strike,Whiff (Miss)
2013,Pre-Statcast (2013 MVP Runner-Up),8,2,1,0.14042389543119865,1.487208307602516,Other,hit_into_play,Contact / Foul
2022,Post-Statcast (2022 MVP),6,3,2,0.47039808254998977,2.046360421463843,Other,swinging_strike,Whiff (Miss)
2022,Post-Statcast (2022 MVP),8,2,1,0.06376890035174931,1.5773832517390547,Other,hit_into_play,Contact / Foul
2013,Pre-Statcast (2013 MVP Runner-Up),8,2,1,-0.11706331801150212,1.4300198137704219,Other,foul_tip,Contact / Foul
2013,Pre-Statcast (2013 MVP Runner-Up),3,3,3,0.4194450609489534,2.855994659225487,Other,foul,Contact / Foul
2022,Post-Statcast (2022 MVP),9,3,1,0.6217477443548697,1.6293021862069619,Other,foul,Contact / Foul
2013,Pre-Statcast (2013 MVP Runner-Up),4,1,2,-0.304634399224255,2.316957464279972,Other,swinging_strike,Whiff (Miss)
2022,Post-Statcast (2022 MVP),5,2,2,0.04333755315865742,2.377201987223207,Other,swinging_strike,Whiff (Miss)
2022,Post-Statcast (2022 MVP),6,3,2,0.6473329087434081,2.209927164815452,Other,swinging_strike,Whiff (Miss)
2022,Post-Statcast (2022 MVP),6,3,2,0.594692838297245,2.233209480965343,Other,foul_tip,Contact / Foul
2013,Pre-Statcast (2013 MVP Runner-Up),4,1,2,-0.35215932670637257,2.392309852533038,Other,swinging_strike,Whiff (Miss)
2022,Post-Statcast (2022 MVP),5,2,2,-0.1686525911442044,2.273250187740902,Other,hit_into_play,Contact / Foul
2022,Post-Statcast (2022 MVP),2,2,3,-0.1590334244490007,3.0320282866170154,Other,hit_into_play,Contact / Foul
2022,Post-Statcast (2022 MVP),5,2,2,-0.13563820203547156,2.030000968417663,Other,hit_into_play,Contact / Foul
2022,Post-Statcast (2022 MVP),9,3,1,0.48190360346351213,1.4615825878825983,Other,swinging_strike,Whiff (Miss)
2022,Post-Statcast (2022 MVP),6,3,2,0.5588794504717358,2.1314643304274306,Other,swinging_strike,Whiff (Miss)
2013,Pre-Statcast (2013 MVP Runner-Up),6,3,2,0.5005469207491311,2.383088943546634,Other,foul,Contact / Foul
2013,Pre-Statcast (2013 MVP Runner-Up),9,3,1,0.6657765187102354,1.5782505142819927,Other,foul_tip,Contact / Foul
2022,Post-Statcast (2022 MVP),9,3,1,0.4030773546579869,1.5151613557730537,Other,swinging_strike,Whiff (Miss)
2022,Post-Statcast (2022 MVP),5,2,2,-0.10498068602110174,2.019854177215404,Other,foul_tip,Contact / Foul
2013,Pre-Statcast (2013 MVP Runner-Up),6,3,2,0.6254035462224352,2.0700356508206834,Other,foul_tip,Contact / Foul
2022,Post-Statcast (2022 MVP),7,1,1,-0.5749384076421463,1.5208498390132255,Other,swinging_strike,Whiff (Miss)
2022,Post-Statcast (2022 MVP),6,3,2,0.623337547656988,2.305167287327721,Other,hit_into_play,Contact / Foul
2013,Pre-Statcast (2013 MVP Runner-Up),7,1,1,-0.5881117289504072,1.695636280248289,Other,swinging_strike,Whiff (Miss)
2022,Post-Statcast (2022 MVP),1,1,3,-0.6444639764162333,2.820452506150027,Other,foul,Contact / Foul
2013,Pre-Statcast (2013 MVP Runner-Up),5,2,2,0.10177833009879433,2.3039508598430993,Other,swinging_strike,Whiff (Miss)
2013,Pre-Statcast (2013 MVP Runner-Up),4,1,2,-0.43272461182180255,2.1345586479565504,Other,foul,Contact / Foul
2013,Pre-Statcast (2013 MVP Runner-Up),5,2,2,-0.07024684316862939,2.376562969588022,Other,foul_tip,Contact / Foul
2013,Pre-Statcast (2013 MVP Runner-Up),2,2,3,0.021289456353926373,2.808939284925926,Other,foul_tip,Contact / Foul
2013,Pre-Statcast (2013 MVP Runner-Up),8,2,1,0.18161392906196505,1.420778335876646,Other,foul_tip,Contact / Foul
2013,Pre-Statcast (2013 MVP Runner-Up),5,2,2,-0.15454027728538136,2.0254232152588547,Other,foul,Contact / Foul
2013,Pre-Statcast (2013 MVP Runner-Up),6,3,2,0.6940530186920773,2.3168262694444564,Other,swinging_strike,Whiff (Miss)
2022,Post-Statcast (2022 MVP),2,2,3,-0.14576443742879636,3.000037654595646,Other,foul,Contact / Foul
2013,Pre-Statcast (2013 MVP Runner-Up),6,3,2,0.3906172186135549,2.0550261412708317,Other,hit_into_play,Contact / Foul
2013,Pre-Statcast (2013 MVP Runner-Up),4,1,2,-0.6943406530975744,2.2136540357070653,Other,foul,Contact / Foul
2022,Post-Statcast (2022 MVP),7,1,1,-0.35195276307146595,1.6319933927820578,Other,swinging_strike,Whiff (Miss)
2022,Post-Statcast (2022 MVP),4,1,2,-0.5226274704656044,2.051516619598802,Other,foul,Contact / Foul
2022,Post-Statcast (2022 MVP),9,3,1,0.6676709684436496,1.5198370614185743,Other,foul_tip,Contact / Foul
2013,Pre-Statcast (2013 MVP Runner-Up),5,2,2,0.18592977534836413,2.0504985079237557,Other,foul_tip,Contact / Foul
2013,Pre-Statcast (2013 MVP Runner-Up),7,1,1,-0.6819030421954941,1.3204630749532034,Other,foul_tip,Contact / Foul
2013,Pre-Statcast (2013 MVP Runner-Up),7,1,1,-0.3444012474204182,1.518230993418907,Other,foul_tip,Contact / Foul
2013,Pre-Statcast (2013 MVP Runner-Up),9,3,1,0.3735515914988997,1.515171305756327,Other,hit_into_play,Contact / Foul
2022,Post-Statcast (2022 MVP),9,3,1,0.4658454740380425,1.4320899060972203,Other,hit_into_play,Contact / Foul
2013,Pre-Statcast (2013 MVP Runner-Up),5,2,2,-0.027249392579303894,2.297835587676752,Other,foul,Contact / Foul
2022,Post-Statcast (2022 MVP),3,3,3,0.6599589706342108,2.8340044105264774,Other,swinging_strike,Whiff (Miss)
2013,Pre-Statcast (2013 MVP Runner-Up),3,3,3,0.36601789248140354,2.8869560596929236,Other,hit_into_play,Contact / Foul
2022,Post-Statcast (2022 MVP),2,2,3,-0.04446568785771715,2.9818942463838933,Other,hit_into_play,Contact / Foul
2022,Post-Statcast (2022 MVP),8,2,1,-0.04743457020785438,1.6288489480636215,Other,hit_into_play,Contact / Foul
2013,Pre-Statcast (2013 MVP Runner-Up),2,2,3,-0.12383603425524892,2.738772325691529,Other,foul,Contact / Foul
2022,Post-Statcast (2022 MVP),7,1,1,-0.3644735557284334,1.4931727854143706,Other,foul_tip,Contact / Foul
2022,Post-Statcast (2022 MVP),7,1,1,-0.6461455942277469,1.4995314568410445,Other,foul_tip,Contact / Foul
2013,Pre-Statcast (2013 MVP Runner-Up),9,3,1,0.6273529956360612,1.3947616139106882,Other,hit_into_play,Contact / Foul
2013,Pre-Statcast (2013 MVP Runner-Up),6,3,2,0.5654448424024235,2.366698582022848,Other,foul,Contact / Foul
2013,Pre-Statcast (2013 MVP Runner-Up),4,1,2,-0.5815014146939422,2.1443524276597548,Other,foul,Contact / Foul
2013,Pre-Statcast (2013 MVP Runner-Up),1,1,3,-0.6083807712143583,2.7128400975616147,Other,foul,Contact / Foul
2013,Pre-Statcast (2013 MVP Runner-Up),9,3,1,0.39626651765728477,1.3269163611557981,Other,foul_tip,Contact / Foul
2013,Pre-Statcast (2013 MVP Runner-Up),6,3,2,0.4238327549663844,2.15067172242252,Other,foul,Contact / Foul
2013,Pre-Statcast (2013 MVP Runner-Up),5,2,2,0.17960431530485504,2.329676432772629,Other,hit_into_play,Contact / Foul
2013,Pre-Statcast (2013 MVP Runner-Up),5,2,2,0.08968668483020725,2.3919768971127615,Other,foul_tip,Contact / Foul
2022,Post-Statcast (2022 MVP),2,2,3,0.12608637626154473,3.0855316357659754,Other,foul_tip,Contact / Foul
2022,Post-Statcast (2022 MVP),4,1,2,-0.6369538491737935,2.274421937180206,Other,foul_tip,Contact / Foul
2022,Post-Statcast (2022 MVP),8,2,1,-0.06724659403840741,1.444319129865093,Other,hit_into_play,Contact / Foul
2013,Pre-Statcast (2013 MVP Runner-Up),9,3,1,0.6317625140860129,1.3206146516456054,Other,foul,Contact / Foul
2013,Pre-Statcast (2013 MVP Runner-Up),6,3,2,0.5784287954303935,2.055517076727275,Other,foul_tip,Contact / Foul
2013,Pre-Statcast (2013 MVP Runner-Up),2,2,3,-0.19613212015666404,2.730097544029506,Other,foul_tip,Contact / Foul
2013,Pre-Statcast (2013 MVP Runner-Up),4,1,2,-0.3476613530568778,2.1938847187799992,Other,hit_into_play,Contact / Foul
2013,Pre-Statcast (2013 MVP Runner-Up),3,3,3,0.46577640439908774,2.951906152295085,Other,hit_into_play,Contact / Foul
2013,Pre-Statcast (2013 MVP Runner-Up),7,1,1,-0.40427225577055836,1.4196937370113274,Other,swinging_strike,Whiff (Miss)
2013,Pre-Statcast (2013 MVP Runner-Up),2,2,3,-0.17165706004453862,2.7952018537475976,Other,foul_tip,Contact / Foul
2022,Post-Statcast (2022 MVP),8,2,1,-0.07187489714057835,1.3329381792194004,Other,hit_into_play,Contact / Foul
2022,Post-Statcast (2022 MVP),9,3,1,0.5678648185585233,1.4621803867402081,Other,hit_into_play,Contact / Foul
2022,Post-Statcast (2022 MVP),3,3,3,0.6952619637857088,2.8689255735100234,Other,hit_into_play,Contact / Foul
2013,Pre-Statcast (2013 MVP Runner-Up),7,1,1,-0.5333652865347015,1.5555964768835482,Other,foul,Contact / Foul
2013,Pre-Statcast (2013 MVP Runner-Up),9,3,1,0.5266783679564313,1.6397769701157707,Other,swinging_strike,Whiff (Miss)
2013,Pre-Statcast (2013 MVP Runner-Up),8,2,1,0.10846970763505737,1.5819603747346336,Other,foul_tip,Contact / Foul
2013,Pre-Statcast (2013 MVP Runner-Up),5,2,2,0.01219307546357179,2.1504777622813958,Other,foul,Contact / Foul
2022,Post-Statcast (2022 MVP),2,2,3,-0.13640901483767226,3.073090225090369,Other,swinging_strike,Whiff (Miss)
2013,Pre-Statcast (2013 MVP Runner-Up),1,1,3,-0.4020044071633574,2.9155909158669155,Other,foul_tip,Contact / Foul
2013,Pre-Statcast (2013 MVP Runner-Up),4,1,2,-0.4967036433628424,2.3517305020585906,Other,hit_into_play,Contact / Foul
2013,Pre-Statcast (2013 MVP Runner-Up),3,3,3,0.3827337558057641,2.8680574071093696,Other,foul_tip,Contact / Foul
2013,Pre-Statcast (2013 MVP Runner-Up),5,2,2,0.1623690926320202,2.139750106188952,Other,swinging_strike,Whiff (Miss)
2013,Pre-Statcast (2013 MVP Runner-Up),1,1,3,-0.6088406897393812,2.8157551854408425,Other,hit_into_play,Contact / Foul
2022,Post-Statcast (2022 MVP),1,1,3,-0.5661055105012172,3.0261901880012005,Other,foul_tip,Contact / Foul
2022,Post-Statcast (2022 MVP),7,1,1,-0.5849445381971119,1.5657974274366495,Other,swinging_strike,Whiff (Miss)
2022,Post-Statcast (2022 MVP),9,3,1,0.6469209595968377,1.3682267135958786,Other,foul,Contact / Foul
2013,Pre-Statcast (2013 MVP Runner-Up),6,3,2,0.49848129061480906,2.199009356997451,Other,foul_tip,Contact / Foul
2013,Pre-Statcast (2013 MVP Runner-Up),3,3,3,0.5423570770241245,3.085493897640483,Other,swinging_strike,Whiff (Miss)
2013,Pre-Statcast (2013 MVP Runner-Up),5,2,2,-0.07912393018829991,2.163318342318165,Other,hit_into_play,Contact / Foul
2013,Pre-Statcast (2013 MVP Runner-Up),1,1,3,-0.6204355592941068,2.8495655410364584,Other,hit_into_play,Contact / Foul
2022,Post-Statcast (2022 MVP),6,3,2,0.4826154746765884,2.334283338146554,Other,swinging_strike,Whiff (Miss)
2013,Pre-Statcast (2013 MVP Runner-Up),2,2,3,-0.08600504351333732,2.8752738292030835,Other,foul_tip,Contact / Foul
2013,Pre-Statcast (2013 MVP Runner-Up),4,1,2,-0.37178021072576867,2.113135593313131,Other,foul,Contact / Foul
2013,Pre-Statcast (2013 MVP Runner-Up),1,1,3,-0.3996488801633561,3.0074394930629778,Other,foul,Contact / Foul
2013,Pre-Statcast (2013 MVP Runner-Up),7,1,1,-0.46666235520572935,1.3194632531718624,Other,foul,Contact / Foul
2013,Pre-Statcast (2013 MVP Runner-Up),5,2,2,0.17975230736476216,2.2785935966550532,Other,foul_tip,Contact / Foul
2022,Post-Statcast (2022 MVP),6,3,2,0.4490488613097795,2.137089089104144,Other,swinging_strike,Whiff (Miss)
2022,Post-Statcast (2022 MVP),5,2,2,0.14063446923705697,2.1835992075562443,Other,swinging_strike,Whiff (Miss)
2022,Post-Statcast (2022 MVP),7,1,1,-0.36227302415829904,1.4327890502218927,Other,foul_tip,Contact / Foul
2022,Post-Statcast (2022 MVP),1,1,3,-0.6581802567975753,2.8663901714102846,Other,swinging_strike,Whiff (Miss)
2022,Post-Statcast (2022 MVP),7,1,1,-0.31180334003515975,1.4811382824325467,Other,hit_into_play,Contact / Foul
2022,Post-Statcast (2022 MVP),1,1,3,-0.5095349875163346,2.8752663753092103,Other,swinging_strike,Whiff (Miss)
2022,Post-Statcast (2022 MVP),6,3,2,0.48888787296243325,2.0778175219907684,Other,hit_into_play,Contact / Foul
2013,Pre-Statcast (2013 MVP Runner-Up),4,1,2,-0.5919670414450396,2.3232796875227026,Other,foul_tip,Contact / Foul
2013,Pre-Statcast (2013 MVP Runner-Up),6,3,2,0.4488053513882735,2.305233788719432,Other,foul_tip,Contact / Foul
2022,Post-Statcast (2022 MVP),6,3,2,0.5905644448359203,2.3926276682092755,Other,swinging_strike,Whiff (Miss)
2013,Pre-Statcast (2013 MVP Runner-Up),5,2,2,-0.09421656865903048,2.049435494705397,Other,foul,Contact / Foul
2013,Pre-Statcast (2013 MVP Runner-Up),2,2,3,0.11457127128147276,2.8745575535482426,Other,swinging_strike,Whiff (Miss)
2013,Pre-Statcast (2013 MVP Runner-Up),5,2,2,-0.032349298634110873,2.2969076059061266,Other,hit_into_play,Contact / Foul
2013,Pre-Statcast (2013 MVP Runner-Up),9,3,1,0.5614942878236613,1.6432876636084748,Other,hit_into_play,Contact / Foul
2013,Pre-Statcast (2013 MVP Runner-Up),6,3,2,0.420460477834488,2.019099778647541,Other,foul,Contact / Foul
2022,Post-Statcast (2022 MVP),4,1,2,-0.4633236260060735,2.1973442703419543,Other,hit_into_play,Contact / Foul
2022,Post-Statcast (2022 MVP),6,3,2,0.3076498932493278,2.089728545329478,Other,hit_into_play,Contact / Foul
2013,Pre-Statcast (2013 MVP Runner-Up),6,3,2,0.47756335244043757,2.178851863868103,Other,foul_tip,Contact / Foul
2013,Pre-Statcast (2013 MVP Runner-Up),6,3,2,0.46662703808341593,2.2657485206968038,Other,hit_into_play,Contact / Foul
2022,Post-Statcast (2022 MVP),9,3,1,0.5646980250516632,1.4133818505622562,Other,hit_into_play,Contact / Foul
2022,Post-Statcast (2022 MVP),8,2,1,0.020637599410463336,1.5173877295672473,Other,foul_tip,Contact / Foul
2013,Pre-Statcast (2013 MVP Runner-Up),6,3,2,0.5029347541159113,2.1241631402425245,Other,foul,Contact / Foul
2022,Post-Statcast (2022 MVP),5,2,2,0.135751367730587,2.2245828469018405,Other,swinging_strike,Whiff (Miss)
2013,Pre-Statcast (2013 MVP Runner-Up),9,3,1,0.33137107640741126,1.5981826245019535,Other,swinging_strike,Whiff (Miss)
2022,Post-Statcast (2022 MVP),8,2,1,-0.06023881965518574,1.6533586955468471,Other,foul_tip,Contact / Foul
2022,Post-Statcast (2022 MVP),9,3,1,0.5492846955646538,1.5043219633833191,Other,hit_into_play,Contact / Foul
2013,Pre-Statcast (2013 MVP Runner-Up),5,2,2,0.10197725746734826,2.045527003244081,Other,foul,Contact / Foul
2013,Pre-Statcast (2013 MVP Runner-Up),9,3,1,0.6339286446674862,1.602471765943573,Other,foul,Contact / Foul
2022,Post-Statcast (2022 MVP),7,1,1,-0.658578415550573,1.5630087244526925,Other,foul_tip,Contact / Foul
2022,Post-Statcast (2022 MVP),6,3,2,0.4224460368365651,2.026114808988106,Other,hit_into_play,Contact / Foul
2022,Post-Statcast (2022 MVP),8,2,1,0.02622080316204395,1.4457973742714516,Other,foul,Contact / Foul
2022,Post-Statcast (2022 MVP),9,3,1,0.6448093117098531,1.4927880648263343,Other,swinging_strike,Whiff (Miss)
2013,Pre-Statcast (2013 MVP Runner-Up),9,3,1,0.3847231088196032,1.3760094790520594,Other,foul_tip,Contact / Foul
2022,Post-Statcast (2022 MVP),1,1,3,-0.32047061504217395,2.8328868861246503,Other,foul_tip,Contact / Foul
2022,Post-Statcast (2022 MVP),4,1,2,-0.629559852968004,2.237007803672565,Other,swinging_strike,Whiff (Miss)
2022,Post-Statcast (2022 MVP),8,2,1,0.05917624346354755,1.682956659643248,Other,hit_into_play,Contact / Foul
2013,Pre-Statcast (2013 MVP Runner-Up),5,2,2,0.15416551355983177,2.261968758997386,Other,foul,Contact / Foul
2013,Pre-Statcast (2013 MVP Runner-Up),8,2,1,-0.08516371724347196,1.3719925307302834,Other,swinging_strike,Whiff (Miss)
2022,Post-Statcast (2022 MVP),4,1,2,-0.42548589518577595,2.3750299592157753,Other,hit_into_play,Contact / Foul
2013,Pre-Statcast (2013 MVP Runner-Up),1,1,3,-0.4525920990543016,3.0446827601243105,Other,foul_tip,Contact / Foul
2013,Pre-Statcast (2013 MVP Runner-Up),5,2,2,-0.06419468754061444,2.133227448997253,Other,swinging_strike,Whiff (Miss)
2022,Post-Statcast (2022 MVP),5,2,2,0.19890769071151027,2.250890484892959,Other,foul_tip,Contact / Foul
2013,Pre-Statcast (2013 MVP Runner-Up),6,3,2,0.3858281701694879,2.244750873105457,Other,swinging_strike,Whiff (Miss)
2022,Post-Statcast (2022 MVP),1,1,3,-0.6591074343547016,2.734918892942046,Other,foul,Contact / Foul
2013,Pre-Statcast (2013 MVP Runner-Up),1,1,3,-0.5888105587559631,2.9542737777057595,Other,foul,Contact / Foul
2013,Pre-Statcast (2013 MVP Runner-Up),6,3,2,0.4443586097777529,2.2289109628466104,Other,swinging_strike,Whiff (Miss)
2022,Post-Statcast (2022 MVP),2,2,3,-0.11604873296409038,2.995045192801725,Other,foul_tip,Contact / Foul
2022,Post-Statcast (2022 MVP),2,2,3,-0.19972962739515832,3.0832127077215885,Other,swinging_strike,Whiff (Miss)
2022,Post-Statcast (2022 MVP),9,3,1,0.3426332865797834,1.470428635631728,Other,foul_tip,Contact / Foul
2022,Post-Statcast (2022 MVP),4,1,2,-0.409113984383611,2.041579607740624,Other,foul_tip,Contact / Foul
2022,Post-Statcast (2022 MVP),2,2,3,0.1367940856546192,2.9477639915156693,Other,foul,Contact / Foul
2013,Pre-Statcast (2013 MVP Runner-Up),6,3,2,0.5052344077858208,2.299959193704756,Other,hit_into_play,Contact / Foul
2022,Post-Statcast (2022 MVP),8,2,1,-0.18329074381282978,1.5290874379773582,Other,foul,Contact / Foul
2013,Pre-Statcast (2013 MVP Runner-Up),4,1,2,-0.4840073749607944,2.175103545428639,Other,foul_tip,Contact / Foul
2022,Post-Statcast (2022 MVP),4,1,2,-0.6778243556630313,2.343743913074989,Other,hit_into_play,Contact / Foul
2013,Pre-Statcast (2013 MVP Runner-Up),1,1,3,-0.4442292806168465,2.7100043020890663,Other,foul,Contact / Foul
2013,Pre-Statcast (2013 MVP Runner-Up),1,1,3,-0.6714389961685807,2.9539913152788237,Other,foul_tip,Contact / Foul
2013,Pre-Statcast (2013 MVP Runner-Up),6,3,2,0.48633327984842356,2.2069440047279443,Other,swinging_strike,Whiff (Miss)
2022,Post-Statcast (2022 MVP),7,1,1,-0.3950501374952829,1.4094383519824445,Other,foul,Contact / Foul
2022,Post-Statcast (2022 MVP),8,2,1,-0.15415098315072662,1.5683911645402313,Other,foul_tip,Contact / Foul
2013,Pre-Statcast (2013 MVP Runner-Up),9,3,1,0.41998985613596923,1.6312248314853521,Other,hit_into_play,Contact / Foul
2022,Post-Statcast (2022 MVP),9,3,1,0.6832953345938215,1.5397430091179718,Other,foul_tip,Contact / Foul
2013,Pre-Statcast (2013 MVP Runner-Up),7,1,1,-0.6214792322067706,1.6825406508172793,Other,foul,Contact / Foul
2022,Post-Statcast (2022 MVP),1,1,3,-0.553993785041905,3.0728268610353777,Other,hit_into_play,Contact / Foul
2013,Pre-Statcast (2013 MVP Runner-Up),3,3,3,0.4323525564152334,2.8863697213404595,Other,hit_into_play,Contact / Foul
2013,Pre-Statcast (2013 MVP Runner-Up),5,2,2,0.0837995846275737,2.1670775839373926,Other,swinging_strike,Whiff (Miss)
2022,Post-Statcast (2022 MVP),4,1,2,-0.41970975747138317,2.2941411475129474,Other,foul,Contact / Foul
2022,Post-Statcast (2022 MVP),2,2,3,0.16750748473193017,3.0969944902578694,Other,foul_tip,Contact / Foul
2022,Post-Statcast (2022 MVP),9,3,1,0.4589816592781898,1.3814774644769077,Other,foul_tip,Contact / Foul
2013,Pre-Statcast (2013 MVP Runner-Up),7,1,1,-0.45020832502653374,1.6608003574762908,Other,foul,Contact / Foul
2022,Post-Statcast (2022 MVP),8,2,1,0.10768010196100564,1.3851042744705186,Other,hit_into_play,Contact / Foul
2022,Post-Statcast (2022 MVP),6,3,2,0.35728966091985537,2.3449575773348466,Other,hit_into_play,Contact / Foul
2022,Post-Statcast (2022 MVP),6,3,2,0.6115764709735259,2.195032338299243,Other,foul_tip,Contact / Foul
2022,Post-Statcast (2022 MVP),4,1,2,-0.5529248888572753,2.1020464324156314,Other,hit_into_play,Contact / Foul
2022,Post-Statcast (2022 MVP),1,1,3,-0.6416260717413809,2.7668829603036524,Other,foul,Contact / Foul
2022,Post-Statcast (2022 MVP),4,1,2,-0.5763787711395122,2.196174568050992,Other,swinging_strike,Whiff (Miss)
2022,Post-Statcast (2022 MVP),6,3,2,0.6404855552845641,2.1882146270682723,Other,foul_tip,Contact / Foul
2022,Post-Statcast (2022 MVP),8,2,1,-0.10386084942669736,1.5569057423284682,Other,foul_tip,Contact / Foul
2022,Post-Statcast (2022 MVP),1,1,3,-0.6539658933204856,3.0396720032187634,Other,swinging_strike,Whiff (Miss)
2022,Post-Statcast (2022 MVP),5,2,2,-0.09684545600488939,2.364321794292638,Other,hit_into_play,Contact / Foul
2022,Post-Statcast (2022 MVP),5,2,2,-0.1613189515897414,2.267256469559048,Other,foul_tip,Contact / Foul
2013,Pre-Statcast (2013 MVP Runner-Up),5,2,2,0.11544419360406155,2.0133458124982533,Other,foul,Contact / Foul
2022,Post-Statcast (2022 MVP),4,1,2,-0.595603624430556,2.1260035661639036,Other,foul,Contact / Foul
2013,Pre-Statcast (2013 MVP Runner-Up),4,1,2,-0.4619823850722381,2.329696120528004,Other,foul,Contact / Foul
2022,Post-Statcast (2022 MVP),8,2,1,-0.06777488450309238,1.5838757185265258,Other,hit_into_play,Contact / Foul
2022,Post-Statcast (2022 MVP),7,1,1,-0.41585890914378987,1.6043100099332266,Other,foul_tip,Contact / Foul
2013,Pre-Statcast (2013 MVP Runner-Up),6,3,2,0.5093938230712846,2.14424150308275,Other,foul_tip,Contact / Foul
2022,Post-Statcast (2022 MVP),9,3,1,0.5310604612361083,1.6096777936979967,Other,foul,Contact / Foul
2022,Post-Statcast (2022 MVP),2,2,3,0.029922417949765773,2.8692155128292844,Other,foul,Contact / Foul
2022,Post-Statcast (2022 MVP),8,2,1,-0.057144656395271026,1.5685182263120203,Other,hit_into_play,Contact / Foul
2022,Post-Statcast (2022 MVP),9,3,1,0.37096887372693177,1.6606432873450165,Other,foul_tip,Contact / Foul
2013,Pre-Statcast (2013 MVP Runner-Up),8,2,1,-0.016434211587055547,1.4029059520918077,Other,hit_into_play,Contact / Foul
2022,Post-Statcast (2022 MVP),9,3,1,0.5024952385022192,1.5234522851478636,Other,swinging_strike,Whiff (Miss)
2013,Pre-Statcast (2013 MVP Runner-Up),2,2,3,-0.16063285153921647,2.861048512840907,Other,foul,Contact / Foul
2013,Pre-Statcast (2013 MVP Runner-Up),1,1,3,-0.5506317989882825,3.0598456338571776,Other,swinging_strike,Whiff (Miss)
2013,Pre-Statcast (2013 MVP Runner-Up),5,2,2,-0.0999607102369195,2.3381215700570395,Other,hit_into_play,Contact / Foul
2022,Post-Statcast (2022 MVP),4,1,2,-0.4788540846016542,2.3655790678084516,Other,foul_tip,Contact / Foul
2022,Post-Statcast (2022 MVP),8,2,1,-0.11084029818662473,1.4623368810203612,Other,swinging_strike,Whiff (Miss)
2013,Pre-Statcast (2013 MVP Runner-Up),4,1,2,-0.6393091972196174,2.324456830510019,Other,foul,Contact / Foul
2022,Post-Statcast (2022 MVP),6,3,2,0.6953443863287069,2.2562378982458626,Other,foul,Contact / Foul
2022,Post-Statcast (2022 MVP),1,1,3,-0.5153511108667406,2.9833468205024247,Other,foul,Contact / Foul
2013,Pre-Statcast (2013 MVP Runner-Up),6,3,2,0.4311679621366239,2.118255979736137,Other,foul,Contact / Foul
2013,Pre-Statcast (2013 MVP Runner-Up),6,3,2,0.5713517379360324,2.1136587895512458,Other,foul_tip,Contact / Foul
2022,Post-Statcast (2022 MVP),9,3,1,0.6154624074524582,1.388152929177621,Other,swinging_strike,Whiff (Miss)
2013,Pre-Statcast (2013 MVP Runner-Up),7,1,1,-0.32335720485256164,1.3616777067518253,Other,foul_tip,Contact / Foul
2013,Pre-Statcast (2013 MVP Runner-Up),9,3,1,0.35774069966607136,1.4852100637994443,Other,hit_into_play,Contact / Foul
2022,Post-Statcast (2022 MVP),6,3,2,0.5046339145862049,2.247079182022019,Other,foul,Contact / Foul
2013,Pre-Statcast (2013 MVP Runner-Up),3,3,3,0.5381809273877679,3.0800158433772618,Other,foul,Contact / Foul
2013,Pre-Statcast (2013 MVP Runner-Up),4,1,2,-0.6044777823335002,2.153188339571841,Other,swinging_strike,Whiff (Miss)
2022,Post-Statcast (2022 MVP),5,2,2,-0.11427256507542377,2.088540430806219,Other,swinging_strike,Whiff (Miss)
2013,Pre-Statcast (2013 MVP Runner-Up),6,3,2,0.4091165198365426,2.3621224835912966,Other,hit_into_play,Contact / Foul
2013,Pre-Statcast (2013 MVP Runner-Up),3,3,3,0.5314738930036974,3.071554867362848,Other,swinging_strike,Whiff (Miss)
2013,Pre-Statcast (2013 MVP Runner-Up),3,3,3,0.6669880057821761,2.7485434396757533,Other,hit_into_play,Contact / Foul
2022,Post-Statcast (2022 MVP),4,1,2,-0.34229263194229514,2.269648172625239,Other,hit_into_play,Contact / Foul
2022,Post-Statcast (2022 MVP),7,1,1,-0.6787740001968915,1.3226419097182227,Other,foul,Contact / Foul
2013,Pre-Statcast (2013 MVP Runner-Up),1,1,3,-0.32126052811800365,2.7660507835896504,Other,foul_tip,Contact / Foul
2022,Post-Statcast (2022 MVP),9,3,1,0.46022436257028915,1.4353751385237388,Other,foul_tip,Contact / Foul
2022,Post-Statcast (2022 MVP),9,3,1,0.5896747192311024,1.4370685098241327,Other,foul,Contact / Foul
2022,Post-Statcast (2022 MVP),2,2,3,0.004322392085823384,2.9290856215781167,Other,foul,Contact / Foul
2013,Pre-Statcast (2013 MVP Runner-Up),2,2,3,0.14852921434520328,2.789169418882323,Other,swinging_strike,Whiff (Miss)
2013,Pre-Statcast (2013 MVP Runner-Up),3,3,3,0.5570998592037343,2.7542797948922253,Other,foul,Contact / Foul
2013,Pre-Statcast (2013 MVP Runner-Up),3,3,3,0.5873428914384033,3.0111167544701725,Other,swinging_strike,Whiff (Miss)
2013,Pre-Statcast (2013 MVP Runner-Up),9,3,1,0.5134600509665053,1.4437038222206302,Other,foul,Contact / Foul
2013,Pre-Statcast (2013 MVP Runner-Up),5,2,2,0.026371224766374712,2.3170077895523815,Other,hit_into_play,Contact / Foul
2022,Post-Statcast (2022 MVP),9,3,1,0.30897841526171654,1.3172577325340662,Other,foul_tip,Contact / Foul
2013,Pre-Statcast (2013 MVP Runner-Up),3,3,3,0.5445095892242721,3.0073957356000784,Other,foul,Contact / Foul
2022,Post-Statcast (2022 MVP),9,3,1,0.49260665975579443,1.4915258570880328,Other,hit_into_play,Contact / Foul
2013,Pre-Statcast (2013 MVP Runner-Up),6,3,2,0.5584099282933952,2.1693625465288418,Other,foul,Contact / Foul
2022,Post-Statcast (2022 MVP),6,3,2,0.4440858656215551,2.2707066128036595,Other,swinging_strike,Whiff (Miss)
2022,Post-Statcast (2022 MVP),9,3,1,0.4595722546389637,1.5995152527721963,Other,swinging_strike,Whiff (Miss)
2013,Pre-Statcast (2013 MVP Runner-Up),4,1,2,-0.6543651437100302,2.026137374045573,Other,foul,Contact / Foul
2013,Pre-Statcast (2013 MVP Runner-Up),1,1,3,-0.33260260224171906,2.939577833784091,Other,foul,Contact / Foul
2022,Post-Statcast (2022 MVP),9,3,1,0.3665365465231527,1.6689787482620404,Other,foul_tip,Contact / Foul
2013,Pre-Statcast (2013 MVP Runner-Up),5,2,2,-0.1299722579748382,2.243796714755415,Other,foul,Contact / Foul
2013,Pre-Statcast (2013 MVP Runner-Up),9,3,1,0.49040204005275645,1.5546992302222555,Other,foul_tip,Contact / Foul
2022,Post-Statcast (2022 MVP),1,1,3,-0.660557376567309,2.788800431819785,Other,foul_tip,Contact / Foul
2022,Post-Statcast (2022 MVP),3,3,3,0.5931743350220167,2.7472226881129447,Other,swinging_strike,Whiff (Miss)
2022,Post-Statcast (2022 MVP),5,2,2,0.05527626362982824,2.3908230783997064,Other,foul,Contact / Foul
2013,Pre-Statcast (2013 MVP Runner-Up),8,2,1,0.1079364189832745,1.5761161509675257,Other,foul_tip,Contact / Foul
2022,Post-Statcast (2022 MVP),1,1,3,-0.6031915329316805,2.9634651874129267,Other,foul_tip,Contact / Foul
2013,Pre-Statcast (2013 MVP Runner-Up),6,3,2,0.3006257343733596,2.1411264158504135,Other,foul_tip,Contact / Foul
2013,Pre-Statcast (2013 MVP Runner-Up),9,3,1,0.3469264797773338,1.6998288028071247,Other,foul,Contact / Foul
2022,Post-Statcast (2022 MVP),6,3,2,0.3905062845156334,2.35079405410394,Other,foul,Contact / Foul
2022,Post-Statcast (2022 MVP),5,2,2,-0.07562028086082147,2.337138627444563,Other,foul_tip,Contact / Foul
2013,Pre-Statcast (2013 MVP Runner-Up),6,3,2,0.30760155396438815,2.0862618977873417,Other,hit_into_play,Contact / Foul
2022,Post-Statcast (2022 MVP),8,2,1,0.018646054680496515,1.5413547909154566,Other,foul_tip,Contact / Foul
2013,Pre-Statcast (2013 MVP Runner-Up),6,3,2,0.31036533634565727,2.07441921978904,Other,foul_tip,Contact / Foul
2022,Post-Statcast (2022 MVP),6,3,2,0.38219796626327046,2.274296011419032,Other,hit_into_play,Contact / Foul
2013,Pre-Statcast (2013 MVP Runner-Up),7,1,1,-0.5930113302183271,1.3991675530102183,Other,hit_into_play,Contact / Foul
2013,Pre-Statcast (2013 MVP Runner-Up),7,1,1,-0.6760347868261324,1.4758421999681643,Other,foul,Contact / Foul
2013,Pre-Statcast (2013 MVP Runner-Up),5,2,2,-0.07009272822179446,2.3205288617241813,Other,swinging_strike,Whiff (Miss)
2013,Pre-Statcast (2013 MVP Runner-Up),8,2,1,-0.09061698529783078,1.348749642293086,Other,foul_tip,Contact / Foul
2013,Pre-Statcast (2013 MVP Runner-Up),5,2,2,0.14373687366730664,2.1520037590090624,Other,foul,Contact / Foul
2013,Pre-Statcast (2013 MVP Runner-Up),3,3,3,0.3097701550907305,2.7979370176313396,Other,foul,Contact / Foul
2013,Pre-Statcast (2013 MVP Runner-Up),3,3,3,0.5682514017731998,2.845688588712505,Other,hit_into_play,Contact / Foul
2013,Pre-Statcast (2013 MVP Runner-Up),9,3,1,0.6828947575650575,1.5095777661616319,Other,hit_into_play,Contact / Foul
2022,Post-Statcast (2022 MVP),8,2,1,0.1268947060934288,1.438012929221575,Other,swinging_strike,Whiff (Miss)
2022,Post-Statcast (2022 MVP),9,3,1,0.5090845372068634,1.663735689235805,Other,foul_tip,Contact / Foul
2022,Post-Statcast (2022 MVP),6,3,2,0.38894527759050757,2.2138540406176856,Other,foul,Contact / Foul
2022,Post-Statcast (2022 MVP),8,2,1,0.0004492685509085437,1.336221609702066,Other,foul,Contact / Foul
2013,Pre-Statcast (2013 MVP Runner-Up),8,2,1,0.0762001043674102,1.464150963729082,Other,foul_tip,Contact / Foul
2022,Post-Statcast (2022 MVP),6,3,2,0.6946561490798719,2.1253656287029354,Other,hit_into_play,Contact / Foul
2013,Pre-Statcast (2013 MVP Runner-Up),5,2,2,0.04788414741496613,2.0963319167425256,Other,foul_tip,Contact / Foul
2013,Pre-Statcast (2013 MVP Runner-Up),4,1,2,-0.5552882563393299,2.3025772616222295,Other,foul_tip,Contact / Foul
2022,Post-Statcast (2022 MVP),6,3,2,0.662610602202022,2.2687473903849638,Other,foul_tip,Contact / Foul
2022,Post-Statcast (2022 MVP),2,2,3,-0.04454429563490031,2.8570176022857563,Other,hit_into_play,Contact / Foul
2013,Pre-Statcast (2013 MVP Runner-Up),6,3,2,0.3300164659952637,2.2550050151533196,Other,foul,Contact / Foul
2022,Post-Statcast (2022 MVP),5,2,2,-0.041223088993400936,2.3692294273491887,Other,swinging_strike,Whiff (Miss)
2022,Post-Statcast (2022 MVP),8,2,1,-0.11729037011299961,1.6630904370291844,Other,foul,Contact / Foul
2022,Post-Statcast (2022 MVP),9,3,1,0.34680359900874563,1.5053146748444717,Other,swinging_strike,Whiff (Miss)
2022,Post-Statcast (2022 MVP),1,1,3,-0.5326797230731094,2.7147060656271003,Other,foul,Contact / Foul
2022,Post-Statcast (2022 MVP),2,2,3,0.11827117065913811,2.859086347275465,Other,foul,Contact / Foul
2022,Post-Statcast (2022 MVP),3,3,3,0.5349453987703698,2.705517370290116,Other,hit_into_play,Contact / Foul
2022,Post-Statcast (2022 MVP),6,3,2,0.561989427549356,2.004944085194374,Other,swinging_strike,Whiff (Miss)
2013,Pre-Statcast (2013 MVP Runner-Up),7,1,1,-0.4278405439524557,1.3475244078894357,Other,swinging_strike,Whiff (Miss)
2013,Pre-Statcast (2013 MVP Runner-Up),8,2,1,0.009727413934208201,1.6557039855079667,Other,hit_into_play,Contact / Foul
2013,Pre-Statcast (2013 MVP Runner-Up),6,3,2,0.5410486510922399,2.1704464291532184,Other,foul_tip,Contact / Foul
2022,Post-Statcast (2022 MVP),9,3,1,0.5751066947111104,1.4263606858517082,Other,foul,Contact / Foul
2022,Post-Statcast (2022 MVP),4,1,2,-0.670067806268049,2.2271282913156836,Other,foul,Contact / Foul
2022,Post-Statcast (2022 MVP),6,3,2,0.38447609166525787,2.0087653088262467,Other,foul_tip,Contact / Foul
2022,Post-Statcast (2022 MVP),6,3,2,0.36759389675605886,2.1466365805599397,Other,foul_tip,Contact / Foul
2022,Post-Statcast (2022 MVP),8,2,1,-0.09936543590924513,1.6890696433402372,Other,swinging_strike,Whiff (Miss)
2022,Post-Statcast (2022 MVP),9,3,1,0.3642952036532869,1.685828100549807,Other,hit_into_play,Contact / Foul
2013,Pre-Statcast (2013 MVP Runner-Up),5,2,2,0.11120681572568109,2.2052951830436767,Other,hit_into_play,Contact / Foul
2022,Post-Statcast (2022 MVP),5,2,2,0.0739408108538907,2.3889986570742727,Other,hit_into_play,Contact / Foul
2022,Post-Statcast (2022 MVP),7,1,1,-0.4798017721077284,1.4514550370075612,Other,hit_into_play,Contact / Foul
2013,Pre-Statcast (2013 MVP Runner-Up),8,2,1,0.06091949216763182,1.3928880796884069,Other,foul_tip,Contact / Foul
2013,Pre-Statcast (2013 MVP Runner-Up),4,1,2,-0.4612837037950793,2.3922042521850053,Other,hit_into_play,Contact / Foul
2013,Pre-Statcast (2013 MVP Runner-Up),9,3,1,0.5260008729791876,1.696093212655891,Other,hit_into_play,Contact / Foul
2013,Pre-Statcast (2013 MVP Runner-Up),1,1,3,-0.6553791305616494,2.8739061002676416,Other,foul,Contact / Foul
2013,Pre-Statcast (2013 MVP Runner-Up),8,2,1,0.017276350795311257,1.6583041846160904,Other,foul,Contact / Foul
2013,Pre-Statcast (2013 MVP Runner-Up),6,3,2,0.6009564660445944,2.313520143773937,Other,hit_into_play,Contact / Foul
2022,Post-Statcast (2022 MVP),4,1,2,-0.6765635078887526,2.3966125293722285,Other,foul_tip,Contact / Foul
2022,Post-Statcast (2022 MVP),4,1,2,-0.558078146173936,2.335688900922364,Other,hit_into_play,Contact / Foul
2013,Pre-Statcast (2013 MVP Runner-Up),8,2,1,-0.09568588917382247,1.3942085011206136,Other,foul,Contact / Foul
2013,Pre-Statcast (2013 MVP Runner-Up),8,2,1,0.029150939021813066,1.4046212603261572,Other,foul,Contact / Foul
2013,Pre-Statcast (2013 MVP Runner-Up),6,3,2,0.5109839153845931,2.386507261282379,Other,hit_into_play,Contact / Foul
2013,Pre-Statcast (2013 MVP Runner-Up),8,2,1,-0.007820486514234393,1.5096929330498732,Other,foul_tip,Contact / Foul
2022,Post-Statcast (2022 MVP),1,1,3,-0.3137132889144687,2.8721822175560723,Other,hit_into_play,Contact / Foul
2013,Pre-Statcast (2013 MVP Runner-Up),3,3,3,0.38466411368459263,2.830738321952523,Other,foul,Contact / Foul
2022,Post-Statcast (2022 MVP),6,3,2,0.40377050908479556,2.167426274432537,Other,foul,Contact / Foul
2022,Post-Statcast (2022 MVP),2,2,3,-0.09487391010350894,3.0448798501990093,Other,hit_into_play,Contact / Foul
2013,Pre-Statcast (2013 MVP Runner-Up),6,3,2,0.6083498881452405,2.3340479306538224,Other,foul_tip,Contact / Foul
2013,Pre-Statcast (2013 MVP Runner-Up),5,2,2,-0.19755768423853654,2.3479450826145754,Other,foul_tip,Contact / Foul
2013,Pre-Statcast (2013 MVP Runner-Up),2,2,3,0.1458422784879856,3.0904824131723845,Other,hit_into_play,Contact / Foul
2013,Pre-Statcast (2013 MVP Runner-Up),5,2,2,-0.10609190275919139,2.273759829762367,Other,foul,Contact / Foul
2022,Post-Statcast (2022 MVP),7,1,1,-0.5170448492215375,1.5357264666443775,Other,foul_tip,Contact / Foul
2013,Pre-Statcast (2013 MVP Runner-Up),3,3,3,0.32744734818110777,3.082914241110547,Other,swinging_strike,Whiff (Miss)
2013,Pre-Statcast (2013 MVP Runner-Up),9,3,1,0.339443292626192,1.6925273827386307,Other,foul,Contact / Foul
2013,Pre-Statcast (2013 MVP Runner-Up),2,2,3,-0.19627381724630144,2.9484637021972366,Other,foul_tip,Contact / Foul
2022,Post-Statcast (2022 MVP),5,2,2,-0.14091519240555417,2.28187853669293,Other,hit_into_play,Contact / Foul
2022,Post-Statcast (2022 MVP),4,1,2,-0.4197756786594327,2.379023494028006,Other,swinging_strike,Whiff (Miss)
2013,Pre-Statcast (2013 MVP Runner-Up),6,3,2,0.6252739135259204,2.268046559997889,Other,foul_tip,Contact / Foul
2013,Pre-Statcast (2013 MVP Runner-Up),6,3,2,0.4869623357166699,2.3932047830571146,Other,swinging_strike,Whiff (Miss)
2022,Post-Statcast (2022 MVP),2,2,3,-0.1627433367641809,3.088860116775182,Other,foul_tip,Contact / Foul
2022,Post-Statcast (2022 MVP),9,3,1,0.5304483267596868,1.4701957587417456,Other,foul,Contact / Foul
2022,Post-Statcast (2022 MVP),8,2,1,-0.04745095695277329,1.6184826342612137,Other,hit_into_play,Contact / Foul
2022,Post-Statcast (2022 MVP),4,1,2,-0.34912055429937,2.3803961048573776,Other,hit_into_play,Contact / Foul
2022,Post-Statcast (2022 MVP),3,3,3,0.5449187177682888,2.7220114478745754,Other,swinging_strike,Whiff (Miss)
2022,Post-Statcast (2022 MVP),6,3,2,0.6264058804211472,2.1372668198542293,Other,foul_tip,Contact / Foul
2013,Pre-Statcast (2013 MVP Runner-Up),4,1,2,-0.6714360652576743,2.06636911568829,Other,foul,Contact / Foul
2022,Post-Statcast (2022 MVP),3,3,3,0.44702467584904726,2.8197021309647834,Other,foul,Contact / Foul
2013,Pre-Statcast (2013 MVP Runner-Up),9,3,1,0.61619923409366,1.57572421647359,Other,swinging_strike,Whiff (Miss)
2013,Pre-Statcast (2013 MVP Runner-Up),5,2,2,0.16136148162918718,2.2585362435562093,Other,foul,Contact / Foul
2013,Pre-Statcast (2013 MVP Runner-Up),1,1,3,-0.6349383611375661,2.8421082800910082,Other,foul_tip,Contact / Foul
2022,Post-Statcast (2022 MVP),2,2,3,0.09700730077191483,3.006367821977476,Other,foul_tip,Contact / Foul
2013,Pre-Statcast (2013 MVP Runner-Up),4,1,2,-0.3079021469586498,2.0974923624300557,Other,foul_tip,Contact / Foul
2022,Post-Statcast (2022 MVP),8,2,1,0.1409004511069903,1.6405550889701896,Other,foul_tip,Contact / Foul
2013,Pre-Statcast (2013 MVP Runner-Up),4,1,2,-0.48031214436586733,2.371069104337779,Other,foul,Contact / Foul
2013,Pre-Statcast (2013 MVP Runner-Up),5,2,2,0.19501092174646895,2.216086182745261,Other,hit_into_play,Contact / Foul
2013,Pre-Statcast (2013 MVP Runner-Up),9,3,1,0.6064213870055614,1.65350264873815,Other,hit_into_play,Contact / Foul
2022,Post-Statcast (2022 MVP),1,1,3,-0.35451272909272336,2.704936245953581,Other,foul,Contact / Foul
2022,Post-Statcast (2022 MVP),4,1,2,-0.556355156064974,2.2178071224136207,Other,foul,Contact / Foul
2013,Pre-Statcast (2013 MVP Runner-Up),5,2,2,0.10913923569902412,2.1976468100069555,Other,swinging_strike,Whiff (Miss)
2013,Pre-Statcast (2013 MVP Runner-Up),6,3,2,0.344343158116006,2.3620587542647997,Other,foul_tip,Contact / Foul
2022,Post-Statcast (2022 MVP),8,2,1,-0.04564962608638243,1.5160949251770246,Other,foul,Contact / Foul
2013,Pre-Statcast (2013 MVP Runner-Up),3,3,3,0.3989133214931508,3.0356915385138388,Other,swinging_strike,Whiff (Miss)
2013,Pre-Statcast (2013 MVP Runner-Up),5,2,2,0.0472501053216961,2.332810365228683,Other,swinging_strike,Whiff (Miss)
2022,Post-Statcast (2022 MVP),7,1,1,-0.611301156871924,1.4365428458307354,Other,foul_tip,Contact / Foul
2022,Post-Statcast (2022 MVP),5,2,2,0.06800982844562137,2.2917143788536,Other,foul,Contact / Foul
2013,Pre-Statcast (2013 MVP Runner-Up),4,1,2,-0.5365929709359893,2.275748454313908,Other,foul,Contact / Foul
2022,Post-Statcast (2022 MVP),5,2,2,-0.11070511440774303,2.235580062313242,Other,hit_into_play,Contact / Foul
2013,Pre-Statcast (2013 MVP Runner-Up),5,2,2,0.18695363046672492,2.118056579668997,Other,foul,Contact / Foul
2022,Post-Statcast (2022 MVP),1,1,3,-0.4924808932602602,2.932207318209601,Other,foul_tip,Contact / Foul
2013,Pre-Statcast (2013 MVP Runner-Up),6,3,2,0.31464830861476334,2.2587601995203004,Other,foul,Contact / Foul
2013,Pre-Statcast (2013 MVP Runner-Up),9,3,1,0.588004775099689,1.4180769150030952,Other,hit_into_play,Contact / Foul
2013,Pre-Statcast (2013 MVP Runner-Up),8,2,1,-0.050550063205225454,1.5807762907422616,Other,foul,Contact / Foul
2013,Pre-Statcast (2013 MVP Runner-Up),8,2,1,0.08015395123887037,1.5164654016319623,Other,swinging_strike,Whiff (Miss)
2022,Post-Statcast (2022 MVP),8,2,1,-0.02151182246439931,1.3716580735634483,Other,foul_tip,Contact / Foul
2022,Post-Statcast (2022 MVP),7,1,1,-0.5856288079098546,1.6389204365682195,Other,hit_into_play,Contact / Foul
2013,Pre-Statcast (2013 MVP Runner-Up),9,3,1,0.6283609551140548,1.6715499761013315,Other,swinging_strike,Whiff (Miss)
2022,Post-Statcast (2022 MVP),9,3,1,0.6587875811390127,1.6099481692271214,Other,foul_tip,Contact / Foul
2013,Pre-Statcast (2013 MVP Runner-Up),9,3,1,0.5382434648177118,1.687568210880622,Other,swinging_strike,Whiff (Miss)
2022,Post-Statcast (2022 MVP),9,3,1,0.3874264535138495,1.5294850476654642,Other,swinging_strike,Whiff (Miss)
2013,Pre-Statcast (2013 MVP Runner-Up),5,2,2,-0.15666155912030774,2.0935287608846336,Other,hit_into_play,Contact / Foul
2013,Pre-Statcast (2013 MVP Runner-Up),8,2,1,0.10474384798844283,1.5721367679677591,Other,foul_tip,Contact / Foul
2013,Pre-Statcast (2013 MVP Runner-Up),8,2,1,0.02419503609448781,1.673794155703203,Other,foul_tip,Contact / Foul
2022,Post-Statcast (2022 MVP),5,2,2,-0.052659228970091704,2.1856873855147554,Other,swinging_strike,Whiff (Miss)
2022,Post-Statcast (2022 MVP),2,2,3,-0.1330986050287765,2.9261591196979895,Other,hit_into_play,Contact / Foul
2013,Pre-Statcast (2013 MVP Runner-Up),6,3,2,0.5555806928691241,2.249124227336388,Other,hit_into_play,Contact / Foul
2013,Pre-Statcast (2013 MVP Runner-Up),5,2,2,0.025796713361119716,2.2541193276242377,Other,swinging_strike,Whiff (Miss)
2013,Pre-Statcast (2013 MVP Runner-Up),6,3,2,0.6324186874552744,2.0366854278636377,Other,hit_into_play,Contact / Foul
2022,Post-Statcast (2022 MVP),4,1,2,-0.46707047943437474,2.1035282609386106,Other,hit_into_play,Contact / Foul
2013,Pre-Statcast (2013 MVP Runner-Up),5,2,2,-0.1457343805174654,2.181457502755557,Other,foul_tip,Contact / Foul
2013,Pre-Statcast (2013 MVP Runner-Up),6,3,2,0.6077754207902304,2.3112496148999706,Other,foul_tip,Contact / Foul
2022,Post-Statcast (2022 MVP),5,2,2,-0.055849967287081664,2.0796439089595604,Other,swinging_strike,Whiff (Miss)
2013,Pre-Statcast (2013 MVP Runner-Up),8,2,1,0.07710743616909554,1.3248497327202144,Other,hit_into_play,Contact / Foul
2013,Pre-Statcast (2013 MVP Runner-Up),7,1,1,-0.30996687383448635,1.457561485091443,Other,swinging_strike,Whiff (Miss)
2013,Pre-Statcast (2013 MVP Runner-Up),3,3,3,0.48942442437845124,2.745755778443722,Other,swinging_strike,Whiff (Miss)
2022,Post-Statcast (2022 MVP),5,2,2,-0.17031983929333627,2.0680420812604763,Other,foul,Contact / Foul
2013,Pre-Statcast (2013 MVP Runner-Up),9,3,1,0.4842501114194385,1.3620485492815069,Other,hit_into_play,Contact / Foul
2013,Pre-Statcast (2013 MVP Runner-Up),5,2,2,-0.17942156801104958,2.115051763058931,Other,foul,Contact / Foul
2022,Post-Statcast (2022 MVP),7,1,1,-0.40255047507092656,1.5895094173103934,Other,hit_into_play,Contact / Foul
2013,Pre-Statcast (2013 MVP Runner-Up),1,1,3,-0.4772201024901415,2.973845700395949,Other,hit_into_play,Contact / Foul
2013,Pre-Statcast (2013 MVP Runner-Up),1,1,3,-0.35787291159394125,3.0465934667021073,Other,foul,Contact / Foul
2022,Post-Statcast (2022 MVP),7,1,1,-0.4132848342122628,1.3431062989149969,Other,foul,Contact / Foul
2013,Pre-Statcast (2013 MVP Runner-Up),7,1,1,-0.6476935393790454,1.4482160792201164,Other,foul_tip,Contact / Foul
2022,Post-Statcast (2022 MVP),2,2,3,0.15323894976772195,2.8798300045496315,Other,foul,Contact / Foul
2022,Post-Statcast (2022 MVP),3,3,3,0.3548847189590323,2.7045402412528765,Other,swinging_strike,Whiff (Miss)
2022,Post-Statcast (2022 MVP),7,1,1,-0.6469313085635439,1.5841585774722289,Other,hit_into_play,Contact / Foul
2013,Pre-Statcast (2013 MVP Runner-Up),4,1,2,-0.6259400630249352,2.0865538559514425,Other,foul,Contact / Foul
2022,Post-Statcast (2022 MVP),2,2,3,0.059187966911085466,2.970855733156353,Other,hit_into_play,Contact / Foul
2013,Pre-Statcast (2013 MVP Runner-Up),5,2,2,0.11029639184135237,2.0920473563881665,Other,foul,Contact / Foul
2022,Post-Statcast (2022 MVP),9,3,1,0.6158222340603818,1.452494598479622,Other,foul_tip,Contact / Foul
2022,Post-Statcast (2022 MVP),7,1,1,-0.314226526618264,1.4167934255233126,Other,foul_tip,Contact / Foul
2013,Pre-Statcast (2013 MVP Runner-Up),9,3,1,0.5685802088941647,1.386806608675105,Other,hit_into_play,Contact / Foul
2013,Pre-Statcast (2013 MVP Runner-Up),8,2,1,0.0963563906753972,1.3957128263785183,Other,hit_into_play,Contact / Foul
2022,Post-Statcast (2022 MVP),3,3,3,0.5464304050402825,2.876953547775633,Other,hit_into_play,Contact / Foul
2013,Pre-Statcast (2013 MVP Runner-Up),2,2,3,0.1742056962322684,2.9284172373301134,Other,foul,Contact / Foul
2022,Post-Statcast (2022 MVP),4,1,2,-0.6455552614333124,2.3080586480638625,Other,hit_into_play,Contact / Foul
2022,Post-Statcast (2022 MVP),2,2,3,-0.028733175498301955,2.9464604799128615,Other,hit_into_play,Contact / Foul
2013,Pre-Statcast (2013 MVP Runner-Up),9,3,1,0.3928576017578681,1.330407298626282,Other,swinging_strike,Whiff (Miss)
2022,Post-Statcast (2022 MVP),4,1,2,-0.5112941641689047,2.15319178974696,Other,hit_into_play,Contact / Foul
2013,Pre-Statcast (2013 MVP Runner-Up),2,2,3,-0.16308061291490664,2.86943030902549,Other,foul,Contact / Foul
2013,Pre-Statcast (2013 MVP Runner-Up),4,1,2,-0.33659824895047846,2.1189412530069553,Other,foul_tip,Contact / Foul
2022,Post-Statcast (2022 MVP),5,2,2,0.07727043052850596,2.1401924647589268,Other,hit_into_play,Contact / Foul
2022,Post-Statcast (2022 MVP),8,2,1,0.09329073088516038,1.4163996640857495,Other,foul,Contact / Foul
2013,Pre-Statcast (2013 MVP Runner-Up),5,2,2,-0.11179262579899017,2.393778263328448,Other,hit_into_play,Contact / Foul
2013,Pre-Statcast (2013 MVP Runner-Up),9,3,1,0.4438578471923367,1.6531247809448162,Other,foul,Contact / Foul
2013,Pre-Statcast (2013 MVP Runner-Up),6,3,2,0.44278967041414535,2.31233662679137,Other,foul_tip,Contact / Foul
2022,Post-Statcast (2022 MVP),3,3,3,0.3159307447748759,2.724187543835282,Other,foul,Contact / Foul
2022,Post-Statcast (2022 MVP),9,3,1,0.43899003554370297,1.6262059517994758,Other,swinging_strike,Whiff (Miss)
2013,Pre-Statcast (2013 MVP Runner-Up),5,2,2,0.06913135274950144,2.2689363189404053,Other,foul_tip,Contact / Foul
2022,Post-Statcast (2022 MVP),2,2,3,-0.016167294930573256,2.7496948716921588,Other,swinging_strike,Whiff (Miss)
2013,Pre-Statcast (2013 MVP Runner-Up),6,3,2,0.4379209972653565,2.2931764085802566,Other,foul_tip,Contact / Foul
2022,Post-Statcast (2022 MVP),5,2,2,-0.14374265274057266,2.298137331240793,Other,hit_into_play,Contact / Foul
2022,Post-Statcast (2022 MVP),9,3,1,0.3018605806264505,1.3700139147255856,Other,swinging_strike,Whiff (Miss)
2013,Pre-Statcast (2013 MVP Runner-Up),7,1,1,-0.3047906522131641,1.4381482242803993,Other,foul,Contact / Foul
2022,Post-Statcast (2022 MVP),5,2,2,0.12034592332978167,2.0895080126893237,Other,swinging_strike,Whiff (Miss)
2013,Pre-Statcast (2013 MVP Runner-Up),8,2,1,-0.09821711237295504,1.3012061886364354,Other,hit_into_play,Contact / Foul
2022,Post-Statcast (2022 MVP),2,2,3,-0.1492447325544759,3.0464315179964623,Other,hit_into_play,Contact / Foul
2013,Pre-Statcast (2013 MVP Runner-Up),2,2,3,-0.17713389083700679,2.933671037783588,Other,foul_tip,Contact / Foul
2022,Post-Statcast (2022 MVP),4,1,2,-0.6378357794712253,2.0657499922799074,Other,foul,Contact / Foul
2022,Post-Statcast (2022 MVP),9,3,1,0.5363163595236726,1.558903693656221,Other,foul,Contact / Foul
2013,Pre-Statcast (2013 MVP Runner-Up),1,1,3,-0.6684799207686167,2.817271312562837,Other,foul_tip,Contact / Foul
2022,Post-Statcast (2022 MVP),5,2,2,0.07246974417735097,2.096775237835845,Other,swinging_strike,Whiff (Miss)
2022,Post-Statcast (2022 MVP),2,2,3,-0.11907271744104012,2.9754367527646037,Other,swinging_strike,Whiff (Miss)
2022,Post-Statcast (2022 MVP),6,3,2,0.3038689310908279,2.055357777069077,Other,swinging_strike,Whiff (Miss)
2022,Post-Statcast (2022 MVP),7,1,1,-0.5072281290717439,1.5654842575678098,Other,foul_tip,Contact / Foul
2013,Pre-Statcast (2013 MVP Runner-Up),3,3,3,0.6273693858146657,3.000455255016292,Other,foul_tip,Contact / Foul
2013,Pre-Statcast (2013 MVP Runner-Up),4,1,2,-0.6521781034979789,2.2143455861535,Other,foul_tip,Contact / Foul
2013,Pre-Statcast (2013 MVP Runner-Up),3,3,3,0.5737036156666625,3.022211185458466,Other,swinging_strike,Whiff (Miss)
2022,Post-Statcast (2022 MVP),9,3,1,0.61576899292205,1.5311948583201784,Other,hit_into_play,Contact / Foul
2013,Pre-Statcast (2013 MVP Runner-Up),4,1,2,-0.3575948096050487,2.1643100382198313,Other,swinging_strike,Whiff (Miss)
2013,Pre-Statcast (2013 MVP Runner-Up),8,2,1,0.12352555129720794,1.4322736387327142,Other,foul_tip,Contact / Foul
2022,Post-Statcast (2022 MVP),5,2,2,-0.10995518363208996,2.082692394462477,Other,swinging_strike,Whiff (Miss)
2013,Pre-Statcast (2013 MVP Runner-Up),6,3,2,0.35158066330862403,2.283533605748422,Other,hit_into_play,Contact / Foul
2013,Pre-Statcast (2013 MVP Runner-Up),5,2,2,-0.08999360017681873,2.2532306897204064,Other,foul_tip,Contact / Foul
2013,Pre-Statcast (2013 MVP Runner-Up),5,2,2,0.16790790069655387,2.035251952519154,Other,swinging_strike,Whiff (Miss)
2013,Pre-Statcast (2013 MVP Runner-Up),5,2,2,-0.029294397495616797,2.2660431452241236,Other,foul,Contact / Foul
2013,Pre-Statcast (2013 MVP Runner-Up),6,3,2,0.6356705150446422,2.2599842737176727,Other,hit_into_play,Contact / Foul
2013,Pre-Statcast (2013 MVP Runner-Up),6,3,2,0.6583507062227211,2.1798934814603625,Other,foul_tip,Contact / Foul
2022,Post-Statcast (2022 MVP),8,2,1,0.014860819421784383,1.6787917556915488,Other,foul,Contact / Foul
2013,Pre-Statcast (2013 MVP Runner-Up),5,2,2,0.040959594109266334,2.304086118218757,Other,swinging_strike,Whiff (Miss)
2013,Pre-Statcast (2013 MVP Runner-Up),5,2,2,-0.019197832036499107,2.0886199025673142,Other,foul_tip,Contact / Foul
2022,Post-Statcast (2022 MVP),8,2,1,0.1405835405366203,1.3569820468454192,Other,hit_into_play,Contact / Foul
2022,Post-Statcast (2022 MVP),3,3,3,0.4910800965751061,2.7915787469836166,Other,hit_into_play,Contact / Foul
2013,Pre-Statcast (2013 MVP Runner-Up),5,2,2,-0.022121656088366637,2.0944450552923985,Other,foul,Contact / Foul
