year,era,zone,x,y,plate_x,plate_z,pitch_type,description,outcome
2013,Pre-Statcast (2013 MVP Runner-Up),1,1,3,-0.5611434320761812,3.0323592128884846,SI,hit_into_play,Swing
2013,Pre-Statcast (2013 MVP Runner-Up),2,2,3,0.2650973410259194,3.400799427294895,SI,called_strike,Take (Called Strike)
2013,Pre-Statcast (2013 MVP Runner-Up),9,3,1,0.7235069928044253,2.0345045126249035,SL,called_strike,Take (Called Strike)
2013,Pre-Statcast (2013 MVP Runner-Up),1,1,3,-0.7743363364586362,3.36556635110756,SI,ball,Take (Called Strike)
2013,Pre-Statcast (2013 MVP Runner-Up),1,1,3,-0.5260823906807047,3.100558301283506,SL,called_strike,Take (Called Strike)
2013,Pre-Statcast (2013 MVP Runner-Up),8,2,1,-0.18247040630661804,1.9908424456275136,SI,hit_into_play,Swing
2013,Pre-Statcast (2013 MVP Runner-Up),6,3,2,0.33677114281002646,2.438352916800229,SL,called_strike,Take (Called Strike)
2013,Pre-Statcast (2013 MVP Runner-Up),2,2,3,0.02100709532102418,2.9001643629358895,FF,hit_into_play,Swing
2013,Pre-Statcast (2013 MVP Runner-Up),5,2,2,0.06554871043867483,2.567085038281862,FF,called_strike,Take (Called Strike)
2013,Pre-Statcast (2013 MVP Runner-Up),5,2,2,0.27464529320546016,2.582628630834257,FC,hit_into_play,Swing
2013,Pre-Statcast (2013 MVP Runner-Up),5,2,2,-0.09148789572133276,2.8670717787926163,FF,called_strike,Take (Called Strike)
2013,Pre-Statcast (2013 MVP Runner-Up),9,3,1,0.4088187486863427,1.866767289500623,FC,hit_into_play,Swing
2013,Pre-Statcast (2013 MVP Runner-Up),5,2,2,0.22703286885613047,2.388743102947369,FC,called_strike,Take (Called Strike)
2013,Pre-Statcast (2013 MVP Runner-Up),6,3,2,0.3900988055193306,2.297416912599188,FC,hit_into_play,Swing
2013,Pre-Statcast (2013 MVP Runner-Up),3,3,3,0.354400101202563,3.334807652979021,FC,called_strike,Take (Called Strike)
2013,Pre-Statcast (2013 MVP Runner-Up),4,1,2,-0.34954774897872454,2.8438288161838834,FF,hit_into_play,Swing
2013,Pre-Statcast (2013 MVP Runner-Up),9,3,1,0.4910512302500111,1.793643752949002,FF,swinging_strike,Swing
2013,Pre-Statcast (2013 MVP Runner-Up),6,3,2,0.3236003279327687,2.2426420486119625,FF,hit_into_play,Swing
2013,Pre-Statcast (2013 MVP Runner-Up),9,3,1,0.2880673251143876,2.0609292292501684,FF,foul,Swing
2013,Pre-Statcast (2013 MVP Runner-Up),9,3,1,0.4109929638517267,1.7138390834181072,FF,called_strike,Take (Called Strike)
2013,Pre-Statcast (2013 MVP Runner-Up),9,3,1,0.8154980050147754,1.5822618828654909,FF,ball,Take (Called Strike)
2013,Pre-Statcast (2013 MVP Runner-Up),6,3,2,0.4599089223969224,2.4546918364604084,FF,hit_into_play,Swing
2013,Pre-Statcast (2013 MVP Runner-Up),3,3,3,0.4481780191801823,3.301687657351995,FF,foul,Swing
2013,Pre-Statcast (2013 MVP Runner-Up),5,2,2,0.12061021673051596,2.245990753011774,CU,hit_into_play,Swing
2013,Pre-Statcast (2013 MVP Runner-Up),3,3,3,0.28475748584925864,2.9428633666769177,FF,foul,Swing
2013,Pre-Statcast (2013 MVP Runner-Up),5,2,2,-0.07401209847021373,2.500559625517358,FF,hit_into_play,Swing
2013,Pre-Statcast (2013 MVP Runner-Up),4,1,2,-0.5321707735525807,2.5158246288160715,CU,called_strike,Take (Called Strike)
2013,Pre-Statcast (2013 MVP Runner-Up),6,3,2,0.48272160382833373,2.58538676034389,CH,called_strike,Take (Called Strike)
2013,Pre-Statcast (2013 MVP Runner-Up),7,1,1,-0.5397162781236529,1.8435506130387511,FF,called_strike,Take (Called Strike)
2013,Pre-Statcast (2013 MVP Runner-Up),5,2,2,-0.15402026020460471,2.240644588118836,SL,foul,Swing
2013,Pre-Statcast (2013 MVP Runner-Up),6,3,2,0.5479120635519956,2.347423608316784,FF,hit_into_play,Swing
2013,Pre-Statcast (2013 MVP Runner-Up),6,3,2,0.8147311654204483,2.375054858933331,FF,called_strike,Take (Called Strike)
2013,Pre-Statcast (2013 MVP Runner-Up),8,2,1,-0.07644065791294008,1.7661498707994632,KC,hit_into_play,Swing
2013,Pre-Statcast (2013 MVP Runner-Up),3,3,3,0.33297786528385365,2.9910381512292634,FF,foul,Swing
2013,Pre-Statcast (2013 MVP Runner-Up),6,3,2,0.5418236849283886,2.273925453701115,FF,called_strike,Take (Called Strike)
2013,Pre-Statcast (2013 MVP Runner-Up),7,1,1,-0.6573650792854078,2.0137489731230493,FF,foul,Swing
2013,Pre-Statcast (2013 MVP Runner-Up),5,2,2,-0.09738602734606984,2.762393119983019,FF,foul,Swing
2013,Pre-Statcast (2013 MVP Runner-Up),9,3,1,0.4324241335577088,1.3853034371284578,SL,called_strike,Take (Called Strike)
2013,Pre-Statcast (2013 MVP Runner-Up),9,3,1,0.43170279036948533,1.78805832168023,SL,foul,Swing
2013,Pre-Statcast (2013 MVP Runner-Up),3,3,3,0.5568217077731659,3.1296590695141555,FF,called_strike,Take (Called Strike)
2013,Pre-Statcast (2013 MVP Runner-Up),6,3,2,0.5786783375983189,2.25286742390604,FF,hit_into_play,Swing
2013,Pre-Statcast (2013 MVP Runner-Up),6,3,2,0.3534531233630989,2.259858439926064,SL,swinging_strike,Swing
2013,Pre-Statcast (2013 MVP Runner-Up),6,3,2,0.5871649597173234,2.326775759218053,SI,called_strike,Take (Called Strike)
2013,Pre-Statcast (2013 MVP Runner-Up),5,2,2,-0.20936736486764865,2.4322443033979426,FF,swinging_strike,Swing
2013,Pre-Statcast (2013 MVP Runner-Up),6,3,2,0.6424436070318265,2.6030658863772125,FF,called_strike,Take (Called Strike)
2013,Pre-Statcast (2013 MVP Runner-Up),8,2,1,0.12548446799171353,1.6913491350614147,FF,ball,Take (Called Strike)
2013,Pre-Statcast (2013 MVP Runner-Up),9,3,1,0.42767011701540225,1.518396602245612,CH,hit_into_play,Swing
2013,Pre-Statcast (2013 MVP Runner-Up),8,2,1,-0.00873242734307488,2.110529351649554,CH,foul,Swing
2013,Pre-Statcast (2013 MVP Runner-Up),8,2,1,0.25301888282976315,2.0161197182536643,FF,called_strike,Take (Called Strike)
2013,Pre-Statcast (2013 MVP Runner-Up),1,1,3,-0.36549954535738827,3.5670283118482957,FF,ball,Take (Called Strike)
2013,Pre-Statcast (2013 MVP Runner-Up),9,3,1,0.6344117698958888,1.9169170429247009,CU,called_strike,Take (Called Strike)
2013,Pre-Statcast (2013 MVP Runner-Up),6,3,2,0.5789360049291252,2.46541564720758,FF,swinging_strike,Swing
2013,Pre-Statcast (2013 MVP Runner-Up),6,3,2,0.3955531471781979,2.729227010429073,FF,swinging_strike,Swing
2013,Pre-Statcast (2013 MVP Runner-Up),5,2,2,-0.18135159986218913,2.7163412733747565,FF,swinging_strike,Swing
2013,Pre-Statcast (2013 MVP Runner-Up),4,1,2,-0.7859634130448518,2.212706682146919,FF,hit_into_play,Swing
2013,Pre-Statcast (2013 MVP Runner-Up),5,2,2,-0.23612178726752164,2.7128139739713,FF,foul,Swing
2013,Pre-Statcast (2013 MVP Runner-Up),5,2,2,0.23532063266312553,2.5499525449650324,SL,called_strike,Take (Called Strike)
2013,Pre-Statcast (2013 MVP Runner-Up),2,2,3,0.2544918774202308,2.875333451131586,SI,hit_into_play,Swing
2013,Pre-Statcast (2013 MVP Runner-Up),5,2,2,0.25518176429355166,2.1258906902459125,SI,foul,Swing
2013,Pre-Statcast (2013 MVP Runner-Up),8,2,1,0.24913666154710912,1.7207583565697162,SI,ball,Take (Called Strike)
2013,Pre-Statcast (2013 MVP Runner-Up),1,1,3,-0.4294109594831014,3.137337440437798,ST,hit_into_play,Swing
2013,Pre-Statcast (2013 MVP Runner-Up),5,2,2,0.05062191312505887,2.4713908409713063,FF,swinging_strike,Swing
2013,Pre-Statcast (2013 MVP Runner-Up),7,1,1,-0.5791427081788604,1.9472392789309432,CH,foul,Swing
2013,Pre-Statcast (2013 MVP Runner-Up),6,3,2,0.28337250577207906,2.138754819599254,FC,called_strike,Take (Called Strike)
2013,Pre-Statcast (2013 MVP Runner-Up),1,1,3,-0.3678642552744684,3.0982584255716494,FF,hit_into_play,Swing
2013,Pre-Statcast (2013 MVP Runner-Up),8,2,1,-0.03678351322329354,1.424953102261093,FF,hit_into_play,Swing
2013,Pre-Statcast (2013 MVP Runner-Up),5,2,2,0.03673467383115081,2.2787447228905937,FF,swinging_strike,Swing
2013,Pre-Statcast (2013 MVP Runner-Up),2,2,3,-0.08292836401973724,2.8254150163248974,FF,called_strike,Take (Called Strike)
2013,Pre-Statcast (2013 MVP Runner-Up),1,1,3,-0.40000720027079983,3.352575338237358,SI,swinging_strike,Swing
2013,Pre-Statcast (2013 MVP Runner-Up),9,3,1,0.6216941206421431,1.7833955240323816,FC,foul,Swing
2013,Pre-Statcast (2013 MVP Runner-Up),9,3,1,0.4410732624795522,1.9865782306148156,FF,called_strike,Take (Called Strike)
2013,Pre-Statcast (2013 MVP Runner-Up),7,1,1,-0.36086053418687,2.0304303185090293,CH,hit_into_play,Swing
2013,Pre-Statcast (2013 MVP Runner-Up),5,2,2,-0.2120221638784716,2.5738776302772184,FF,called_strike,Take (Called Strike)
2013,Pre-Statcast (2013 MVP Runner-Up),4,1,2,-0.28697141337563253,2.5252674847064096,FC,hit_into_play,Swing
2013,Pre-Statcast (2013 MVP Runner-Up),7,1,1,-0.6323328153771769,1.705008383473662,SL,ball,Take (Called Strike)
2013,Pre-Statcast (2013 MVP Runner-Up),7,1,1,-0.6127331008247271,1.4660954257120156,FF,called_strike,Take (Called Strike)
2013,Pre-Statcast (2013 MVP Runner-Up),1,1,3,-0.6027431020090896,3.4673059375579376,SL,ball,Take (Called Strike)
2013,Pre-Statcast (2013 MVP Runner-Up),9,3,1,0.47580510707233936,1.5254065754101125,SL,hit_into_play,Swing
2013,Pre-Statcast (2013 MVP Runner-Up),5,2,2,0.12511563353155344,2.7592137037232236,SL,called_strike,Take (Called Strike)
2013,Pre-Statcast (2013 MVP Runner-Up),7,1,1,-0.3626742125636022,1.6804559774370675,FF,hit_into_play,Swing
2013,Pre-Statcast (2013 MVP Runner-Up),5,2,2,-0.1152717916621035,2.539177186326661,SL,foul,Swing
2013,Pre-Statcast (2013 MVP Runner-Up),5,2,2,0.1453831338491327,2.1452684631893786,FF,foul,Swing
2013,Pre-Statcast (2013 MVP Runner-Up),8,2,1,-0.2087523131257163,1.541173792250307,FF,ball,Take (Called Strike)
2013,Pre-Statcast (2013 MVP Runner-Up),7,1,1,-0.5837031430745716,1.472563691658514,FF,hit_into_play,Swing
2013,Pre-Statcast (2013 MVP Runner-Up),8,2,1,0.2589449019113709,1.7434002483739008,SL,hit_into_play,Swing
2013,Pre-Statcast (2013 MVP Runner-Up),9,3,1,0.4101362170463172,2.0893961443947187,CU,hit_into_play,Swing
2013,Pre-Statcast (2013 MVP Runner-Up),6,3,2,0.3426321005285047,2.7019568082604817,FF,foul,Swing
2013,Pre-Statcast (2013 MVP Runner-Up),4,1,2,-0.5692831706310277,2.3104921155659777,SL,called_strike,Take (Called Strike)
2013,Pre-Statcast (2013 MVP Runner-Up),8,2,1,-0.20042840396090145,1.88366170051808,SI,hit_into_play,Swing
2013,Pre-Statcast (2013 MVP Runner-Up),9,3,1,0.5794836317680796,1.709276918305489,SL,foul,Swing
2013,Pre-Statcast (2013 MVP Runner-Up),7,1,1,-0.4920584368654098,1.5287723083912674,SI,foul,Swing
2013,Pre-Statcast (2013 MVP Runner-Up),9,3,1,0.49479639260265434,1.943449406805432,SL,swinging_strike,Swing
2013,Pre-Statcast (2013 MVP Runner-Up),5,2,2,0.00827918660379656,2.364148409706167,CU,called_strike,Take (Called Strike)
2013,Pre-Statcast (2013 MVP Runner-Up),8,2,1,0.2560236758475787,2.0228499418283348,SI,called_strike,Take (Called Strike)
2013,Pre-Statcast (2013 MVP Runner-Up),9,3,1,0.6750966189281336,2.095089058946513,FC,foul_tip,Swing
2013,Pre-Statcast (2013 MVP Runner-Up),7,1,1,-0.2814158359576147,1.6240152792523217,FC,called_strike,Take (Called Strike)
2013,Pre-Statcast (2013 MVP Runner-Up),9,3,1,0.3283311147318567,1.7668572363234838,FC,called_strike,Take (Called Strike)
2013,Pre-Statcast (2013 MVP Runner-Up),6,3,2,0.6200619918985556,2.6149914126032945,CH,called_strike,Take (Called Strike)
2013,Pre-Statcast (2013 MVP Runner-Up),6,3,2,0.7733733362203913,2.5133452816963384,CU,called_strike,Take (Called Strike)
2013,Pre-Statcast (2013 MVP Runner-Up),5,2,2,0.25172632395902483,2.28270179392226,CU,hit_into_play,Swing
2013,Pre-Statcast (2013 MVP Runner-Up),7,1,1,-0.6276535235570087,1.4715493956184116,SI,foul,Swing
2013,Pre-Statcast (2013 MVP Runner-Up),5,2,2,0.2762275966871733,2.6946449507872643,CH,foul,Swing
2013,Pre-Statcast (2013 MVP Runner-Up),9,3,1,0.7363130390963517,1.455900351278619,FF,blocked_ball,Take (Called Strike)
2013,Pre-Statcast (2013 MVP Runner-Up),4,1,2,-0.6739699874698951,2.213729085996282,FF,called_strike,Take (Called Strike)
2013,Pre-Statcast (2013 MVP Runner-Up),4,1,2,-0.2938505667080582,2.4785076690284833,SL,called_strike,Take (Called Strike)
2013,Pre-Statcast (2013 MVP Runner-Up),1,1,3,-0.3154861491809272,3.132934019174461,FF,foul,Swing
2013,Pre-Statcast (2013 MVP Runner-Up),8,2,1,-0.25021099802615,2.0324889898347487,CU,foul,Swing
2013,Pre-Statcast (2013 MVP Runner-Up),5,2,2,-0.23034227435893917,2.2736450785173257,SI,hit_into_play,Swing
2013,Pre-Statcast (2013 MVP Runner-Up),8,2,1,-0.03014118988649627,1.9292033648624125,SI,called_strike,Take (Called Strike)
2013,Pre-Statcast (2013 MVP Runner-Up),9,3,1,0.3599488934673819,1.8981336049429065,SI,hit_into_play,Swing
2013,Pre-Statcast (2013 MVP Runner-Up),6,3,2,0.30013870186202696,2.2214643247166332,CU,foul,Swing
2013,Pre-Statcast (2013 MVP Runner-Up),9,3,1,0.4044220475354755,1.505398865683552,SL,ball,Take (Called Strike)
2013,Pre-Statcast (2013 MVP Runner-Up),7,1,1,-0.6720107839483167,1.7783081540368435,CU,foul,Swing
2013,Pre-Statcast (2013 MVP Runner-Up),5,2,2,-0.2653820237471719,2.1411639186577696,FF,foul,Swing
2013,Pre-Statcast (2013 MVP Runner-Up),7,1,1,-0.35235958581085325,2.0428020525205373,SI,foul,Swing
2013,Pre-Statcast (2013 MVP Runner-Up),7,1,1,-0.5143908843874339,1.7224244450233854,FF,called_strike,Take (Called Strike)
2013,Pre-Statcast (2013 MVP Runner-Up),9,3,1,0.34683664933536085,1.5907180432963288,SI,ball,Take (Called Strike)
2013,Pre-Statcast (2013 MVP Runner-Up),4,1,2,-0.6470357427333202,2.4795005444885523,SI,ball,Take (Called Strike)
2013,Pre-Statcast (2013 MVP Runner-Up),8,2,1,0.1321555137848785,1.3969251235427194,FF,ball,Take (Called Strike)
2013,Pre-Statcast (2013 MVP Runner-Up),5,2,2,0.16577715254872627,2.3515967870430337,FC,hit_into_play,Swing
2013,Pre-Statcast (2013 MVP Runner-Up),6,3,2,0.6009959486742282,2.356459474836424,CH,hit_into_play,Swing
2013,Pre-Statcast (2013 MVP Runner-Up),1,1,3,-0.5464738237485076,3.3276291574387713,FF,hit_into_play,Swing
2013,Pre-Statcast (2013 MVP Runner-Up),3,3,3,0.7384087772457958,3.1591786664224917,SI,hit_into_play,Swing
2013,Pre-Statcast (2013 MVP Runner-Up),5,2,2,0.249806185184836,2.486940654749875,SL,hit_into_play,Swing
2013,Pre-Statcast (2013 MVP Runner-Up),2,2,3,-0.2618408867330292,3.539255039445454,FC,ball,Take (Called Strike)
2013,Pre-Statcast (2013 MVP Runner-Up),8,2,1,0.08656039031806964,1.969242253246942,FF,hit_into_play,Swing
2013,Pre-Statcast (2013 MVP Runner-Up),5,2,2,0.09223411407186854,2.208240958316208,SL,called_strike,Take (Called Strike)
2013,Pre-Statcast (2013 MVP Runner-Up),9,3,1,0.3410105357695795,2.0977349226648108,FF,hit_into_play,Swing
2013,Pre-Statcast (2013 MVP Runner-Up),9,3,1,0.5240452868514379,1.876541330423418,CU,swinging_strike,Swing
2013,Pre-Statcast (2013 MVP Runner-Up),1,1,3,-0.8249783181274593,3.379943456860563,FF,foul,Swing
2013,Pre-Statcast (2013 MVP Runner-Up),9,3,1,0.7694238527428132,1.8969724495563876,CU,ball,Take (Called Strike)
2013,Pre-Statcast (2013 MVP Runner-Up),2,2,3,0.21949299406567377,3.3555773424588455,FF,foul,Swing
2013,Pre-Statcast (2013 MVP Runner-Up),2,2,3,0.24722890278967455,3.194955461619871,SL,called_strike,Take (Called Strike)
2013,Pre-Statcast (2013 MVP Runner-Up),8,2,1,0.17919404452681098,1.6835827008570181,CH,hit_into_play,Swing
2013,Pre-Statcast (2013 MVP Runner-Up),9,3,1,0.3252755860900285,1.8010391535314183,SI,called_strike,Take (Called Strike)
2013,Pre-Statcast (2013 MVP Runner-Up),9,3,1,0.5179699511482276,1.7922488509133414,CU,swinging_strike,Swing
2013,Pre-Statcast (2013 MVP Runner-Up),6,3,2,0.3975999255202716,2.651046853835733,FF,foul,Swing
2013,Pre-Statcast (2013 MVP Runner-Up),6,3,2,0.29388379598951603,2.2051405485751134,FF,called_strike,Take (Called Strike)
2013,Pre-Statcast (2013 MVP Runner-Up),7,1,1,-0.3569811309617992,2.0142541255753352,FF,hit_into_play,Swing
2013,Pre-Statcast (2013 MVP Runner-Up),7,1,1,-0.6015662027573648,1.5437657145155574,FF,swinging_strike,Swing
2013,Pre-Statcast (2013 MVP Runner-Up),6,3,2,0.4576970000268663,2.295028430129134,SL,called_strike,Take (Called Strike)
2013,Pre-Statcast (2013 MVP Runner-Up),9,3,1,0.30366841661991995,1.630498097145236,SI,ball,Take (Called Strike)
2013,Pre-Statcast (2013 MVP Runner-Up),5,2,2,0.14764268162059624,2.6487661584761177,FF,called_strike,Take (Called Strike)
2013,Pre-Statcast (2013 MVP Runner-Up),8,2,1,-0.04171542418734209,2.030173857458384,FF,hit_into_play,Swing
2013,Pre-Statcast (2013 MVP Runner-Up),4,1,2,-0.3338542830564597,2.268703284683694,SI,foul,Swing
2013,Pre-Statcast (2013 MVP Runner-Up),8,2,1,0.08613127516397223,1.8061893927443704,SI,called_strike,Take (Called Strike)
2013,Pre-Statcast (2013 MVP Runner-Up),4,1,2,-0.560885264296505,2.7346387078947707,FF,hit_into_play,Swing
2013,Pre-Statcast (2013 MVP Runner-Up),3,3,3,0.7756489754384724,3.374523557235541,FF,foul,Swing
2013,Pre-Statcast (2013 MVP Runner-Up),9,3,1,0.7946020696621698,2.1315010650358426,FF,called_strike,Take (Called Strike)
2013,Pre-Statcast (2013 MVP Runner-Up),8,2,1,-0.18255587131597104,2.120073321600477,CH,foul,Swing
2013,Pre-Statcast (2013 MVP Runner-Up),5,2,2,0.02178701312989239,2.2371057219517323,SL,called_strike,Take (Called Strike)
2013,Pre-Statcast (2013 MVP Runner-Up),6,3,2,0.723666972619169,2.702544007369704,SL,hit_into_play,Swing
2013,Pre-Statcast (2013 MVP Runner-Up),9,3,1,0.47152805022987526,1.9723292419541585,KC,hit_into_play,Swing
2013,Pre-Statcast (2013 MVP Runner-Up),8,2,1,-0.12574916211394327,1.9164415585096968,CH,swinging_strike,Swing
2013,Pre-Statcast (2013 MVP Runner-Up),6,3,2,0.30746047403558596,2.394575056267662,SI,hit_into_play,Swing
2013,Pre-Statcast (2013 MVP Runner-Up),5,2,2,-0.14046616852871918,2.8401886642195557,FF,swinging_strike,Swing
2013,Pre-Statcast (2013 MVP Runner-Up),5,2,2,-0.2515825195174586,2.2600913278440036,SI,hit_into_play,Swing
2013,Pre-Statcast (2013 MVP Runner-Up),8,2,1,0.024782285588777372,1.6053375867670563,SI,called_strike,Take (Called Strike)
2013,Pre-Statcast (2013 MVP Runner-Up),9,3,1,0.8253266555366034,2.1354383278087075,SL,foul,Swing
2013,Pre-Statcast (2013 MVP Runner-Up),9,3,1,0.2774456224419294,1.5218476997981325,CU,swinging_strike,Swing
2013,Pre-Statcast (2013 MVP Runner-Up),7,1,1,-0.3630532095408533,1.5708197944623865,FF,ball,Take (Called Strike)
2013,Pre-Statcast (2013 MVP Runner-Up),5,2,2,0.2397141361439367,2.516850831559686,SL,called_strike,Take (Called Strike)
2013,Pre-Statcast (2013 MVP Runner-Up),8,2,1,0.05253509379547533,2.0840238284627186,SL,hit_into_play,Swing
2013,Pre-Statcast (2013 MVP Runner-Up),3,3,3,0.6808548979145823,2.9661360558820906,FC,foul,Swing
2013,Pre-Statcast (2013 MVP Runner-Up),1,1,3,-0.33327268034982094,3.312193919403504,FC,foul,Swing
2013,Pre-Statcast (2013 MVP Runner-Up),2,2,3,-0.13936698269156111,2.929026148919167,FC,swinging_strike,Swing
2013,Pre-Statcast (2013 MVP Runner-Up),6,3,2,0.6951395775733372,2.7089655093416822,SL,foul_tip,Swing
2013,Pre-Statcast (2013 MVP Runner-Up),4,1,2,-0.3997732946588078,2.2464340863223615,SI,foul,Swing
2013,Pre-Statcast (2013 MVP Runner-Up),5,2,2,0.13764116682466,2.388896786447823,SI,called_strike,Take (Called Strike)
2013,Pre-Statcast (2013 MVP Runner-Up),1,1,3,-0.7137977956480039,3.0788356801711565,SI,hit_into_play,Swing
2013,Pre-Statcast (2013 MVP Runner-Up),6,3,2,0.4556198350976709,2.341782616212853,SL,foul,Swing
2013,Pre-Statcast (2013 MVP Runner-Up),4,1,2,-0.3510184594351903,2.303782277188674,SI,called_strike,Take (Called Strike)
2013,Pre-Statcast (2013 MVP Runner-Up),6,3,2,0.4700558806084687,2.6146899593901725,FF,swinging_strike,Swing
2013,Pre-Statcast (2013 MVP Runner-Up),8,2,1,-0.10294289104238186,1.8563964329309437,FF,called_strike,Take (Called Strike)
2013,Pre-Statcast (2013 MVP Runner-Up),8,2,1,0.20711294985209605,1.9970150708330356,SL,swinging_strike,Swing
2013,Pre-Statcast (2013 MVP Runner-Up),6,3,2,0.3492630911416882,2.6387121822750625,SL,called_strike,Take (Called Strike)
2013,Pre-Statcast (2013 MVP Runner-Up),4,1,2,-0.5407086122234168,2.5462934175166905,FF,called_strike,Take (Called Strike)
2013,Pre-Statcast (2013 MVP Runner-Up),8,2,1,0.18275257975639736,1.889225753206068,CU,hit_into_play,Swing
2013,Pre-Statcast (2013 MVP Runner-Up),3,3,3,0.3138325844535027,3.6437333586300817,CU,called_strike,Take (Called Strike)
2013,Pre-Statcast (2013 MVP Runner-Up),3,3,3,0.2826985769283198,3.3120971075142407,FC,called_strike,Take (Called Strike)
2013,Pre-Statcast (2013 MVP Runner-Up),8,2,1,0.13936194188812845,1.922621551851902,SI,foul,Swing
2013,Pre-Statcast (2013 MVP Runner-Up),2,2,3,-0.15618470360461323,2.9916084315545675,FC,foul,Swing
2013,Pre-Statcast (2013 MVP Runner-Up),7,1,1,-0.6175008516018008,1.5989387765192422,CU,swinging_strike,Swing
2013,Pre-Statcast (2013 MVP Runner-Up),5,2,2,0.16736747108312366,2.508342372964912,SI,hit_into_play,Swing
2013,Pre-Statcast (2013 MVP Runner-Up),5,2,2,-0.13971583360058693,2.517579962607515,FF,hit_into_play,Swing
2013,Pre-Statcast (2013 MVP Runner-Up),4,1,2,-0.501533025800148,2.1691688910756595,CU,foul,Swing
2013,Pre-Statcast (2013 MVP Runner-Up),6,3,2,0.7994813592451043,2.6336151148761933,CU,called_strike,Take (Called Strike)
2013,Pre-Statcast (2013 MVP Runner-Up),9,3,1,0.5557158289450884,1.9632907088208107,SL,hit_into_play,Swing
2013,Pre-Statcast (2013 MVP Runner-Up),5,2,2,-0.16719922966900513,2.297435516251271,CH,hit_into_play,Swing
2013,Pre-Statcast (2013 MVP Runner-Up),6,3,2,0.7649026808579582,2.338784089215477,FF,called_strike,Take (Called Strike)
2013,Pre-Statcast (2013 MVP Runner-Up),6,3,2,0.6611041761395469,2.5793044226470228,FF,called_strike,Take (Called Strike)
2013,Pre-Statcast (2013 MVP Runner-Up),6,3,2,0.5303707704821953,2.8675349384745252,SL,called_strike,Take (Called Strike)
2013,Pre-Statcast (2013 MVP Runner-Up),6,3,2,0.6608248448060912,2.7373150138844684,SL,hit_into_play,Swing
2013,Pre-Statcast (2013 MVP Runner-Up),4,1,2,-0.5860227682186867,2.1678939870896317,CH,hit_into_play,Swing
2013,Pre-Statcast (2013 MVP Runner-Up),9,3,1,0.3514693611006601,2.127954910233405,SL,hit_into_play,Swing
2013,Pre-Statcast (2013 MVP Runner-Up),8,2,1,0.1640868181248951,2.115829198056417,SL,hit_into_play,Swing
2013,Pre-Statcast (2013 MVP Runner-Up),6,3,2,0.711259267006373,2.4465232001438464,FF,swinging_strike,Swing
2013,Pre-Statcast (2013 MVP Runner-Up),6,3,2,0.5360908671320774,3.0454801694360687,CU,called_strike,Take (Called Strike)
2013,Pre-Statcast (2013 MVP Runner-Up),9,3,1,0.6490141279198465,1.9106092148688223,CU,called_strike,Take (Called Strike)
2013,Pre-Statcast (2013 MVP Runner-Up),8,2,1,0.07364156951907193,1.633611181921789,FC,hit_into_play,Swing
2013,Pre-Statcast (2013 MVP Runner-Up),4,1,2,-0.693433876909056,2.8565178480418374,FF,hit_into_play,Swing
2013,Pre-Statcast (2013 MVP Runner-Up),3,3,3,0.3133832919078726,3.268439165583799,FC,foul,Swing
2013,Pre-Statcast (2013 MVP Runner-Up),9,3,1,0.28758717341905904,1.6897671554386189,SI,called_strike,Take (Called Strike)
2013,Pre-Statcast (2013 MVP Runner-Up),9,3,1,0.8065016749483271,1.8123011133493432,SI,called_strike,Take (Called Strike)
2013,Pre-Statcast (2013 MVP Runner-Up),6,3,2,0.5124775843191554,2.578159433189607,SI,called_strike,Take (Called Strike)
2013,Pre-Statcast (2013 MVP Runner-Up),4,1,2,-0.5923256565544845,2.6361815721052606,FC,foul_tip,Swing
2013,Pre-Statcast (2013 MVP Runner-Up),5,2,2,0.19069796872525505,2.2063703123175378,SI,foul,Swing
2013,Pre-Statcast (2013 MVP Runner-Up),4,1,2,-0.40251363712272553,2.4167674288352408,FC,foul,Swing
2013,Pre-Statcast (2013 MVP Runner-Up),7,1,1,-0.714457955690034,2.136758243363639,CH,swinging_strike,Swing
2013,Pre-Statcast (2013 MVP Runner-Up),6,3,2,0.5535461980511945,2.283115089404808,CH,foul,Swing
2013,Pre-Statcast (2013 MVP Runner-Up),6,3,2,0.6107232981263252,2.3322615226913452,FF,called_strike,Take (Called Strike)
2013,Pre-Statcast (2013 MVP Runner-Up),9,3,1,0.50908056270907,2.105757933146478,FF,called_strike,Take (Called Strike)
2013,Pre-Statcast (2013 MVP Runner-Up),6,3,2,0.5145875129365638,2.286082489108738,FF,called_strike,Take (Called Strike)
2013,Pre-Statcast (2013 MVP Runner-Up),4,1,2,-0.4252312519587762,2.3232743864847034,SI,called_strike,Take (Called Strike)
2013,Pre-Statcast (2013 MVP Runner-Up),8,2,1,0.15790029269989958,1.7429183011455915,SL,hit_into_play,Swing
2013,Pre-Statcast (2013 MVP Runner-Up),9,3,1,0.5014049245774159,1.7173822126088232,SL,called_strike,Take (Called Strike)
2013,Pre-Statcast (2013 MVP Runner-Up),9,3,1,0.7802726728004787,1.760874961346972,FF,swinging_strike,Swing
2013,Pre-Statcast (2013 MVP Runner-Up),4,1,2,-0.34072727518845447,2.7773227919882135,SL,foul,Swing
2013,Pre-Statcast (2013 MVP Runner-Up),9,3,1,0.3614171979629864,1.5765303042081666,FF,called_strike,Take (Called Strike)
2013,Pre-Statcast (2013 MVP Runner-Up),5,2,2,-0.21052129890329585,2.202467179018962,SL,called_strike,Take (Called Strike)
2013,Pre-Statcast (2013 MVP Runner-Up),8,2,1,0.25516231545941054,2.0313382852933923,SL,hit_into_play,Swing
2013,Pre-Statcast (2013 MVP Runner-Up),2,2,3,-0.03597482254666329,2.9283497233806504,SL,foul,Swing
2013,Pre-Statcast (2013 MVP Runner-Up),4,1,2,-0.7500151645317534,2.505220810223306,CU,foul,Swing
2013,Pre-Statcast (2013 MVP Runner-Up),4,1,2,-0.4754937047418737,2.184169352403777,CU,called_strike,Take (Called Strike)
2013,Pre-Statcast (2013 MVP Runner-Up),8,2,1,-0.03080974001078068,1.7831808146566883,SL,hit_into_play,Swing
2013,Pre-Statcast (2013 MVP Runner-Up),6,3,2,0.4666399022543844,2.723577187077897,FC,called_strike,Take (Called Strike)
2013,Pre-Statcast (2013 MVP Runner-Up),8,2,1,-0.09463488622813354,1.8201635764951336,SL,hit_into_play,Swing
2013,Pre-Statcast (2013 MVP Runner-Up),6,3,2,0.8183374954008876,2.2264406198598934,FF,called_strike,Take (Called Strike)
2013,Pre-Statcast (2013 MVP Runner-Up),6,3,2,0.32661181276437656,2.5908950325593763,FF,called_strike,Take (Called Strike)
2013,Pre-Statcast (2013 MVP Runner-Up),2,2,3,-0.23727046832551785,2.8740365253677105,FF,hit_into_play,Swing
2013,Pre-Statcast (2013 MVP Runner-Up),3,3,3,0.7773920373032679,3.1113663313600615,FF,swinging_strike,Swing
2013,Pre-Statcast (2013 MVP Runner-Up),6,3,2,0.6424117833072033,2.348796157699767,FC,called_strike,Take (Called Strike)
2013,Pre-Statcast (2013 MVP Runner-Up),6,3,2,0.5626130475136439,2.2985384480616027,CU,foul_tip,Swing
2013,Pre-Statcast (2013 MVP Runner-Up),2,2,3,-0.13151116332069498,3.006690540957927,FF,swinging_strike,Swing
2013,Pre-Statcast (2013 MVP Runner-Up),9,3,1,0.7434052741582967,2.017786906173734,SL,called_strike,Take (Called Strike)
2013,Pre-Statcast (2013 MVP Runner-Up),5,2,2,-0.10459640047175288,2.7727866445322435,FF,hit_into_play,Swing
2013,Pre-Statcast (2013 MVP Runner-Up),4,1,2,-0.5986611474639133,2.680737510534465,CH,hit_into_play,Swing
2013,Pre-Statcast (2013 MVP Runner-Up),9,3,1,0.4651469645352528,1.6124156722012408,CH,ball,Take (Called Strike)
2013,Pre-Statcast (2013 MVP Runner-Up),3,3,3,0.4071465871943592,3.0003822397715494,CU,foul,Swing
2013,Pre-Statcast (2013 MVP Runner-Up),6,3,2,0.7364784391798114,2.6664199980871355,FF,hit_into_play,Swing
2013,Pre-Statcast (2013 MVP Runner-Up),9,3,1,0.5809722488521518,1.7273488653457587,SL,called_strike,Take (Called Strike)
2013,Pre-Statcast (2013 MVP Runner-Up),5,2,2,0.2591836533062438,2.4384105292326224,SL,called_strike,Take (Called Strike)
2013,Pre-Statcast (2013 MVP Runner-Up),6,3,2,0.6015147476048066,2.598534378337223,FF,hit_into_play,Swing
2013,Pre-Statcast (2013 MVP Runner-Up),4,1,2,-0.6364095089763435,2.5659408327974953,SL,hit_into_play,Swing
2013,Pre-Statcast (2013 MVP Runner-Up),9,3,1,0.568498793347255,1.740030815393688,SL,called_strike,Take (Called Strike)
2013,Pre-Statcast (2013 MVP Runner-Up),9,3,1,0.7504857155541467,2.118336780711822,FC,hit_into_play,Swing
2013,Pre-Statcast (2013 MVP Runner-Up),6,3,2,0.3599179303864637,2.757081572911158,FF,called_strike,Take (Called Strike)
2013,Pre-Statcast (2013 MVP Runner-Up),6,3,2,0.5639944246585636,2.7210281582579925,FF,called_strike,Take (Called Strike)
2013,Pre-Statcast (2013 MVP Runner-Up),9,3,1,0.577420637032268,1.897733731637854,FF,hit_into_play,Swing
2013,Pre-Statcast (2013 MVP Runner-Up),7,1,1,-0.522497392700042,1.7255405511152724,FF,foul,Swing
2013,Pre-Statcast (2013 MVP Runner-Up),2,2,3,0.0916541761751073,2.9943422339563126,FF,hit_into_play,Swing
2013,Pre-Statcast (2013 MVP Runner-Up),2,2,3,-0.2583992668912277,3.0287798673533755,SL,foul,Swing
2013,Pre-Statcast (2013 MVP Runner-Up),6,3,2,0.316623428865914,2.3023541899336997,FF,foul,Swing
2013,Pre-Statcast (2013 MVP Runner-Up),9,3,1,0.6607432833481883,1.4828335105397792,CH,ball,Take (Called Strike)
2013,Pre-Statcast (2013 MVP Runner-Up),5,2,2,0.17945933949141069,2.752309388277304,FF,foul,Swing
2013,Pre-Statcast (2013 MVP Runner-Up),9,3,1,0.4740829821902596,2.1555516734201308,SL,foul,Swing
2013,Pre-Statcast (2013 MVP Runner-Up),9,3,1,0.6271524443307542,1.9591203156745731,FF,ball,Take (Called Strike)
2013,Pre-Statcast (2013 MVP Runner-Up),6,3,2,0.37262547186862416,2.326347436639872,CH,called_strike,Take (Called Strike)
2013,Pre-Statcast (2013 MVP Runner-Up),6,3,2,0.7909964938286334,2.465154306608469,SL,swinging_strike,Swing
2013,Pre-Statcast (2013 MVP Runner-Up),6,3,2,0.5352065415502812,2.371949364280418,SL,swinging_strike,Swing
2013,Pre-Statcast (2013 MVP Runner-Up),6,3,2,0.39091638510732785,2.2570821258645513,SL,swinging_strike,Swing
2013,Pre-Statcast (2013 MVP Runner-Up),3,3,3,0.4947860666569533,3.0684198030930583,FF,hit_into_play,Swing
2013,Pre-Statcast (2013 MVP Runner-Up),5,2,2,-0.0204405198348242,2.5613009802765405,FF,swinging_strike,Swing
2013,Pre-Statcast (2013 MVP Runner-Up),9,3,1,0.4924993790735911,1.6175937749166955,SL,hit_into_play,Swing
2013,Pre-Statcast (2013 MVP Runner-Up),9,3,1,0.7545966200583305,1.6639953411269717,SL,hit_into_play,Swing
2013,Pre-Statcast (2013 MVP Runner-Up),9,3,1,0.7375914177971433,1.978400125652556,FC,foul,Swing
2013,Pre-Statcast (2013 MVP Runner-Up),3,3,3,0.70341878781893,3.1862102519987774,FF,called_strike,Take (Called Strike)
2013,Pre-Statcast (2013 MVP Runner-Up),5,2,2,0.1637659904331733,2.361483500878467,CU,hit_into_play,Swing
2013,Pre-Statcast (2013 MVP Runner-Up),4,1,2,-0.4639990076827871,2.9979731066349773,SI,called_strike,Take (Called Strike)
2013,Pre-Statcast (2013 MVP Runner-Up),2,2,3,-0.10499750716555868,3.5782013165664717,SI,ball,Take (Called Strike)
2013,Pre-Statcast (2013 MVP Runner-Up),4,1,2,-0.3639992882673748,2.9128880040649903,CU,called_strike,Take (Called Strike)
2013,Pre-Statcast (2013 MVP Runner-Up),5,2,2,0.20088820337817836,2.7512986309858976,FC,foul,Swing
2013,Pre-Statcast (2013 MVP Runner-Up),9,3,1,0.7946732656882558,1.7592751535243023,CU,ball,Take (Called Strike)
2013,Pre-Statcast (2013 MVP Runner-Up),4,1,2,-0.5398045105194017,2.273636324942694,FF,foul,Swing
2013,Pre-Statcast (2013 MVP Runner-Up),3,3,3,0.6446098047677854,3.285893403257825,SL,called_strike,Take (Called Strike)
2013,Pre-Statcast (2013 MVP Runner-Up),6,3,2,0.5343023221907515,2.353409189757345,SL,swinging_strike,Swing
2013,Pre-Statcast (2013 MVP Runner-Up),2,2,3,0.15935885019040874,3.26255038680607,FC,hit_into_play,Swing
2013,Pre-Statcast (2013 MVP Runner-Up),1,1,3,-0.3388000271874876,3.275559783034488,SI,called_strike,Take (Called Strike)
2013,Pre-Statcast (2013 MVP Runner-Up),6,3,2,0.47282165473162,2.6075781285305775,FC,hit_into_play,Swing
2013,Pre-Statcast (2013 MVP Runner-Up),5,2,2,-0.18392032283551435,2.3164490021456556,FF,hit_into_play,Swing
2013,Pre-Statcast (2013 MVP Runner-Up),6,3,2,0.6007007172263668,2.815940932754426,FF,called_strike,Take (Called Strike)
2013,Pre-Statcast (2013 MVP Runner-Up),2,2,3,-0.1405336097438572,2.9291171004213954,SI,foul_tip,Swing
2013,Pre-Statcast (2013 MVP Runner-Up),6,3,2,0.3446156092457757,2.1342768955501987,SL,swinging_strike,Swing
2013,Pre-Statcast (2013 MVP Runner-Up),2,2,3,0.10216391944979096,3.4191083297778926,FF,foul,Swing
2013,Pre-Statcast (2013 MVP Runner-Up),9,3,1,0.3331601766020647,1.723626384714649,SL,foul,Swing
2013,Pre-Statcast (2013 MVP Runner-Up),9,3,1,0.4670374565303663,1.554430114908253,CU,called_strike,Take (Called Strike)
2013,Pre-Statcast (2013 MVP Runner-Up),9,3,1,0.5187203659864298,2.0799159958893223,FF,hit_into_play,Swing
2013,Pre-Statcast (2013 MVP Runner-Up),9,3,1,0.754662365653906,1.9550334743831024,SI,hit_into_play,Swing
2013,Pre-Statcast (2013 MVP Runner-Up),5,2,2,-0.02124521127610534,2.4198478262553635,FF,called_strike,Take (Called Strike)
2013,Pre-Statcast (2013 MVP Runner-Up),7,1,1,-0.2785721565457222,1.485811231785295,SL,ball,Take (Called Strike)
2013,Pre-Statcast (2013 MVP Runner-Up),2,2,3,0.01930845098571121,3.386229379995945,FF,foul,Swing
2013,Pre-Statcast (2013 MVP Runner-Up),5,2,2,-0.01098777023499686,2.5500660062850886,SL,hit_into_play,Swing
2013,Pre-Statcast (2013 MVP Runner-Up),5,2,2,0.21920688535633093,2.0954761580174144,FF,called_strike,Take (Called Strike)
2013,Pre-Statcast (2013 MVP Runner-Up),1,1,3,-0.43039077915325186,3.082926900847487,FF,hit_into_play,Swing
2013,Pre-Statcast (2013 MVP Runner-Up),8,2,1,-0.00439601747411838,2.0366245535466803,SL,hit_into_play,Swing
2013,Pre-Statcast (2013 MVP Runner-Up),6,3,2,0.386857841851681,2.79357943992724,FF,hit_into_play,Swing
2013,Pre-Statcast (2013 MVP Runner-Up),7,1,1,-0.7228633715608908,2.312331311658455,CH,called_strike,Take (Called Strike)
2013,Pre-Statcast (2013 MVP Runner-Up),5,2,2,0.18100080651856065,2.1723218495896326,FF,foul,Swing
2013,Pre-Statcast (2013 MVP Runner-Up),3,3,3,0.4207420148946849,3.09435516913678,FC,hit_into_play,Swing
2013,Pre-Statcast (2013 MVP Runner-Up),3,3,3,0.5944375601748372,3.2121498685222205,FC,hit_into_play,Swing
2013,Pre-Statcast (2013 MVP Runner-Up),6,3,2,0.4101403868963643,2.1944831792373862,SI,called_strike,Take (Called Strike)
2013,Pre-Statcast (2013 MVP Runner-Up),9,3,1,0.5187817329794974,2.0565700504767572,FC,called_strike,Take (Called Strike)
2013,Pre-Statcast (2013 MVP Runner-Up),4,1,2,-0.5735068799560725,2.5500273438221113,FC,foul,Swing
2013,Pre-Statcast (2013 MVP Runner-Up),1,1,3,-0.37447322735738686,2.861973885325703,SI,hit_into_play,Swing
2013,Pre-Statcast (2013 MVP Runner-Up),6,3,2,0.5377868385506317,2.8645369382294854,SI,called_strike,Take (Called Strike)
2013,Pre-Statcast (2013 MVP Runner-Up),8,2,1,0.2762539642734375,1.5007543516548367,SI,ball,Take (Called Strike)
2013,Pre-Statcast (2013 MVP Runner-Up),9,3,1,0.61400380325963555,1.724557116132207,FC,hit_into_play,Swing
2013,Pre-Statcast (2013 MVP Runner-Up),1,1,3,-0.5268177437445689,3.014554663005496,KC,called_strike,Take (Called Strike)
2013,Pre-Statcast (2013 MVP Runner-Up),4,1,2,-0.6995049208615243,2.192886555547738,FC,hit_into_play,Swing
2013,Pre-Statcast (2013 MVP Runner-Up),3,3,3,0.7904506439649516,3.5037852236312736,FF,hit_into_play,Swing
2013,Pre-Statcast (2013 MVP Runner-Up),4,1,2,-0.6342454604824561,2.265145506710081,FF,foul,Swing
2013,Pre-Statcast (2013 MVP Runner-Up),1,1,3,-0.5879143768038931,3.337564403078075,FF,called_strike,Take (Called Strike)
2013,Pre-Statcast (2013 MVP Runner-Up),2,2,3,0.26913172745459457,3.1369130069621636,SI,called_strike,Take (Called Strike)
2013,Pre-Statcast (2013 MVP Runner-Up),2,2,3,-0.13836787571421905,2.8487515577557208,FC,foul,Swing
2013,Pre-Statcast (2013 MVP Runner-Up),4,1,2,-0.470887018726762,2.5644282098595923,KC,called_strike,Take (Called Strike)
2013,Pre-Statcast (2013 MVP Runner-Up),9,3,1,0.46432348321057026,2.054258373279297,FF,foul,Swing
2013,Pre-Statcast (2013 MVP Runner-Up),2,2,3,-0.21266630421398053,3.084448688095476,SL,foul,Swing
2013,Pre-Statcast (2013 MVP Runner-Up),5,2,2,-0.18077159841893753,2.3300312938931373,SI,hit_into_play,Swing
2013,Pre-Statcast (2013 MVP Runner-Up),9,3,1,0.6894665999915061,2.0639168717148304,SI,called_strike,Take (Called Strike)
2013,Pre-Statcast (2013 MVP Runner-Up),2,2,3,0.04871982285222809,3.003022986272284,FF,foul,Swing
2013,Pre-Statcast (2013 MVP Runner-Up),6,3,2,0.682008755049576,2.7596308428044307,FF,foul,Swing
2013,Pre-Statcast (2013 MVP Runner-Up),4,1,2,-0.5489863321219612,2.7491224059698887,FF,foul,Swing
2013,Pre-Statcast (2013 MVP Runner-Up),3,3,3,0.3996590011965526,3.177727068697326,FF,called_strike,Take (Called Strike)
2013,Pre-Statcast (2013 MVP Runner-Up),4,1,2,-0.31349387599029704,2.6706684114079424,FF,hit_into_play,Swing
2013,Pre-Statcast (2013 MVP Runner-Up),6,3,2,0.7434010957146812,2.6088935634236674,FF,foul,Swing
2013,Pre-Statcast (2013 MVP Runner-Up),8,2,1,-0.03687481949757287,2.15609827173673,FF,called_strike,Take (Called Strike)
2013,Pre-Statcast (2013 MVP Runner-Up),7,1,1,-0.34940062380698167,1.6932934162221174,SI,hit_into_play,Swing
2013,Pre-Statcast (2013 MVP Runner-Up),5,2,2,0.20288993008180856,2.552086157151207,SL,hit_into_play,Swing
2013,Pre-Statcast (2013 MVP Runner-Up),4,1,2,-0.5721469979080687,2.4192037764116106,SL,called_strike,Take (Called Strike)
2013,Pre-Statcast (2013 MVP Runner-Up),6,3,2,0.6834781500946272,2.731061464611263,CH,called_strike,Take (Called Strike)
2013,Pre-Statcast (2013 MVP Runner-Up),6,3,2,0.405067134802792,2.235999412398651,SI,hit_into_play,Swing
2013,Pre-Statcast (2013 MVP Runner-Up),5,2,2,0.2411403458228281,2.344621719412026,FF,foul_tip,Swing
2013,Pre-Statcast (2013 MVP Runner-Up),3,3,3,0.4315348443334794,3.1021360173760337,CU,called_strike,Take (Called Strike)
2013,Pre-Statcast (2013 MVP Runner-Up),8,2,1,-0.00296599610731607,1.643948382813613,SI,called_strike,Take (Called Strike)
2013,Pre-Statcast (2013 MVP Runner-Up),5,2,2,0.01136331026771664,2.1777316448505664,CH,hit_into_play,Swing
2013,Pre-Statcast (2013 MVP Runner-Up),4,1,2,-0.49678956667587304,2.003329478596738,CU,hit_into_play,Swing
2013,Pre-Statcast (2013 MVP Runner-Up),5,2,2,-0.0302208157513697,2.7665371371587035,CU,foul,Swing
2013,Pre-Statcast (2013 MVP Runner-Up),8,2,1,0.20380387508847783,2.20139119383359,FF,called_strike,Take (Called Strike)
2013,Pre-Statcast (2013 MVP Runner-Up),3,3,3,0.7683465780140102,3.5454186074533673,FF,ball,Take (Called Strike)
2013,Pre-Statcast (2013 MVP Runner-Up),6,3,2,0.5158837999431716,2.252163813506463,FC,hit_into_play,Swing
2013,Pre-Statcast (2013 MVP Runner-Up),3,3,3,0.45259807085785175,3.141964328482498,FC,called_strike,Take (Called Strike)
2013,Pre-Statcast (2013 MVP Runner-Up),6,3,2,0.7777148370053801,2.474105631839527,SI,hit_into_play,Swing
2013,Pre-Statcast (2013 MVP Runner-Up),5,2,2,0.19525224612047132,2.309957240103424,SI,called_strike,Take (Called Strike)
2013,Pre-Statcast (2013 MVP Runner-Up),7,1,1,-0.4125728122315475,1.946589115296456,SI,hit_into_play,Swing
2013,Pre-Statcast (2013 MVP Runner-Up),1,1,3,-0.3062675210075614,3.343187757106191,SI,foul,Swing
2013,Pre-Statcast (2013 MVP Runner-Up),7,1,1,-0.2793754867211953,1.8534179230422017,CH,swinging_strike,Swing
2013,Pre-Statcast (2013 MVP Runner-Up),4,1,2,-0.7651452125742799,2.370190151265809,CH,called_strike,Take (Called Strike)
2013,Pre-Statcast (2013 MVP Runner-Up),2,2,3,0.17293756918140135,2.755391192113729,FC,hit_into_play,Swing
2013,Pre-Statcast (2013 MVP Runner-Up),4,1,2,-0.283041722209199,2.3887772151581315,FC,foul,Swing
2013,Pre-Statcast (2013 MVP Runner-Up),7,1,1,-0.5630865900530793,1.5754904233089082,SI,swinging_strike,Swing
2013,Pre-Statcast (2013 MVP Runner-Up),5,2,2,-0.20250546775224337,2.949377111016121,FC,called_strike,Take (Called Strike)
2013,Pre-Statcast (2013 MVP Runner-Up),3,3,3,0.5108070934444062,3.1761124395001845,SL,foul,Swing
2013,Pre-Statcast (2013 MVP Runner-Up),6,3,2,0.60082276557813,2.079222467783849,SL,swinging_strike,Swing
2013,Pre-Statcast (2013 MVP Runner-Up),2,2,3,-0.07595306576601102,3.0607974675752203,SI,foul,Swing
2013,Pre-Statcast (2013 MVP Runner-Up),4,1,2,-0.5158149659277765,2.260155932595628,KC,hit_into_play,Swing
2013,Pre-Statcast (2013 MVP Runner-Up),2,2,3,0.23580404439111555,3.448079272827501,SI,swinging_strike,Swing
2013,Pre-Statcast (2013 MVP Runner-Up),2,2,3,-0.04244732809893425,2.6957331218116733,SI,foul,Swing
2013,Pre-Statcast (2013 MVP Runner-Up),8,2,1,0.18916349002572108,1.8773286756946337,SL,foul,Swing
2013,Pre-Statcast (2013 MVP Runner-Up),1,1,3,-0.8182447017107765,2.884003646683692,FF,foul,Swing
2013,Pre-Statcast (2013 MVP Runner-Up),3,3,3,0.6162779063089804,3.536351867158303,SI,ball,Take (Called Strike)
2013,Pre-Statcast (2013 MVP Runner-Up),9,3,1,0.4880007285826417,1.513916368575297,FF,ball,Take (Called Strike)
2013,Pre-Statcast (2013 MVP Runner-Up),6,3,2,0.7351385392289422,2.0547834304453296,SL,foul,Swing
2013,Pre-Statcast (2013 MVP Runner-Up),5,2,2,0.10397331697166956,2.497951878626235,SI,called_strike,Take (Called Strike)
2013,Pre-Statcast (2013 MVP Runner-Up),2,2,3,-0.26004138117929154,2.9468439115992275,FF,hit_into_play,Swing
2013,Pre-Statcast (2013 MVP Runner-Up),1,1,3,-0.32263677816124414,3.2880231296720517,FF,foul,Swing
2013,Pre-Statcast (2013 MVP Runner-Up),1,1,3,-0.587410834198169,3.184987235351764,FF,swinging_strike,Swing
2013,Pre-Statcast (2013 MVP Runner-Up),5,2,2,-0.18579749864743555,2.083287245746909,SI,foul,Swing
2013,Pre-Statcast (2013 MVP Runner-Up),9,3,1,0.726502005010022,1.649150851956465,FF,ball,Take (Called Strike)
2013,Pre-Statcast (2013 MVP Runner-Up),3,3,3,0.5865538535896969,2.976246362157263,KC,called_strike,Take (Called Strike)
2013,Pre-Statcast (2013 MVP Runner-Up),9,3,1,0.7853658386085939,1.6162775600961916,FF,foul,Swing
2013,Pre-Statcast (2013 MVP Runner-Up),5,2,2,-0.09054327930393546,2.189727558174946,CH,hit_into_play,Swing
2013,Pre-Statcast (2013 MVP Runner-Up),3,3,3,0.3127804334401827,3.045814562388899,FF,foul,Swing
2013,Pre-Statcast (2013 MVP Runner-Up),6,3,2,0.8065585115987055,2.442451696102723,KC,called_strike,Take (Called Strike)
2013,Pre-Statcast (2013 MVP Runner-Up),6,3,2,0.5297168777787682,2.5162810425934676,FF,swinging_strike,Swing
2013,Pre-Statcast (2013 MVP Runner-Up),6,3,2,0.439681160387954,2.819364828117981,SL,foul,Swing
2013,Pre-Statcast (2013 MVP Runner-Up),5,2,2,-8.9959740130407e-4,2.3968665298622813,SL,foul,Swing
2013,Pre-Statcast (2013 MVP Runner-Up),4,1,2,-0.4387467844062436,2.6069494933978787,SL,foul,Swing
2013,Pre-Statcast (2013 MVP Runner-Up),9,3,1,0.6144427795783807,2.019295021916136,FF,swinging_strike,Swing
2013,Pre-Statcast (2013 MVP Runner-Up),3,3,3,0.5007499864763703,3.2317130085833057,FF,ball,Take (Called Strike)
2013,Pre-Statcast (2013 MVP Runner-Up),8,2,1,0.18672291294408905,1.886022029827619,SL,called_strike,Take (Called Strike)
2013,Pre-Statcast (2013 MVP Runner-Up),4,1,2,-0.8166671836010735,2.847453927084981,CU,called_strike,Take (Called Strike)
2013,Pre-Statcast (2013 MVP Runner-Up),5,2,2,-0.2090894116237335,2.366019057951928,FF,hit_into_play,Swing
2013,Pre-Statcast (2013 MVP Runner-Up),5,2,2,0.01159908390727998,2.6585443809505738,FF,called_strike,Take (Called Strike)
2013,Pre-Statcast (2013 MVP Runner-Up),6,3,2,0.4789536826007173,2.649754783129428,CU,called_strike,Take (Called Strike)
2013,Pre-Statcast (2013 MVP Runner-Up),5,2,2,0.26211451841889133,2.2011108262578434,SI,hit_into_play,Swing
2013,Pre-Statcast (2013 MVP Runner-Up),8,2,1,0.22845997462775736,1.9554763503817143,FF,foul,Swing
2013,Pre-Statcast (2013 MVP Runner-Up),5,2,2,0.14573345475725685,2.7626787581816408,FF,called_strike,Take (Called Strike)
2013,Pre-Statcast (2013 MVP Runner-Up),4,1,2,-0.5815572261578055,2.5636703097017017,SI,hit_into_play,Swing
2013,Pre-Statcast (2013 MVP Runner-Up),5,2,2,0.2693517678361217,2.3899531235323845,SI,called_strike,Take (Called Strike)
2013,Pre-Statcast (2013 MVP Runner-Up),7,1,1,-0.4347128724436591,1.4698901213540916,CH,swinging_strike,Swing
2013,Pre-Statcast (2013 MVP Runner-Up),7,1,1,-0.395791176621877,2.0454038822059064,SI,foul,Swing
2013,Pre-Statcast (2013 MVP Runner-Up),3,3,3,0.702041834020996,3.0155995462048413,FC,called_strike,Take (Called Strike)
2013,Pre-Statcast (2013 MVP Runner-Up),4,1,2,-0.4003477905482258,2.185428679812913,SI,called_strike,Take (Called Strike)
2013,Pre-Statcast (2013 MVP Runner-Up),5,2,2,-0.25295270143896154,2.808562756103969,CH,swinging_strike,Swing
2013,Pre-Statcast (2013 MVP Runner-Up),5,2,2,-0.09906175300533748,2.3852539580021848,SI,foul,Swing
2013,Pre-Statcast (2013 MVP Runner-Up),9,3,1,0.4099890395333883,2.0114352382176524,FC,called_strike,Take (Called Strike)
2013,Pre-Statcast (2013 MVP Runner-Up),1,1,3,-0.4586011681215152,2.8417433872943816,SI,called_strike,Take (Called Strike)
2013,Pre-Statcast (2013 MVP Runner-Up),8,2,1,0.2543461866987529,2.10806410232309,FC,hit_into_play,Swing
2013,Pre-Statcast (2013 MVP Runner-Up),6,3,2,0.4966280877657733,2.769112977861211,FF,swinging_strike,Swing
2013,Pre-Statcast (2013 MVP Runner-Up),4,1,2,-0.4536278024039806,2.746514943432497,CU,swinging_strike,Swing
2013,Pre-Statcast (2013 MVP Runner-Up),2,2,3,0.1453363792455062,3.0498727185970473,FF,foul,Swing
2013,Pre-Statcast (2013 MVP Runner-Up),8,2,1,0.1006271240899448,1.7420841772148092,CU,called_strike,Take (Called Strike)
2013,Pre-Statcast (2013 MVP Runner-Up),9,3,1,0.489758482850875,1.953550335325371,CU,hit_into_play,Swing
2013,Pre-Statcast (2013 MVP Runner-Up),3,3,3,0.8055066399162768,3.0698492994889257,CU,ball,Take (Called Strike)
2013,Pre-Statcast (2013 MVP Runner-Up),6,3,2,0.5139203783748031,2.382514692057064,FF,called_strike,Take (Called Strike)
2013,Pre-Statcast (2013 MVP Runner-Up),8,2,1,-0.03757797567707399,1.5416698871170214,CH,ball,Take (Called Strike)
2013,Pre-Statcast (2013 MVP Runner-Up),6,3,2,0.33060475109851173,2.1899620595614095,SI,hit_into_play,Swing
2013,Pre-Statcast (2013 MVP Runner-Up),4,1,2,-0.34639043090281507,2.6139413776445535,SL,foul,Swing
2013,Pre-Statcast (2013 MVP Runner-Up),6,3,2,0.35310699178977234,2.471528825421062,CU,hit_into_play,Swing
2013,Pre-Statcast (2013 MVP Runner-Up),6,3,2,0.30753654492779026,2.4398081499089277,FF,called_strike,Take (Called Strike)
2013,Pre-Statcast (2013 MVP Runner-Up),9,3,1,0.5185391812142639,2.133088491641075,FC,hit_into_play,Swing
2013,Pre-Statcast (2013 MVP Runner-Up),1,1,3,-0.5055554012440738,3.4326235701390715,FC,ball,Take (Called Strike)
2013,Pre-Statcast (2013 MVP Runner-Up),8,2,1,-0.26344768269626995,1.5352528605980758,FF,hit_into_play,Swing
2013,Pre-Statcast (2013 MVP Runner-Up),1,1,3,-0.4650255877727669,2.789023790718085,FF,called_strike,Take (Called Strike)
2013,Pre-Statcast (2013 MVP Runner-Up),7,1,1,-0.33497532016726683,1.4962087511658502,FF,ball,Take (Called Strike)
2013,Pre-Statcast (2013 MVP Runner-Up),4,1,2,-0.4033653273805115,2.3460108933727737,FF,foul,Swing
2013,Pre-Statcast (2013 MVP Runner-Up),4,1,2,-0.3962306732374652,2.248055280047926,SI,called_strike,Take (Called Strike)
2013,Pre-Statcast (2013 MVP Runner-Up),2,2,3,0.10121367059856068,3.021773802086715,FC,hit_into_play,Swing
2013,Pre-Statcast (2013 MVP Runner-Up),6,3,2,0.47305408955950434,2.2395688421919293,SL,foul,Swing
2013,Pre-Statcast (2013 MVP Runner-Up),9,3,1,0.6767054953215464,1.73389006237243,SL,called_strike,Take (Called Strike)
2013,Pre-Statcast (2013 MVP Runner-Up),9,3,1,0.6240509243382406,1.4574909852679507,SL,ball,Take (Called Strike)
2013,Pre-Statcast (2013 MVP Runner-Up),9,3,1,0.4082277565351049,1.7849827609650948,SL,foul,Swing
2013,Pre-Statcast (2013 MVP Runner-Up),1,1,3,-0.345641737539518,3.057377040653456,FF,called_strike,Take (Called Strike)
2013,Pre-Statcast (2013 MVP Runner-Up),2,2,3,-0.01496594354515967,3.332085210329091,SL,hit_into_play,Swing
2013,Pre-Statcast (2013 MVP Runner-Up),9,3,1,0.4122430886836692,1.6767825045937563,CH,swinging_strike,Swing
2013,Pre-Statcast (2013 MVP Runner-Up),2,2,3,0.2430300400472799,2.917923085244758,FF,foul,Swing
2013,Pre-Statcast (2013 MVP Runner-Up),9,3,1,0.7003136599939772,1.7091715055964078,SL,called_strike,Take (Called Strike)
2013,Pre-Statcast (2013 MVP Runner-Up),3,3,3,0.5115520480411386,3.092901051426525,FF,foul,Swing
2013,Pre-Statcast (2013 MVP Runner-Up),4,1,2,-0.5565789919162436,2.477450453477827,FF,foul,Swing
2013,Pre-Statcast (2013 MVP Runner-Up),4,1,2,-0.27842435801562404,2.2819843396843713,SI,hit_into_play,Swing
2013,Pre-Statcast (2013 MVP Runner-Up),4,1,2,-0.6551846329591113,2.598156716579379,SI,called_strike,Take (Called Strike)
2013,Pre-Statcast (2013 MVP Runner-Up),2,2,3,-0.02753850849964734,3.303667157953062,SI,foul,Swing
2013,Pre-Statcast (2013 MVP Runner-Up),3,3,3,0.46189030317171886,3.5248318558295804,SI,called_strike,Take (Called Strike)
2013,Pre-Statcast (2013 MVP Runner-Up),8,2,1,0.08094513002093606,2.1686648957113315,FF,hit_into_play,Swing
2013,Pre-Statcast (2013 MVP Runner-Up),4,1,2,-0.5156325075371349,2.4644566375452532,SI,hit_into_play,Swing
2013,Pre-Statcast (2013 MVP Runner-Up),7,1,1,-0.396088486213748,1.96052612806512,FF,hit_into_play,Swing
2013,Pre-Statcast (2013 MVP Runner-Up),5,2,2,-0.23301148197719557,2.874576088356086,FF,swinging_strike,Swing
2013,Pre-Statcast (2013 MVP Runner-Up),5,2,2,-0.08944461591566355,2.6209462386168427,FF,called_strike,Take (Called Strike)
2013,Pre-Statcast (2013 MVP Runner-Up),9,3,1,0.4107990168469744,1.477117169396042,FF,ball,Take (Called Strike)
2013,Pre-Statcast (2013 MVP Runner-Up),7,1,1,-0.6589989501075544,1.491414485896427,CH,foul,Swing
2013,Pre-Statcast (2013 MVP Runner-Up),5,2,2,0.0314229536441073,2.3589275927068436,FF,foul,Swing
2013,Pre-Statcast (2013 MVP Runner-Up),8,2,1,-0.2346216372737557,1.6295566994982975,FF,hit_into_play,Swing
2013,Pre-Statcast (2013 MVP Runner-Up),5,2,2,0.13273915039424983,2.277246339236203,FF,hit_into_play,Swing
2013,Pre-Statcast (2013 MVP Runner-Up),8,2,1,-0.198175472503912,2.054349028704939,SI,called_strike,Take (Called Strike)
2013,Pre-Statcast (2013 MVP Runner-Up),3,3,3,0.6523187760569555,3.218828877858385,SI,ball,Take (Called Strike)
2013,Pre-Statcast (2013 MVP Runner-Up),5,2,2,0.24537233580009732,2.3438738230814504,FF,hit_into_play,Swing
2013,Pre-Statcast (2013 MVP Runner-Up),6,3,2,0.3422255003780239,2.820146558902767,FF,hit_into_play,Swing
2013,Pre-Statcast (2013 MVP Runner-Up),3,3,3,0.4188499070578589,3.3815929734748993,SI,hit_into_play,Swing
2013,Pre-Statcast (2013 MVP Runner-Up),8,2,1,0.22462346136062483,2.0824654132665987,SI,foul,Swing
2013,Pre-Statcast (2013 MVP Runner-Up),9,3,1,0.33504947769761534,2.059488995773867,FC,hit_into_play,Swing
2013,Pre-Statcast (2013 MVP Runner-Up),3,3,3,0.5645744830860285,3.230693343278665,FF,hit_into_play,Swing
2013,Pre-Statcast (2013 MVP Runner-Up),9,3,1,0.5988269046368161,1.8115898314463992,FC,foul,Swing
2013,Pre-Statcast (2013 MVP Runner-Up),9,3,1,0.7102838870391361,1.8448131036359925,FF,called_strike,Take (Called Strike)
2013,Pre-Statcast (2013 MVP Runner-Up),9,3,1,0.2893590403534887,2.035602911605966,FF,foul_tip,Swing
2013,Pre-Statcast (2013 MVP Runner-Up),5,2,2,0.2527762026236797,2.610295705145752,FF,foul,Swing
2013,Pre-Statcast (2013 MVP Runner-Up),9,3,1,0.660077270311109,1.622659999268398,FF,hit_into_play,Swing
2013,Pre-Statcast (2013 MVP Runner-Up),6,3,2,0.32030480993196564,2.275664831143118,FF,called_strike,Take (Called Strike)
2013,Pre-Statcast (2013 MVP Runner-Up),9,3,1,0.3942374369295807,1.8118136899663455,SI,called_strike,Take (Called Strike)
2013,Pre-Statcast (2013 MVP Runner-Up),9,3,1,0.6196310384695525,1.675927704906803,FF,called_strike,Take (Called Strike)
2013,Pre-Statcast (2013 MVP Runner-Up),5,2,2,-0.16122283782368885,2.218983394963203,CH,foul,Swing
2013,Pre-Statcast (2013 MVP Runner-Up),6,3,2,0.7422496496091471,2.891382081927577,CU,called_strike,Take (Called Strike)
2013,Pre-Statcast (2013 MVP Runner-Up),6,3,2,0.4441598067816357,2.5598121219079,CH,hit_into_play,Swing
2013,Pre-Statcast (2013 MVP Runner-Up),6,3,2,0.7242372211823034,2.424571321467859,SI,foul,Swing
2013,Pre-Statcast (2013 MVP Runner-Up),1,1,3,-0.40444863077653737,3.497627745817571,SL,hit_into_play,Swing
2013,Pre-Statcast (2013 MVP Runner-Up),8,2,1,0.00271910428658705,1.736418601756208,CH,swinging_strike,Swing
2013,Pre-Statcast (2013 MVP Runner-Up),3,3,3,0.38895584453617627,2.904317187349106,FF,foul,Swing
2013,Pre-Statcast (2013 MVP Runner-Up),8,2,1,0.18989785419229788,2.055301771258335,FF,foul,Swing
2013,Pre-Statcast (2013 MVP Runner-Up),6,3,2,0.5028035474601152,2.6770721007744696,FF,called_strike,Take (Called Strike)
2013,Pre-Statcast (2013 MVP Runner-Up),9,3,1,0.46482130193392734,1.9437454119757511,ST,foul_tip,Swing
2013,Pre-Statcast (2013 MVP Runner-Up),6,3,2,0.4544266597490107,2.8496031166948357,ST,called_strike,Take (Called Strike)
2013,Pre-Statcast (2013 MVP Runner-Up),9,3,1,0.571768776033666,1.8408446221503751,FF,called_strike,Take (Called Strike)
2013,Pre-Statcast (2013 MVP Runner-Up),9,3,1,0.6836855384496792,1.504428839596094,ST,ball,Take (Called Strike)
2013,Pre-Statcast (2013 MVP Runner-Up),6,3,2,0.4697600657018849,2.63731366368929,FF,foul,Swing
2013,Pre-Statcast (2013 MVP Runner-Up),5,2,2,0.2243392381702155,2.4376748930044325,FF,swinging_strike,Swing
2013,Pre-Statcast (2013 MVP Runner-Up),2,2,3,0.02975648736629627,2.941699861779995,FF,foul,Swing
2013,Pre-Statcast (2013 MVP Runner-Up),5,2,2,0.27439278634544584,2.3445531339082235,FF,hit_into_play,Swing
2013,Pre-Statcast (2013 MVP Runner-Up),1,1,3,-0.43175474176555545,2.952742941257719,SL,foul,Swing
2013,Pre-Statcast (2013 MVP Runner-Up),8,2,1,-0.2352243073090507,1.9854973173682071,FF,foul,Swing
2013,Pre-Statcast (2013 MVP Runner-Up),1,1,3,-0.7485306025134775,3.0435705903337427,FF,called_strike,Take (Called Strike)
2013,Pre-Statcast (2013 MVP Runner-Up),4,1,2,-0.29936837109925984,2.691402005634668,CU,hit_into_play,Swing
2013,Pre-Statcast (2013 MVP Runner-Up),8,2,1,-0.1737862043790953,1.7465754101129078,FF,called_strike,Take (Called Strike)
2013,Pre-Statcast (2013 MVP Runner-Up),6,3,2,0.4720499093840631,2.450231487832398,FF,hit_into_play,Swing
2013,Pre-Statcast (2013 MVP Runner-Up),5,2,2,0.1190722954435044,2.861063303261181,SL,foul,Swing
2013,Pre-Statcast (2013 MVP Runner-Up),4,1,2,-0.4861448554475023,2.4056790662500536,FF,called_strike,Take (Called Strike)
2013,Pre-Statcast (2013 MVP Runner-Up),3,3,3,0.7240897285992328,3.291037617711652,CU,hit_into_play,Swing
2013,Pre-Statcast (2013 MVP Runner-Up),6,3,2,0.7791817177002531,2.477085231956262,FF,foul,Swing
2013,Pre-Statcast (2013 MVP Runner-Up),5,2,2,0.06647618656168786,2.5140886553952244,FF,called_strike,Take (Called Strike)
2013,Pre-Statcast (2013 MVP Runner-Up),4,1,2,-0.4374935313550674,2.5605998166278545,SI,hit_into_play,Swing
2013,Pre-Statcast (2013 MVP Runner-Up),7,1,1,-0.40162812235544854,1.8612209650120164,SI,foul,Swing
2013,Pre-Statcast (2013 MVP Runner-Up),8,2,1,0.11445713040452754,1.5374160814256967,CH,foul,Swing
2013,Pre-Statcast (2013 MVP Runner-Up),4,1,2,-0.8225110887953795,2.7878458034181697,SI,hit_into_play,Swing
2013,Pre-Statcast (2013 MVP Runner-Up),4,1,2,-0.27646932522378553,2.119461583504453,SI,called_strike,Take (Called Strike)
2013,Pre-Statcast (2013 MVP Runner-Up),9,3,1,0.41128171981413786,1.7366925995591962,CH,hit_into_play,Swing
2013,Pre-Statcast (2013 MVP Runner-Up),6,3,2,0.5897109583443376,2.698922785599626,FF,hit_into_play,Swing
2013,Pre-Statcast (2013 MVP Runner-Up),6,3,2,0.6768798534895443,2.699998814803622,SL,hit_into_play,Swing
2013,Pre-Statcast (2013 MVP Runner-Up),6,3,2,0.7905977169636168,2.368674056830672,FF,called_strike,Take (Called Strike)
2013,Pre-Statcast (2013 MVP Runner-Up),9,3,1,0.7268651473792408,1.994594981668345,SL,called_strike,Take (Called Strike)
2013,Pre-Statcast (2013 MVP Runner-Up),6,3,2,0.3976381316443338,2.5021424585639065,FF,called_strike,Take (Called Strike)
2013,Pre-Statcast (2013 MVP Runner-Up),9,3,1,0.6178317660953507,1.73373112121931,SL,swinging_strike,Swing
2013,Pre-Statcast (2013 MVP Runner-Up),6,3,2,0.7343898289894023,2.1721464453285657,SL,called_strike,Take (Called Strike)
2013,Pre-Statcast (2013 MVP Runner-Up),4,1,2,-0.2905057123952778,2.5249430158273034,FF,hit_into_play,Swing
2013,Pre-Statcast (2013 MVP Runner-Up),1,1,3,-0.5821794751892183,2.688773478299276,FF,called_strike,Take (Called Strike)
2013,Pre-Statcast (2013 MVP Runner-Up),2,2,3,0.18861619340154048,3.307561382212978,FF,hit_into_play,Swing
2013,Pre-Statcast (2013 MVP Runner-Up),6,3,2,0.7687444024544383,2.140911938901931,SL,called_strike,Take (Called Strike)
2013,Pre-Statcast (2013 MVP Runner-Up),9,3,1,0.4694065263475724,1.8526613818814008,FF,called_strike,Take (Called Strike)
2013,Pre-Statcast (2013 MVP Runner-Up),9,3,1,0.39978977973072394,1.530367069215964,FF,ball,Take (Called Strike)
2013,Pre-Statcast (2013 MVP Runner-Up),8,2,1,0.2057267676880179,1.1541452997666086,CH,ball,Take (Called Strike)
2013,Pre-Statcast (2013 MVP Runner-Up),5,2,2,-0.03441124854240984,2.419844802103837,FF,hit_into_play,Swing
2013,Pre-Statcast (2013 MVP Runner-Up),5,2,2,0.2353982559549196,2.822715876144641,FF,foul,Swing
2013,Pre-Statcast (2013 MVP Runner-Up),6,3,2,0.8168715321098231,2.427682785432393,FF,called_strike,Take (Called Strike)
2013,Pre-Statcast (2013 MVP Runner-Up),6,3,2,0.7341792043787221,2.738750133853525,CU,called_strike,Take (Called Strike)
2013,Pre-Statcast (2013 MVP Runner-Up),1,1,3,-0.4925659491875391,3.0907707557682107,CU,called_strike,Take (Called Strike)
2013,Pre-Statcast (2013 MVP Runner-Up),8,2,1,-0.00886724522981241,1.6214674280176031,FF,ball,Take (Called Strike)
2013,Pre-Statcast (2013 MVP Runner-Up),9,3,1,0.7660272416583115,1.963076993271598,SL,swinging_strike,Swing
2013,Pre-Statcast (2013 MVP Runner-Up),7,1,1,-0.7056368888944936,1.8002150590250237,SL,swinging_strike,Swing
2013,Pre-Statcast (2013 MVP Runner-Up),5,2,2,-0.08490207545243564,2.617591811691078,SL,foul,Swing
2013,Pre-Statcast (2013 MVP Runner-Up),2,2,3,0.03631062454226203,3.2277345237910144,SL,called_strike,Take (Called Strike)
2013,Pre-Statcast (2013 MVP Runner-Up),4,1,2,-0.37917771620215,2.3587521719199165,FF,hit_into_play,Swing
2013,Pre-Statcast (2013 MVP Runner-Up),1,1,3,-0.6917223445798563,3.040479947585877,SL,foul,Swing
2013,Pre-Statcast (2013 MVP Runner-Up),6,3,2,0.4402717933067426,2.736469678579766,SL,swinging_strike,Swing
2013,Pre-Statcast (2013 MVP Runner-Up),2,2,3,0.03744410104782791,3.3785293945985684,CU,called_strike,Take (Called Strike)
2013,Pre-Statcast (2013 MVP Runner-Up),9,3,1,0.6216133888078279,2.154820497965136,SI,foul,Swing
2013,Pre-Statcast (2013 MVP Runner-Up),9,3,1,0.3750036600150725,1.649881320550762,SL,hit_into_play,Swing
2013,Pre-Statcast (2013 MVP Runner-Up),9,3,1,0.5648651588964114,1.7580946541797058,CH,hit_into_play,Swing
2013,Pre-Statcast (2013 MVP Runner-Up),6,3,2,0.470581283797206,2.2942696676124927,FF,called_strike,Take (Called Strike)
2013,Pre-Statcast (2013 MVP Runner-Up),3,3,3,0.5752976317506928,3.141292447734562,FF,called_strike,Take (Called Strike)
2013,Pre-Statcast (2013 MVP Runner-Up),5,2,2,-0.10471110592780696,2.478020148465561,CH,called_strike,Take (Called Strike)
2013,Pre-Statcast (2013 MVP Runner-Up),6,3,2,0.6037481088034601,2.7277695802279975,FF,called_strike,Take (Called Strike)
2013,Pre-Statcast (2013 MVP Runner-Up),3,3,3,0.3097113603067983,3.480914055902013,FF,hit_into_play,Swing
2013,Pre-Statcast (2013 MVP Runner-Up),6,3,2,0.5615977610911347,2.1817896520300524,CH,called_strike,Take (Called Strike)
2013,Pre-Statcast (2013 MVP Runner-Up),3,3,3,0.7013575519938762,2.882236715669427,FF,swinging_strike,Swing
2013,Pre-Statcast (2013 MVP Runner-Up),4,1,2,-0.6395123454448631,2.6948126172548488,FF,foul,Swing
2013,Pre-Statcast (2013 MVP Runner-Up),9,3,1,0.38885285090086064,1.692921273541904,SI,ball,Take (Called Strike)
2013,Pre-Statcast (2013 MVP Runner-Up),6,3,2,0.3159964937729254,2.328318517924139,SI,foul_tip,Swing
2013,Pre-Statcast (2013 MVP Runner-Up),1,1,3,-0.5775258075656248,3.3473685321824327,FF,swinging_strike,Swing
2013,Pre-Statcast (2013 MVP Runner-Up),6,3,2,0.562622578977716,2.6517757638818633,SL,called_strike,Take (Called Strike)
2013,Pre-Statcast (2013 MVP Runner-Up),5,2,2,0.19357868093841468,2.322991606119984,FF,called_strike,Take (Called Strike)
2013,Pre-Statcast (2013 MVP Runner-Up),6,3,2,0.5285476888338466,2.7404323108735325,FF,called_strike,Take (Called Strike)
2013,Pre-Statcast (2013 MVP Runner-Up),9,3,1,0.67800338641202,1.9736968152917416,FC,called_strike,Take (Called Strike)
2013,Pre-Statcast (2013 MVP Runner-Up),6,3,2,0.4193875184021656,2.2744125691576476,CU,called_strike,Take (Called Strike)
2013,Pre-Statcast (2013 MVP Runner-Up),6,3,2,0.6190943347007968,2.8090456280190974,FF,called_strike,Take (Called Strike)
2013,Pre-Statcast (2013 MVP Runner-Up),9,3,1,0.5311148011369,1.6456367797147449,CU,ball,Take (Called Strike)
2013,Pre-Statcast (2013 MVP Runner-Up),8,2,1,-0.06366203974867024,1.8818839588182952,CH,hit_into_play,Swing
2013,Pre-Statcast (2013 MVP Runner-Up),8,2,1,-0.0913098644546082,1.4551191260224168,CH,ball,Take (Called Strike)
2013,Pre-Statcast (2013 MVP Runner-Up),8,2,1,-0.04802231645355492,1.807213626902069,SL,hit_into_play,Swing
2013,Pre-Statcast (2013 MVP Runner-Up),9,3,1,0.4557685714213405,1.5602259803162992,FC,called_strike,Take (Called Strike)
2013,Pre-Statcast (2013 MVP Runner-Up),4,1,2,-0.5949864855282208,2.516746763046611,SI,hit_into_play,Swing
2013,Pre-Statcast (2013 MVP Runner-Up),3,3,3,0.581205710430801,3.4266157002099225,CH,foul,Swing
2013,Pre-Statcast (2013 MVP Runner-Up),9,3,1,0.3920474210118484,2.0758577700159133,SI,foul,Swing
2013,Pre-Statcast (2013 MVP Runner-Up),7,1,1,-0.7019308507619373,1.839095944377115,SI,swinging_strike,Swing
2013,Pre-Statcast (2013 MVP Runner-Up),7,1,1,-0.6929365614688997,1.7879158497800194,FF,called_strike,Take (Called Strike)
2013,Pre-Statcast (2013 MVP Runner-Up),7,1,1,-0.8071824347636496,1.7043825976743232,CU,ball,Take (Called Strike)
2013,Pre-Statcast (2013 MVP Runner-Up),9,3,1,0.39535065846574935,1.717989016109056,FF,called_strike,Take (Called Strike)
2013,Pre-Statcast (2013 MVP Runner-Up),5,2,2,-0.04772002431069103,2.40444925527088,FC,swinging_strike,Swing
2013,Pre-Statcast (2013 MVP Runner-Up),6,3,2,0.5412465031417739,2.0005969468011955,CH,called_strike,Take (Called Strike)
2013,Pre-Statcast (2013 MVP Runner-Up),9,3,1,0.7426958008128663,1.8825254780149487,CH,hit_into_play,Swing
2013,Pre-Statcast (2013 MVP Runner-Up),8,2,1,-0.01653021496796491,1.954303559231391,SI,called_strike,Take (Called Strike)
2013,Pre-Statcast (2013 MVP Runner-Up),5,2,2,0.085288751408783,2.2105569880099702,CU,hit_into_play,Swing
2013,Pre-Statcast (2013 MVP Runner-Up),7,1,1,-0.6891872839218813,1.795657549752431,FF,ball,Take (Called Strike)
2013,Pre-Statcast (2013 MVP Runner-Up),8,2,1,-0.2327107511924451,2.121334608183989,SI,hit_into_play,Swing
2013,Pre-Statcast (2013 MVP Runner-Up),6,3,2,0.47057695205787775,2.722092851837456,FF,called_strike,Take (Called Strike)
2013,Pre-Statcast (2013 MVP Runner-Up),8,2,1,0.04196173053835789,1.8643719552492064,FC,called_strike,Take (Called Strike)
2013,Pre-Statcast (2013 MVP Runner-Up),3,3,3,0.5926194378497712,3.5119325528045113,FC,ball,Take (Called Strike)
2013,Pre-Statcast (2013 MVP Runner-Up),2,2,3,0.12872331493911754,3.3298319479324414,FC,hit_into_play,Swing
2013,Pre-Statcast (2013 MVP Runner-Up),6,3,2,0.8163694400120117,2.8119354840002826,FC,foul,Swing
2013,Pre-Statcast (2013 MVP Runner-Up),3,3,3,0.46900071270798743,3.4306683282617714,FC,foul,Swing
2013,Pre-Statcast (2013 MVP Runner-Up),9,3,1,0.6567090046632184,1.8144964523325493,CU,called_strike,Take (Called Strike)
2013,Pre-Statcast (2013 MVP Runner-Up),8,2,1,-0.17930442737300745,2.02306159953498,FC,called_strike,Take (Called Strike)
2013,Pre-Statcast (2013 MVP Runner-Up),9,3,1,0.33935761125111297,1.7375151396139028,CU,ball,Take (Called Strike)
2013,Pre-Statcast (2013 MVP Runner-Up),9,3,1,0.503033157077252,1.905102479288597,SL,called_strike,Take (Called Strike)
2013,Pre-Statcast (2013 MVP Runner-Up),1,1,3,-0.338435933539399,3.495310402730544,FF,hit_into_play,Swing
2013,Pre-Statcast (2013 MVP Runner-Up),4,1,2,-0.6737991977038966,2.660268643742823,FF,foul,Swing
2013,Pre-Statcast (2013 MVP Runner-Up),5,2,2,0.24271261950918063,2.6485617574872453,FF,hit_into_play,Swing
2013,Pre-Statcast (2013 MVP Runner-Up),3,3,3,0.5613506967858538,3.3822920039315925,FF,swinging_strike,Swing
2013,Pre-Statcast (2013 MVP Runner-Up),8,2,1,0.231280002248734,2.046129275318995,CH,foul,Swing
2013,Pre-Statcast (2013 MVP Runner-Up),6,3,2,0.6374690582110492,2.5957778622449075,CU,foul,Swing
2013,Pre-Statcast (2013 MVP Runner-Up),5,2,2,0.2083399408008988,2.2596855655680184,SL,hit_into_play,Swing
2013,Pre-Statcast (2013 MVP Runner-Up),2,2,3,0.20593662847341776,3.53628340403828,KC,foul,Swing
2013,Pre-Statcast (2013 MVP Runner-Up),5,2,2,0.05286887564546805,2.2513304953357687,KC,called_strike,Take (Called Strike)
2013,Pre-Statcast (2013 MVP Runner-Up),5,2,2,0.07190200584631468,2.526699866780102,SI,called_strike,Take (Called Strike)
2013,Pre-Statcast (2013 MVP Runner-Up),2,2,3,0.23261662848926112,3.153203380123349,SL,hit_into_play,Swing
2013,Pre-Statcast (2013 MVP Runner-Up),2,2,3,0.19032454637287832,2.990814914684655,FF,hit_into_play,Swing
2013,Pre-Statcast (2013 MVP Runner-Up),9,3,1,0.4765761150905826,1.801457745275752,FF,called_strike,Take (Called Strike)
2013,Pre-Statcast (2013 MVP Runner-Up),6,3,2,0.6536520855238275,2.3450787013497916,SL,hit_into_play,Swing
2013,Pre-Statcast (2013 MVP Runner-Up),3,3,3,0.5163205119871526,3.268343579600689,SI,called_strike,Take (Called Strike)
2013,Pre-Statcast (2013 MVP Runner-Up),6,3,2,0.520259553235682,2.2082190318044885,SL,foul,Swing
2013,Pre-Statcast (2013 MVP Runner-Up),2,2,3,-0.05175034546609314,3.161406573762754,FF,hit_into_play,Swing
2013,Pre-Statcast (2013 MVP Runner-Up),8,2,1,-0.03891287751456718,1.943803836225173,SL,hit_into_play,Swing
2013,Pre-Statcast (2013 MVP Runner-Up),5,2,2,0.1408574933852813,2.4752702528970567,SL,hit_into_play,Swing
2013,Pre-Statcast (2013 MVP Runner-Up),4,1,2,-0.4388507882938607,2.597245444319481,SI,foul,Swing
2013,Pre-Statcast (2013 MVP Runner-Up),4,1,2,-0.3192085072779418,2.4394734288052025,FF,foul,Swing
2013,Pre-Statcast (2013 MVP Runner-Up),8,2,1,-0.14990733072874377,1.7268555149964857,FF,called_strike,Take (Called Strike)
2013,Pre-Statcast (2013 MVP Runner-Up),5,2,2,-0.04636831463132146,2.748214666384559,FF,hit_into_play,Swing
2013,Pre-Statcast (2013 MVP Runner-Up),1,1,3,-0.4448195969020331,2.8669288791218195,FF,hit_into_play,Swing
2013,Pre-Statcast (2013 MVP Runner-Up),5,2,2,-0.16217689854734546,2.709059459294621,SL,hit_into_play,Swing
2013,Pre-Statcast (2013 MVP Runner-Up),6,3,2,0.35013305419413826,2.4185042036295106,SL,hit_into_play,Swing
2013,Pre-Statcast (2013 MVP Runner-Up),4,1,2,-0.35350760869809195,2.3766027249058963,CU,swinging_strike,Swing
2013,Pre-Statcast (2013 MVP Runner-Up),7,1,1,-0.5763391090517349,1.70751544178195,SI,foul,Swing
2013,Pre-Statcast (2013 MVP Runner-Up),5,2,2,0.26308740805669717,2.7899448394629047,CU,called_strike,Take (Called Strike)
2013,Pre-Statcast (2013 MVP Runner-Up),6,3,2,0.8090167197656425,2.446139536023857,SI,called_strike,Take (Called Strike)
2013,Pre-Statcast (2013 MVP Runner-Up),6,3,2,0.7570725418064321,2.243067828863643,SI,called_strike,Take (Called Strike)
2013,Pre-Statcast (2013 MVP Runner-Up),9,3,1,0.36020727218592197,1.934304367003681,SI,called_strike,Take (Called Strike)
2013,Pre-Statcast (2013 MVP Runner-Up),8,2,1,-0.11828910914662616,1.9218251086276057,SL,hit_into_play,Swing
2013,Pre-Statcast (2013 MVP Runner-Up),5,2,2,0.02581503173121535,2.2048128607175395,SI,called_strike,Take (Called Strike)
2013,Pre-Statcast (2013 MVP Runner-Up),5,2,2,0.1822851032113245,2.2724344169726995,SL,called_strike,Take (Called Strike)
2013,Pre-Statcast (2013 MVP Runner-Up),8,2,1,-0.2079156811259757,1.3738576994714142,CH,called_strike,Take (Called Strike)
2013,Pre-Statcast (2013 MVP Runner-Up),9,3,1,0.620235122445955,1.5982052445638413,CH,hit_into_play,Swing
2013,Pre-Statcast (2013 MVP Runner-Up),6,3,2,0.42891466847060616,2.1999865471434754,SL,called_strike,Take (Called Strike)
2013,Pre-Statcast (2013 MVP Runner-Up),5,2,2,0.00823368702548155,2.4238939575714493,SL,foul,Swing
2013,Pre-Statcast (2013 MVP Runner-Up),6,3,2,0.5157942677115502,2.8361520772453,FF,called_strike,Take (Called Strike)
2013,Pre-Statcast (2013 MVP Runner-Up),3,3,3,0.5097753321735237,3.0486260726150363,FF,called_strike,Take (Called Strike)
2013,Pre-Statcast (2013 MVP Runner-Up),3,3,3,0.4801396476852952,3.3767050977946687,SI,ball,Take (Called Strike)
2013,Pre-Statcast (2013 MVP Runner-Up),5,2,2,0.20817694950223808,2.4924807617136153,SI,hit_into_play,Swing
2013,Pre-Statcast (2013 MVP Runner-Up),5,2,2,-0.17932818168082637,2.231144042259617,FF,called_strike,Take (Called Strike)
2013,Pre-Statcast (2013 MVP Runner-Up),9,3,1,0.5277991544933477,1.6742915244511145,SI,hit_into_play,Swing
2013,Pre-Statcast (2013 MVP Runner-Up),6,3,2,0.7240164263050528,2.7679898857473857,CH,swinging_strike,Swing
2013,Pre-Statcast (2013 MVP Runner-Up),4,1,2,-0.574942450113659,2.413596774661637,SL,hit_into_play,Swing
2013,Pre-Statcast (2013 MVP Runner-Up),4,1,2,-0.7144063046149647,2.295892525504593,SI,foul,Swing
2013,Pre-Statcast (2013 MVP Runner-Up),3,3,3,0.3007679212963558,2.982068310548572,SL,foul,Swing
2013,Pre-Statcast (2013 MVP Runner-Up),9,3,1,0.6603352834828613,1.770919376478104,FF,foul,Swing
2013,Pre-Statcast (2013 MVP Runner-Up),5,2,2,0.1822918786046095,2.34954279451414,FF,called_strike,Take (Called Strike)
2013,Pre-Statcast (2013 MVP Runner-Up),9,3,1,0.6602340883716373,2.0197157401532024,CH,foul,Swing
2013,Pre-Statcast (2013 MVP Runner-Up),9,3,1,0.35996967306296845,1.619164360408075,CH,swinging_strike,Swing
2013,Pre-Statcast (2013 MVP Runner-Up),5,2,2,-0.02719617579229971,2.6103388694765046,FF,foul,Swing
2013,Pre-Statcast (2013 MVP Runner-Up),6,3,2,0.6403017556996641,2.2398791310960995,FC,hit_into_play,Swing
2013,Pre-Statcast (2013 MVP Runner-Up),4,1,2,-0.7466979166373073,2.3286448136057576,SI,hit_into_play,Swing
2013,Pre-Statcast (2013 MVP Runner-Up),5,2,2,-0.00596018183182867,2.520240096983186,SI,foul,Swing
2013,Pre-Statcast (2013 MVP Runner-Up),9,3,1,0.7464736281281815,2.1061450960102235,SL,foul,Swing
2013,Pre-Statcast (2013 MVP Runner-Up),8,2,1,-0.11960210823633388,2.213493766906141,SI,called_strike,Take (Called Strike)
2013,Pre-Statcast (2013 MVP Runner-Up),5,2,2,-0.21083209952404103,2.3644516323983997,SL,called_strike,Take (Called Strike)
2013,Pre-Statcast (2013 MVP Runner-Up),2,2,3,-0.1293484229860915,3.2365766902554363,FF,hit_into_play,Swing
2013,Pre-Statcast (2013 MVP Runner-Up),4,1,2,-0.4213632052335751,2.7168165593199283,SL,called_strike,Take (Called Strike)
2013,Pre-Statcast (2013 MVP Runner-Up),5,2,2,-0.03596731136748943,2.255434461892966,SI,foul,Swing
2013,Pre-Statcast (2013 MVP Runner-Up),5,2,2,0.1134969434028067,2.726653574791375,SI,foul,Swing
2013,Pre-Statcast (2013 MVP Runner-Up),1,1,3,-0.7012504925934908,3.024089857392539,SI,foul,Swing
2013,Pre-Statcast (2013 MVP Runner-Up),5,2,2,-0.23053568707744376,2.3809020163713384,SI,called_strike,Take (Called Strike)
2013,Pre-Statcast (2013 MVP Runner-Up),5,2,2,0.1301700113722778,2.1815962933602666,SI,hit_into_play,Swing
2013,Pre-Statcast (2013 MVP Runner-Up),4,1,2,-0.3649108962698382,2.444203433253916,FF,foul,Swing
2013,Pre-Statcast (2013 MVP Runner-Up),8,2,1,0.20464426566232363,1.4869891249901812,SI,called_strike,Take (Called Strike)
2013,Pre-Statcast (2013 MVP Runner-Up),6,3,2,0.4855309611305343,2.717200724473242,SI,called_strike,Take (Called Strike)
2013,Pre-Statcast (2013 MVP Runner-Up),8,2,1,0.08581380060849297,1.4417589205406238,FC,foul,Swing
2013,Pre-Statcast (2013 MVP Runner-Up),6,3,2,0.6710850138252934,2.112921443812131,FF,called_strike,Take (Called Strike)
2013,Pre-Statcast (2013 MVP Runner-Up),5,2,2,0.04563963014673139,2.5196788882417,SL,called_strike,Take (Called Strike)
2013,Pre-Statcast (2013 MVP Runner-Up),7,1,1,-0.30855598395313044,2.0459226133438224,FF,called_strike,Take (Called Strike)
2013,Pre-Statcast (2013 MVP Runner-Up),1,1,3,-0.7341752766836982,3.058665775021267,SI,foul,Swing
2013,Pre-Statcast (2013 MVP Runner-Up),5,2,2,-0.05646304147841308,2.5381389479189473,SI,called_strike,Take (Called Strike)
2013,Pre-Statcast (2013 MVP Runner-Up),4,1,2,-0.35844087717239215,2.5171258290941765,SI,swinging_strike,Swing
2013,Pre-Statcast (2013 MVP Runner-Up),4,1,2,-0.3662182882229771,2.274712939335244,FF,called_strike,Take (Called Strike)
2013,Pre-Statcast (2013 MVP Runner-Up),4,1,2,-0.40991279673179326,2.4075223920030115,CU,called_strike,Take (Called Strike)
2013,Pre-Statcast (2013 MVP Runner-Up),3,3,3,0.3494660388487114,3.5616714637743248,SI,ball,Take (Called Strike)
2013,Pre-Statcast (2013 MVP Runner-Up),6,3,2,0.5771522317469884,2.1981325597337387,FF,called_strike,Take (Called Strike)
2013,Pre-Statcast (2013 MVP Runner-Up),9,3,1,0.29769804897909175,2.1412974017941075,SL,hit_into_play,Swing
2013,Pre-Statcast (2013 MVP Runner-Up),6,3,2,0.65625849116611,2.686248981120049,SI,called_strike,Take (Called Strike)
2013,Pre-Statcast (2013 MVP Runner-Up),8,2,1,0.10021462990772367,1.5816839118027186,KC,ball,Take (Called Strike)
2013,Pre-Statcast (2013 MVP Runner-Up),9,3,1,0.6494333522921683,2.0033536251303277,SI,called_strike,Take (Called Strike)
2013,Pre-Statcast (2013 MVP Runner-Up),8,2,1,0.14034797798905707,2.1985481321232294,SI,called_strike,Take (Called Strike)
2013,Pre-Statcast (2013 MVP Runner-Up),7,1,1,-0.34530111872667546,1.9329272924591865,FF,hit_into_play,Swing
2013,Pre-Statcast (2013 MVP Runner-Up),6,3,2,0.8174046356034248,2.4438174433015067,FF,called_strike,Take (Called Strike)
2013,Pre-Statcast (2013 MVP Runner-Up),1,1,3,-0.5872452756538258,3.217211814881721,SI,foul,Swing
2013,Pre-Statcast (2013 MVP Runner-Up),9,3,1,0.6476233151454651,1.6888738921388962,SL,ball,Take (Called Strike)
2013,Pre-Statcast (2013 MVP Runner-Up),5,2,2,0.2355365747569994,2.454765595017385,FF,foul,Swing
2013,Pre-Statcast (2013 MVP Runner-Up),6,3,2,0.5698385134198789,2.483237662499109,FF,called_strike,Take (Called Strike)
2013,Pre-Statcast (2013 MVP Runner-Up),5,2,2,0.17063878653759612,2.4378186221908087,FS,hit_into_play,Swing
2013,Pre-Statcast (2013 MVP Runner-Up),4,1,2,-0.6111231364616009,2.570284235020045,SL,foul,Swing
2013,Pre-Statcast (2013 MVP Runner-Up),1,1,3,-0.5282694290547729,3.242762263968662,FF,hit_into_play,Swing
2013,Pre-Statcast (2013 MVP Runner-Up),6,3,2,0.6128714662790323,2.4073206537594545,ST,called_strike,Take (Called Strike)
2013,Pre-Statcast (2013 MVP Runner-Up),4,1,2,-0.6003419251188964,2.2101850745016556,FS,hit_into_play,Swing
2013,Pre-Statcast (2013 MVP Runner-Up),9,3,1,0.6925864795681187,1.7542734764584147,FF,called_strike,Take (Called Strike)
2013,Pre-Statcast (2013 MVP Runner-Up),5,2,2,0.1622498920751798,2.4346446921913865,FS,called_strike,Take (Called Strike)
2013,Pre-Statcast (2013 MVP Runner-Up),2,2,3,-0.20917826648638227,3.050384647465617,FF,hit_into_play,Swing
2013,Pre-Statcast (2013 MVP Runner-Up),1,1,3,-0.2966226096904744,3.3920661741552456,SI,swinging_strike,Swing
2013,Pre-Statcast (2013 MVP Runner-Up),4,1,2,-0.6625984488291616,2.572243009652203,SI,foul,Swing
2013,Pre-Statcast (2013 MVP Runner-Up),9,3,1,0.35628708381117213,2.085828881477564,SL,swinging_strike,Swing
2013,Pre-Statcast (2013 MVP Runner-Up),9,3,1,0.3640735946682153,2.131377827592228,FF,hit_into_play,Swing
2013,Pre-Statcast (2013 MVP Runner-Up),4,1,2,-0.6353144723577093,2.4182163507700825,SI,swinging_strike,Swing
2013,Pre-Statcast (2013 MVP Runner-Up),5,2,2,0.1822328090509183,2.161894009819,FC,hit_into_play,Swing
2013,Pre-Statcast (2013 MVP Runner-Up),4,1,2,-0.6300790317424826,2.3862999434549863,FF,swinging_strike,Swing
2013,Pre-Statcast (2013 MVP Runner-Up),8,2,1,0.0293449680246276,2.061431933615654,KC,hit_into_play,Swing
2013,Pre-Statcast (2013 MVP Runner-Up),1,1,3,-0.42542448011660405,3.496935049865641,FF,hit_into_play,Swing
2013,Pre-Statcast (2013 MVP Runner-Up),6,3,2,0.5224271043807353,2.316610382262139,FF,called_strike,Take (Called Strike)
2013,Pre-Statcast (2013 MVP Runner-Up),1,1,3,-0.5888023618502912,2.8150965286063,FF,called_strike,Take (Called Strike)
2013,Pre-Statcast (2013 MVP Runner-Up),5,2,2,0.03020521459250896,2.417800415952149,SL,called_strike,Take (Called Strike)
2013,Pre-Statcast (2013 MVP Runner-Up),9,3,1,0.5430445740081276,1.9127687630291663,FF,called_strike,Take (Called Strike)
2013,Pre-Statcast (2013 MVP Runner-Up),7,1,1,-0.35643813954449577,1.5577911198657333,FF,ball,Take (Called Strike)
2013,Pre-Statcast (2013 MVP Runner-Up),8,2,1,0.00454891493653125,2.060906321190042,FF,hit_into_play,Swing
2013,Pre-Statcast (2013 MVP Runner-Up),4,1,2,-0.6888015949472932,2.5261179117083072,FF,hit_into_play,Swing
2013,Pre-Statcast (2013 MVP Runner-Up),5,2,2,0.1250465362950398,2.3109106792277325,FF,called_strike,Take (Called Strike)
2013,Pre-Statcast (2013 MVP Runner-Up),3,3,3,0.4362679386599198,3.5336195379567847,FF,swinging_strike,Swing
2013,Pre-Statcast (2013 MVP Runner-Up),3,3,3,0.7353428264811501,3.0599318706981298,FF,foul,Swing
2013,Pre-Statcast (2013 MVP Runner-Up),8,2,1,-0.1316539115679385,1.966863365675762,FF,called_strike,Take (Called Strike)
2013,Pre-Statcast (2013 MVP Runner-Up),4,1,2,-0.45010445990331416,2.3606442078829755,FF,hit_into_play,Swing
2013,Pre-Statcast (2013 MVP Runner-Up),5,2,2,0.05303591454156464,2.6786348256279813,FF,called_strike,Take (Called Strike)
2013,Pre-Statcast (2013 MVP Runner-Up),5,2,2,0.2421925087441904,2.18335983336802,FC,hit_into_play,Swing
2013,Pre-Statcast (2013 MVP Runner-Up),2,2,3,0.14418080481508003,2.8718783712169804,FC,foul,Swing
2013,Pre-Statcast (2013 MVP Runner-Up),5,2,2,-0.10790615370531696,2.3670599664344296,FC,swinging_strike,Swing
2013,Pre-Statcast (2013 MVP Runner-Up),8,2,1,0.10916651230244198,2.051485546547296,FC,foul,Swing
2013,Pre-Statcast (2013 MVP Runner-Up),5,2,2,-0.10037807499794338,2.3836434457831763,FF,called_strike,Take (Called Strike)
2013,Pre-Statcast (2013 MVP Runner-Up),9,3,1,0.5246948518888759,1.7805348057447508,SL,swinging_strike,Swing
2013,Pre-Statcast (2013 MVP Runner-Up),8,2,1,-0.20355212756987973,1.8660183483980024,FF,called_strike,Take (Called Strike)
2013,Pre-Statcast (2013 MVP Runner-Up),8,2,1,-0.08060488929851206,2.032974972741836,FF,foul,Swing
2013,Pre-Statcast (2013 MVP Runner-Up),5,2,2,-0.1591567811570378,2.2875027617155266,FF,called_strike,Take (Called Strike)
2013,Pre-Statcast (2013 MVP Runner-Up),8,2,1,0.22770937597591412,1.6047700678088863,SL,swinging_strike,Swing
2013,Pre-Statcast (2013 MVP Runner-Up),2,2,3,-0.11020299286539842,2.979840559586448,FF,hit_into_play,Swing
2013,Pre-Statcast (2013 MVP Runner-Up),3,3,3,0.38673311013723344,2.9550411450475025,FC,swinging_strike,Swing
2013,Pre-Statcast (2013 MVP Runner-Up),6,3,2,0.5068594692507051,2.5827352295081383,FF,called_strike,Take (Called Strike)
2013,Pre-Statcast (2013 MVP Runner-Up),8,2,1,-0.06698533574590598,1.7898318931035044,FC,foul,Swing
2013,Pre-Statcast (2013 MVP Runner-Up),9,3,1,0.3864207069401855,2.0729231851622294,FC,called_strike,Take (Called Strike)
2013,Pre-Statcast (2013 MVP Runner-Up),6,3,2,0.7058485346696327,2.0852813228226057,CH,hit_into_play,Swing
2013,Pre-Statcast (2013 MVP Runner-Up),6,3,2,0.5345844300650572,2.7320475749324498,CU,hit_into_play,Swing
2013,Pre-Statcast (2013 MVP Runner-Up),7,1,1,-0.39607694047243514,1.5963562915380072,CH,swinging_strike,Swing
2013,Pre-Statcast (2013 MVP Runner-Up),8,2,1,-0.03670604995187232,1.8995006301998023,SI,called_strike,Take (Called Strike)
2013,Pre-Statcast (2013 MVP Runner-Up),1,1,3,-0.555999016760735,2.983569720153267,FF,foul,Swing
2013,Pre-Statcast (2013 MVP Runner-Up),8,2,1,0.1830476483257274,1.6137517653988969,CH,hit_into_play,Swing
2013,Pre-Statcast (2013 MVP Runner-Up),8,2,1,-0.00894269460108132,1.9454685880078704,SL,called_strike,Take (Called Strike)
2013,Pre-Statcast (2013 MVP Runner-Up),3,3,3,0.5899234365725224,3.2759573653687957,FF,hit_into_play,Swing
2013,Pre-Statcast (2013 MVP Runner-Up),8,2,1,0.01712605437954884,2.1140356054344966,SI,called_strike,Take (Called Strike)
2013,Pre-Statcast (2013 MVP Runner-Up),6,3,2,0.3862510947226996,2.3655046389116268,SI,called_strike,Take (Called Strike)
2013,Pre-Statcast (2013 MVP Runner-Up),5,2,2,0.19669553647496665,2.007638933337907,FF,hit_into_play,Swing
2013,Pre-Statcast (2013 MVP Runner-Up),5,2,2,0.08822468654424254,2.6059436547046255,FF,called_strike,Take (Called Strike)
2013,Pre-Statcast (2013 MVP Runner-Up),5,2,2,0.13762779458999563,2.437850061869958,SL,swinging_strike,Swing
2013,Pre-Statcast (2013 MVP Runner-Up),3,3,3,0.610032976270704,3.491288500164068,FF,foul_tip,Swing
2013,Pre-Statcast (2013 MVP Runner-Up),7,1,1,-0.4911143128946732,2.1244660513435414,SL,called_strike,Take (Called Strike)
2013,Pre-Statcast (2013 MVP Runner-Up),3,3,3,0.3419406645295295,3.030486653813776,SL,hit_into_play,Swing
2013,Pre-Statcast (2013 MVP Runner-Up),5,2,2,0.23045865053947737,2.7919927977606647,FF,foul,Swing
2013,Pre-Statcast (2013 MVP Runner-Up),6,3,2,0.6168775588097195,2.4186995079914104,SL,foul,Swing
2013,Pre-Statcast (2013 MVP Runner-Up),5,2,2,0.03499097580784927,2.41279917133374,FF,called_strike,Take (Called Strike)
2013,Pre-Statcast (2013 MVP Runner-Up),6,3,2,0.7919161009454306,2.6132419611557696,FF,foul,Swing
2013,Pre-Statcast (2013 MVP Runner-Up),6,3,2,0.7807224296100286,2.663997994870133,CU,hit_into_play,Swing
2013,Pre-Statcast (2013 MVP Runner-Up),6,3,2,0.3179687729759044,2.58044766403471,SI,hit_into_play,Swing
2013,Pre-Statcast (2013 MVP Runner-Up),7,1,1,-0.5546792561181597,2.132739309495971,CH,swinging_strike,Swing
2013,Pre-Statcast (2013 MVP Runner-Up),1,1,3,-0.7205173876402149,3.1886624266209735,CU,ball,Take (Called Strike)
2013,Pre-Statcast (2013 MVP Runner-Up),6,3,2,0.7202168353898981,2.2497353018211763,SI,called_strike,Take (Called Strike)
2013,Pre-Statcast (2013 MVP Runner-Up),3,3,3,0.38357564255488,3.0628776557745847,SL,foul,Swing
2013,Pre-Statcast (2013 MVP Runner-Up),3,3,3,0.6596799481106351,3.1908993980067546,FF,hit_into_play,Swing
2013,Pre-Statcast (2013 MVP Runner-Up),2,2,3,0.10521858657742024,2.983287890439521,SI,swinging_strike,Swing
2013,Pre-Statcast (2013 MVP Runner-Up),3,3,3,0.5948798687545227,3.3557448016357534,FF,called_strike,Take (Called Strike)
2013,Pre-Statcast (2013 MVP Runner-Up),5,2,2,-0.00340655643362053,2.2231563958107667,SI,hit_into_play,Swing
2013,Pre-Statcast (2013 MVP Runner-Up),6,3,2,0.32023682561766564,2.727498153826976,FF,called_strike,Take (Called Strike)
2013,Pre-Statcast (2013 MVP Runner-Up),9,3,1,0.5436878734044147,1.766230579421026,SL,called_strike,Take (Called Strike)
2013,Pre-Statcast (2013 MVP Runner-Up),4,1,2,-0.7317942124854919,2.6678399059014364,FF,hit_into_play,Swing
2013,Pre-Statcast (2013 MVP Runner-Up),9,3,1,0.42603611766312754,2.068702982310033,SL,called_strike,Take (Called Strike)
2013,Pre-Statcast (2013 MVP Runner-Up),8,2,1,0.2049539013714634,2.118522479574854,SL,foul,Swing
2013,Pre-Statcast (2013 MVP Runner-Up),2,2,3,-0.17393980344805338,3.236552839660983,FF,hit_into_play,Swing
2013,Pre-Statcast (2013 MVP Runner-Up),6,3,2,0.8080154686733305,2.202111444585344,SI,hit_into_play,Swing
2013,Pre-Statcast (2013 MVP Runner-Up),8,2,1,0.15285943059819251,1.647921578619937,SI,called_strike,Take (Called Strike)
2013,Pre-Statcast (2013 MVP Runner-Up),4,1,2,-0.39073938133682895,2.655539217405644,SI,hit_into_play,Swing
2013,Pre-Statcast (2013 MVP Runner-Up),6,3,2,0.33710556789793467,2.227542213664169,SL,foul,Swing
2013,Pre-Statcast (2013 MVP Runner-Up),8,2,1,0.18373753949185567,1.447903372729475,CU,hit_into_play,Swing
2013,Pre-Statcast (2013 MVP Runner-Up),5,2,2,-0.06258962396534717,2.6155802164902964,SL,called_strike,Take (Called Strike)
2013,Pre-Statcast (2013 MVP Runner-Up),3,3,3,0.5802049698692129,2.922394530318573,FF,hit_into_play,Swing
2013,Pre-Statcast (2013 MVP Runner-Up),6,3,2,0.38394645641531855,2.606618334952933,SL,foul,Swing
2013,Pre-Statcast (2013 MVP Runner-Up),9,3,1,0.7180912044403128,1.8528056049691268,FF,called_strike,Take (Called Strike)
2013,Pre-Statcast (2013 MVP Runner-Up),6,3,2,0.6065796816309974,2.474931230770133,SI,foul,Swing
2013,Pre-Statcast (2013 MVP Runner-Up),9,3,1,0.36583968437919606,1.5777819578504162,SI,ball,Take (Called Strike)
2013,Pre-Statcast (2013 MVP Runner-Up),8,2,1,0.00851150265640815,2.107343029047934,SL,called_strike,Take (Called Strike)
2013,Pre-Statcast (2013 MVP Runner-Up),5,2,2,-0.01661916851798385,2.5852302013749444,FF,hit_into_play,Swing
2013,Pre-Statcast (2013 MVP Runner-Up),4,1,2,-0.7328917892810931,2.7956246588367595,FF,foul,Swing
2013,Pre-Statcast (2013 MVP Runner-Up),3,3,3,0.29924512186926366,3.19902651133891,SL,called_strike,Take (Called Strike)
2013,Pre-Statcast (2013 MVP Runner-Up),2,2,3,-0.19107982094163975,2.996691101698066,SL,hit_into_play,Swing
2013,Pre-Statcast (2013 MVP Runner-Up),7,1,1,-0.817188506335347,1.9776298171137925,FC,foul,Swing
2013,Pre-Statcast (2013 MVP Runner-Up),8,2,1,0.08873726499027046,1.7458734141876886,CH,called_strike,Take (Called Strike)
2013,Pre-Statcast (2013 MVP Runner-Up),8,2,1,0.03801053383720082,2.0750312663266173,FC,hit_into_play,Swing
2013,Pre-Statcast (2013 MVP Runner-Up),9,3,1,0.384473143114579,2.04263018855907,FC,called_strike,Take (Called Strike)
2013,Pre-Statcast (2013 MVP Runner-Up),9,3,1,0.7847962090697671,1.9017745886193669,SI,ball,Take (Called Strike)
2013,Pre-Statcast (2013 MVP Runner-Up),8,2,1,0.2028217933616363,1.9478295758809772,FC,hit_into_play,Swing
2013,Pre-Statcast (2013 MVP Runner-Up),5,2,2,0.11864192284331744,2.4198517052539357,CH,called_strike,Take (Called Strike)
2013,Pre-Statcast (2013 MVP Runner-Up),2,2,3,-0.23521179420261631,3.279143329942482,FF,called_strike,Take (Called Strike)
2013,Pre-Statcast (2013 MVP Runner-Up),8,2,1,0.17791436885515327,1.8920031880357848,SL,hit_into_play,Swing
2013,Pre-Statcast (2013 MVP Runner-Up),2,2,3,0.20933754237670504,3.348225064176119,FF,swinging_strike,Swing
2013,Pre-Statcast (2013 MVP Runner-Up),9,3,1,0.4640442357029052,1.6091841793776045,SL,called_strike,Take (Called Strike)
2013,Pre-Statcast (2013 MVP Runner-Up),4,1,2,-0.4759874532844457,2.3348141508243705,FF,foul,Swing
2013,Pre-Statcast (2013 MVP Runner-Up),6,3,2,0.7858539786144874,2.479468006439994,FF,foul,Swing
2013,Pre-Statcast (2013 MVP Runner-Up),9,3,1,0.46998590236911775,1.971501464868903,FF,hit_into_play,Swing
2013,Pre-Statcast (2013 MVP Runner-Up),8,2,1,0.24979135136535413,1.96956167163086,FF,foul,Swing
2013,Pre-Statcast (2013 MVP Runner-Up),2,2,3,-0.2533168103533471,2.892733548156806,FC,swinging_strike,Swing
2013,Pre-Statcast (2013 MVP Runner-Up),5,2,2,0.24602867413402785,2.599323615058052,FF,called_strike,Take (Called Strike)
2013,Pre-Statcast (2013 MVP Runner-Up),4,1,2,-0.47526529793138383,2.448150272298297,FF,hit_into_play,Swing
2013,Pre-Statcast (2013 MVP Runner-Up),8,2,1,0.14394540190243166,1.4719295134989256,FF,ball,Take (Called Strike)
2013,Pre-Statcast (2013 MVP Runner-Up),4,1,2,-0.37847139590239975,2.758561668920766,CU,swinging_strike,Swing
2013,Pre-Statcast (2013 MVP Runner-Up),4,1,2,-0.5556584485792556,2.6143561197985727,CU,called_strike,Take (Called Strike)
2013,Pre-Statcast (2013 MVP Runner-Up),3,3,3,0.2888894333813603,2.8865906962945216,FF,called_strike,Take (Called Strike)
2013,Pre-Statcast (2013 MVP Runner-Up),6,3,2,0.603218590550636,2.3501738539324477,CU,hit_into_play,Swing
2013,Pre-Statcast (2013 MVP Runner-Up),5,2,2,-0.07808661363027247,2.367608824390176,FF,foul,Swing
2013,Pre-Statcast (2013 MVP Runner-Up),7,1,1,-0.411208160274532,1.584966538069232,FF,called_strike,Take (Called Strike)
2013,Pre-Statcast (2013 MVP Runner-Up),2,2,3,-0.21321408610477177,3.0409301701611784,FF,called_strike,Take (Called Strike)
2013,Pre-Statcast (2013 MVP Runner-Up),6,3,2,0.4234951908098954,2.788284127727624,FF,foul,Swing
2013,Pre-Statcast (2013 MVP Runner-Up),1,1,3,-0.3019927937179724,3.2434289878375475,FF,hit_into_play,Swing
2013,Pre-Statcast (2013 MVP Runner-Up),5,2,2,-0.16525983925308596,2.792931997946467,FF,foul,Swing
2013,Pre-Statcast (2013 MVP Runner-Up),2,2,3,0.0077354385798869,3.1937611525043637,SL,foul,Swing
2013,Pre-Statcast (2013 MVP Runner-Up),6,3,2,0.5062381983741825,2.387579475282574,FF,called_strike,Take (Called Strike)
2013,Pre-Statcast (2013 MVP Runner-Up),9,3,1,0.3050448917196601,1.8659398137611416,FF,hit_into_play,Swing
2013,Pre-Statcast (2013 MVP Runner-Up),4,1,2,-0.4902692569985281,2.5412405954732016,FF,foul,Swing
2013,Pre-Statcast (2013 MVP Runner-Up),7,1,1,-0.7003262249167451,2.122140826762362,SL,foul,Swing
2013,Pre-Statcast (2013 MVP Runner-Up),9,3,1,0.2851314959869782,1.882974057651172,FF,foul,Swing
2013,Pre-Statcast (2013 MVP Runner-Up),5,2,2,0.17447136517692297,2.4147286443157068,FF,called_strike,Take (Called Strike)
2013,Pre-Statcast (2013 MVP Runner-Up),4,1,2,-0.3396583593235811,2.62092178861522,SI,hit_into_play,Swing
2013,Pre-Statcast (2013 MVP Runner-Up),3,3,3,0.4948464272961815,3.1456610079756793,FC,hit_into_play,Swing
2013,Pre-Statcast (2013 MVP Runner-Up),4,1,2,-0.3893788740500089,2.3634879421450568,FF,called_strike,Take (Called Strike)
2013,Pre-Statcast (2013 MVP Runner-Up),8,2,1,-0.1930357745076103,1.7423283930411442,FF,ball,Take (Called Strike)
2013,Pre-Statcast (2013 MVP Runner-Up),6,3,2,0.3452487742983772,2.4149457400337795,FF,hit_into_play,Swing
2013,Pre-Statcast (2013 MVP Runner-Up),3,3,3,0.7420138773891649,2.9298372311810996,SI,called_strike,Take (Called Strike)
2013,Pre-Statcast (2013 MVP Runner-Up),9,3,1,0.6448281274476239,2.032815470119651,FF,called_strike,Take (Called Strike)
2013,Pre-Statcast (2013 MVP Runner-Up),9,3,1,0.4743666869636032,1.6147428281803036,SL,called_strike,Take (Called Strike)
2013,Pre-Statcast (2013 MVP Runner-Up),9,3,1,0.4603281959089494,1.9664986821339956,CU,hit_into_play,Swing
2013,Pre-Statcast (2013 MVP Runner-Up),3,3,3,0.34608032672562605,3.46776603883253,SI,ball,Take (Called Strike)
2013,Pre-Statcast (2013 MVP Runner-Up),9,3,1,0.36186291547891813,2.116273340946678,SI,called_strike,Take (Called Strike)
2013,Pre-Statcast (2013 MVP Runner-Up),6,3,2,0.36763764049725833,2.5227037849132516,SI,hit_into_play,Swing
2013,Pre-Statcast (2013 MVP Runner-Up),3,3,3,0.5835855574040936,2.929096695499161,SL,hit_into_play,Swing
2013,Pre-Statcast (2013 MVP Runner-Up),9,3,1,0.2940810158301541,1.8169867068054009,SI,foul,Swing
2013,Pre-Statcast (2013 MVP Runner-Up),3,3,3,0.3809981745355976,3.131450205045013,SI,foul,Swing
2013,Pre-Statcast (2013 MVP Runner-Up),5,2,2,0.2741810858881423,2.2462020137630794,SL,foul,Swing
2013,Pre-Statcast (2013 MVP Runner-Up),8,2,1,-0.02658938674288036,2.0473454628747394,SI,foul,Swing
2013,Pre-Statcast (2013 MVP Runner-Up),6,3,2,0.5405710556334448,2.28814866216492,CH,foul,Swing
2013,Pre-Statcast (2013 MVP Runner-Up),5,2,2,-0.00279389191055567,2.7909503475738653,SI,foul,Swing
2013,Pre-Statcast (2013 MVP Runner-Up),8,2,1,-0.0436566423410921,1.9307466364679555,SL,hit_into_play,Swing
2013,Pre-Statcast (2013 MVP Runner-Up),9,3,1,0.7527803110861747,1.4782287836935146,SL,hit_into_play,Swing
2013,Pre-Statcast (2013 MVP Runner-Up),8,2,1,0.1927846815859083,1.4822223727531163,SL,called_strike,Take (Called Strike)
2013,Pre-Statcast (2013 MVP Runner-Up),9,3,1,0.6952350387199582,1.980538938935116,SI,called_strike,Take (Called Strike)
2013,Pre-Statcast (2013 MVP Runner-Up),8,2,1,0.1001487877479068,1.9765763476107931,SI,foul,Swing
2013,Pre-Statcast (2013 MVP Runner-Up),1,1,3,-0.6234077053203808,3.3138478351269507,SI,called_strike,Take (Called Strike)
2013,Pre-Statcast (2013 MVP Runner-Up),6,3,2,0.4301360573973566,2.349844350143757,SL,hit_into_play,Swing
2013,Pre-Statcast (2013 MVP Runner-Up),5,2,2,0.04479610769523434,2.420370988641137,FF,foul,Swing
2013,Pre-Statcast (2013 MVP Runner-Up),2,2,3,-0.03905217957704599,2.933056668009101,FF,hit_into_play,Swing
2013,Pre-Statcast (2013 MVP Runner-Up),5,2,2,0.14693673738566657,2.279524547860336,CU,hit_into_play,Swing
2013,Pre-Statcast (2013 MVP Runner-Up),5,2,2,0.131696894606064,2.130996665575485,CU,hit_into_play,Swing
2013,Pre-Statcast (2013 MVP Runner-Up),8,2,1,0.05505271973530651,2.055509200241479,CU,called_strike,Take (Called Strike)
2013,Pre-Statcast (2013 MVP Runner-Up),3,3,3,0.7480426034232251,3.1363048352066714,FF,foul,Swing
2013,Pre-Statcast (2013 MVP Runner-Up),8,2,1,0.11540319060795612,1.7240844914950533,FF,hit_into_play,Swing
2013,Pre-Statcast (2013 MVP Runner-Up),8,2,1,0.25434657018401063,2.093132849978859,FF,called_strike,Take (Called Strike)
2013,Pre-Statcast (2013 MVP Runner-Up),9,3,1,0.7843726961679728,1.973871429158894,FF,called_strike,Take (Called Strike)
2013,Pre-Statcast (2013 MVP Runner-Up),9,3,1,0.7485449936126292,1.8804987950715408,FF,called_strike,Take (Called Strike)
2013,Pre-Statcast (2013 MVP Runner-Up),3,3,3,0.8219651322957066,2.88643570205578,CU,hit_into_play,Swing
2013,Pre-Statcast (2013 MVP Runner-Up),5,2,2,0.00221672633182312,2.371195238078046,SI,swinging_strike,Swing
2013,Pre-Statcast (2013 MVP Runner-Up),6,3,2,0.6804847973534919,2.498215336582891,FF,foul,Swing
2013,Pre-Statcast (2013 MVP Runner-Up),5,2,2,0.12607248605886665,2.4422389041700385,SL,hit_into_play,Swing
2013,Pre-Statcast (2013 MVP Runner-Up),6,3,2,0.7613454830548263,2.597731060528147,SL,foul,Swing
2013,Pre-Statcast (2013 MVP Runner-Up),6,3,2,0.39386339420295946,2.172689098514496,SL,swinging_strike,Swing
2013,Pre-Statcast (2013 MVP Runner-Up),6,3,2,0.4913234342178763,2.3455592458108634,FC,foul,Swing
2013,Pre-Statcast (2013 MVP Runner-Up),9,3,1,0.486571150122634,1.6026451682261689,CU,hit_into_play,Swing
2013,Pre-Statcast (2013 MVP Runner-Up),2,2,3,0.2432511625159237,2.9198659218104415,FF,foul,Swing
2013,Pre-Statcast (2013 MVP Runner-Up),6,3,2,0.6936998999893642,2.514732211209772,SI,foul,Swing
2013,Pre-Statcast (2013 MVP Runner-Up),6,3,2,0.5939174804137453,2.2975996493522173,FF,called_strike,Take (Called Strike)
2013,Pre-Statcast (2013 MVP Runner-Up),1,1,3,-0.3882555404686496,3.2103358323597906,FF,called_strike,Take (Called Strike)
2013,Pre-Statcast (2013 MVP Runner-Up),7,1,1,-0.6456856215673932,1.816437244357709,SI,ball,Take (Called Strike)
2013,Pre-Statcast (2013 MVP Runner-Up),9,3,1,0.6244585805833459,1.4637741359687366,CU,hit_into_play,Swing
2013,Pre-Statcast (2013 MVP Runner-Up),4,1,2,-0.7971575104095079,2.277596348288777,SI,called_strike,Take (Called Strike)
2013,Pre-Statcast (2013 MVP Runner-Up),5,2,2,-0.04845226002228897,2.8408944153259297,SI,swinging_strike,Swing
2013,Pre-Statcast (2013 MVP Runner-Up),2,2,3,-0.05460182535610314,2.885719062175684,SI,called_strike,Take (Called Strike)
2013,Pre-Statcast (2013 MVP Runner-Up),5,2,2,0.0703454107202297,2.699050511607657,CU,called_strike,Take (Called Strike)
2013,Pre-Statcast (2013 MVP Runner-Up),4,1,2,-0.5931308876396647,2.522962048899112,SL,swinging_strike,Swing
2013,Pre-Statcast (2013 MVP Runner-Up),5,2,2,-0.23728555104506455,2.796998292860702,FF,foul,Swing
2013,Pre-Statcast (2013 MVP Runner-Up),3,3,3,0.38216711357978295,3.4385659128467436,FF,hit_into_play,Swing
2013,Pre-Statcast (2013 MVP Runner-Up),5,2,2,0.06239143122862711,2.291004965182168,SL,swinging_strike,Swing
2013,Pre-Statcast (2013 MVP Runner-Up),4,1,2,-0.33087557948509,2.154114470730517,FF,foul,Swing
2013,Pre-Statcast (2013 MVP Runner-Up),6,3,2,0.7793498552918992,2.278760327107083,FF,called_strike,Take (Called Strike)
2013,Pre-Statcast (2013 MVP Runner-Up),2,2,3,-0.1490545814233762,3.0343839075033845,FC,hit_into_play,Swing
2013,Pre-Statcast (2013 MVP Runner-Up),5,2,2,-0.1981922268522148,2.4278208508177914,FF,called_strike,Take (Called Strike)
2013,Pre-Statcast (2013 MVP Runner-Up),4,1,2,-0.4888870951945704,2.137877711126537,SL,hit_into_play,Swing
2013,Pre-Statcast (2013 MVP Runner-Up),8,2,1,0.08704843695803818,1.4433973182503044,FF,ball,Take (Called Strike)
2013,Pre-Statcast (2013 MVP Runner-Up),6,3,2,0.43906177091952103,2.161498773029742,SI,foul,Swing
2013,Pre-Statcast (2013 MVP Runner-Up),9,3,1,0.29161816585263145,1.4235597788141172,SL,foul,Swing
2013,Pre-Statcast (2013 MVP Runner-Up),4,1,2,-0.502533872874569,2.75921734268209,SL,called_strike,Take (Called Strike)
2013,Pre-Statcast (2013 MVP Runner-Up),5,2,2,-0.01779817476300382,2.519600536415502,CH,hit_into_play,Swing
2013,Pre-Statcast (2013 MVP Runner-Up),9,3,1,0.7056018170846365,1.5908696273492895,SL,swinging_strike,Swing
2013,Pre-Statcast (2013 MVP Runner-Up),3,3,3,0.5292330215328436,2.910286419698365,FF,foul_tip,Swing
2013,Pre-Statcast (2013 MVP Runner-Up),5,2,2,0.09090723276308366,2.707725507618416,FF,foul,Swing
2013,Pre-Statcast (2013 MVP Runner-Up),6,3,2,0.5765186615574582,2.362750540958271,CH,called_strike,Take (Called Strike)
2013,Pre-Statcast (2013 MVP Runner-Up),9,3,1,0.489952003247603,1.4271004643926934,SL,ball,Take (Called Strike)
2013,Pre-Statcast (2013 MVP Runner-Up),9,3,1,0.3436252016883201,1.9128683055381597,FF,called_strike,Take (Called Strike)
2013,Pre-Statcast (2013 MVP Runner-Up),1,1,3,-0.4635751280417396,3.526026674400109,FF,hit_into_play,Swing
2013,Pre-Statcast (2013 MVP Runner-Up),5,2,2,-0.1739747837426482,2.5950965503590755,FF,called_strike,Take (Called Strike)
2013,Pre-Statcast (2013 MVP Runner-Up),5,2,2,0.15059607994922042,2.3160517473665014,CU,called_strike,Take (Called Strike)
2013,Pre-Statcast (2013 MVP Runner-Up),3,3,3,0.533338809206195,3.0954823899764667,FF,called_strike,Take (Called Strike)
2013,Pre-Statcast (2013 MVP Runner-Up),5,2,2,-0.1443821184686979,2.3113372602613125,FC,hit_into_play,Swing
2013,Pre-Statcast (2013 MVP Runner-Up),3,3,3,0.3114962714986901,2.910773554403384,FF,foul,Swing
2013,Pre-Statcast (2013 MVP Runner-Up),6,3,2,0.5879684608496266,2.5431304105815173,FF,called_strike,Take (Called Strike)
2013,Pre-Statcast (2013 MVP Runner-Up),8,2,1,0.05286213202268064,1.8737036599222847,CU,hit_into_play,Swing
2013,Pre-Statcast (2013 MVP Runner-Up),4,1,2,-0.4331397113455268,2.7116818195260386,FC,foul,Swing
2013,Pre-Statcast (2013 MVP Runner-Up),9,3,1,0.3251277954230869,1.8135949647933836,CH,called_strike,Take (Called Strike)
2013,Pre-Statcast (2013 MVP Runner-Up),2,2,3,0.11952198580742102,3.065203449096972,SI,hit_into_play,Swing
2013,Pre-Statcast (2013 MVP Runner-Up),8,2,1,-0.01400735337172874,2.0227322475206195,SL,hit_into_play,Swing
2013,Pre-Statcast (2013 MVP Runner-Up),5,2,2,-0.09532429938355425,2.575085623301115,SL,swinging_strike,Swing
2013,Pre-Statcast (2013 MVP Runner-Up),3,3,3,0.7357934509304733,3.317671614303382,FF,ball,Take (Called Strike)
2013,Pre-Statcast (2013 MVP Runner-Up),2,2,3,0.1903130533230144,3.349179457698789,FF,foul_tip,Swing
2013,Pre-Statcast (2013 MVP Runner-Up),9,3,1,0.6051639769195086,1.7094644100558791,SL,called_strike,Take (Called Strike)
2013,Pre-Statcast (2013 MVP Runner-Up),4,1,2,-0.3363421950072566,2.4307711696575036,FF,hit_into_play,Swing
2013,Pre-Statcast (2013 MVP Runner-Up),2,2,3,-0.22273224784645737,3.309095667643058,FF,foul,Swing
2013,Pre-Statcast (2013 MVP Runner-Up),2,2,3,-0.02843731669037064,3.2898562048251576,CU,foul,Swing
2013,Pre-Statcast (2013 MVP Runner-Up),6,3,2,0.7569400276572051,2.4114495665979625,SI,hit_into_play,Swing
2013,Pre-Statcast (2013 MVP Runner-Up),6,3,2,0.33562720849307276,2.7095408170206845,FF,foul,Swing
2013,Pre-Statcast (2013 MVP Runner-Up),2,2,3,0.12131160690381892,2.903921293015334,SL,foul,Swing
2013,Pre-Statcast (2013 MVP Runner-Up),4,1,2,-0.44299825231058176,2.7889352450405993,CU,called_strike,Take (Called Strike)
2013,Pre-Statcast (2013 MVP Runner-Up),2,2,3,0.0787172628299867,3.133818965127534,CU,hit_into_play,Swing
2013,Pre-Statcast (2013 MVP Runner-Up),1,1,3,-0.5027434784286965,3.528556454883364,CU,ball,Take (Called Strike)
2013,Pre-Statcast (2013 MVP Runner-Up),5,2,2,-0.0808009077023657,2.775223366030793,SI,hit_into_play,Swing
2013,Pre-Statcast (2013 MVP Runner-Up),4,1,2,-0.5003225363294952,2.897235468203645,CU,called_strike,Take (Called Strike)
2013,Pre-Statcast (2013 MVP Runner-Up),8,2,1,0.07553045265258795,1.9073184006579191,CH,called_strike,Take (Called Strike)
2013,Pre-Statcast (2013 MVP Runner-Up),5,2,2,-0.21783055574749863,2.667904674007672,FF,foul,Swing
2013,Pre-Statcast (2013 MVP Runner-Up),7,1,1,-0.5396932812409692,1.5512545497346628,SI,hit_into_play,Swing
2013,Pre-Statcast (2013 MVP Runner-Up),5,2,2,-0.06031101466846866,2.1399863308685614,FF,foul,Swing
2013,Pre-Statcast (2013 MVP Runner-Up),8,2,1,0.0682540095265256,2.086548220421065,SI,hit_into_play,Swing
2013,Pre-Statcast (2013 MVP Runner-Up),5,2,2,0.13642023027451633,2.439696612634706,SI,called_strike,Take (Called Strike)
2013,Pre-Statcast (2013 MVP Runner-Up),6,3,2,0.6203546111317353,2.7337265873406777,FF,hit_into_play,Swing
2013,Pre-Statcast (2013 MVP Runner-Up),5,2,2,0.1774958629140535,2.5521853302397126,FF,hit_into_play,Swing
2013,Pre-Statcast (2013 MVP Runner-Up),1,1,3,-0.40868935615004576,2.994499866817044,FF,hit_into_play,Swing
2013,Pre-Statcast (2013 MVP Runner-Up),9,3,1,0.7636936341149655,1.637502506983482,FF,ball,Take (Called Strike)
2013,Pre-Statcast (2013 MVP Runner-Up),9,3,1,0.2893453138009898,2.106975520571967,SI,called_strike,Take (Called Strike)
2013,Pre-Statcast (2013 MVP Runner-Up),9,3,1,0.2969288658388902,1.5863151949925631,FF,called_strike,Take (Called Strike)
2013,Pre-Statcast (2013 MVP Runner-Up),9,3,1,0.675458205364773,2.062821022469753,FF,foul_tip,Swing
2013,Pre-Statcast (2013 MVP Runner-Up),9,3,1,0.6049382149520584,2.0040861828341168,CH,foul,Swing
2013,Pre-Statcast (2013 MVP Runner-Up),9,3,1,0.7980314874733998,2.1630417133610327,FF,called_strike,Take (Called Strike)
2013,Pre-Statcast (2013 MVP Runner-Up),6,3,2,0.5241952283984033,2.3703377726644392,FF,called_strike,Take (Called Strike)
2013,Pre-Statcast (2013 MVP Runner-Up),3,3,3,0.7222717864977346,3.1995007754063036,FF,called_strike,Take (Called Strike)
2013,Pre-Statcast (2013 MVP Runner-Up),9,3,1,0.35118349999029297,2.105535354351151,FF,hit_into_play,Swing
2013,Pre-Statcast (2013 MVP Runner-Up),2,2,3,-0.03297880678239462,3.593914017576603,FF,foul,Swing
2013,Pre-Statcast (2013 MVP Runner-Up),6,3,2,0.45759511415237464,2.5751905042473533,FF,foul,Swing
2013,Pre-Statcast (2013 MVP Runner-Up),5,2,2,0.08444297505798248,2.717903374804273,FF,foul,Swing
2013,Pre-Statcast (2013 MVP Runner-Up),4,1,2,-0.2875429619635277,2.4114842007930477,SI,foul,Swing
2013,Pre-Statcast (2013 MVP Runner-Up),6,3,2,0.7432883381228066,2.5851049181755306,FF,called_strike,Take (Called Strike)
2013,Pre-Statcast (2013 MVP Runner-Up),5,2,2,0.06536166126929419,2.8034359632328525,FF,hit_into_play,Swing
2013,Pre-Statcast (2013 MVP Runner-Up),9,3,1,0.8116580752131056,2.154226201929677,FF,called_strike,Take (Called Strike)
2013,Pre-Statcast (2013 MVP Runner-Up),5,2,2,-0.11019345544373772,2.7075653714036596,FF,foul,Swing
2013,Pre-Statcast (2013 MVP Runner-Up),6,3,2,0.707782296396213,2.6964569932557287,FF,called_strike,Take (Called Strike)
2013,Pre-Statcast (2013 MVP Runner-Up),9,3,1,0.3852949347070595,2.0233096803421087,SL,hit_into_play,Swing
2013,Pre-Statcast (2013 MVP Runner-Up),9,3,1,0.28034429713704984,1.6261697128900685,SL,hit_into_play,Swing
2013,Pre-Statcast (2013 MVP Runner-Up),1,1,3,-0.34334477294416466,3.471832541803012,FF,foul,Swing
2013,Pre-Statcast (2013 MVP Runner-Up),5,2,2,-0.1103375211906723,2.424495239084612,FF,called_strike,Take (Called Strike)
2013,Pre-Statcast (2013 MVP Runner-Up),9,3,1,0.676719193701491,1.9829279248914404,SI,hit_into_play,Swing
2013,Pre-Statcast (2013 MVP Runner-Up),8,2,1,0.10050623561306075,2.055714369041563,FF,called_strike,Take (Called Strike)
2013,Pre-Statcast (2013 MVP Runner-Up),7,1,1,-0.3504177726079156,2.064275820438223,FF,called_strike,Take (Called Strike)
2013,Pre-Statcast (2013 MVP Runner-Up),1,1,3,-0.7853096131822532,3.557343737484313,FF,ball,Take (Called Strike)
2013,Pre-Statcast (2013 MVP Runner-Up),8,2,1,0.17593003621963366,1.8597132316296137,SL,ball,Take (Called Strike)
2013,Pre-Statcast (2013 MVP Runner-Up),2,2,3,0.02131250453196342,3.1343531900106787,SL,called_strike,Take (Called Strike)
2013,Pre-Statcast (2013 MVP Runner-Up),9,3,1,0.6121102082994212,1.4732896960370438,SI,ball,Take (Called Strike)
2013,Pre-Statcast (2013 MVP Runner-Up),8,2,1,-0.17833364732488222,1.627150050417209,FC,called_strike,Take (Called Strike)
2013,Pre-Statcast (2013 MVP Runner-Up),8,2,1,-0.01779790208257892,1.6517684671023043,SI,foul,Swing
2013,Pre-Statcast (2013 MVP Runner-Up),4,1,2,-0.43795759612813967,2.48194659205347,FS,swinging_strike,Swing
2013,Pre-Statcast (2013 MVP Runner-Up),3,3,3,0.4611093140600335,2.866247285363805,FF,swinging_strike,Swing
2013,Pre-Statcast (2013 MVP Runner-Up),1,1,3,-0.557337745165635,3.039229439085609,SL,called_strike,Take (Called Strike)
2013,Pre-Statcast (2013 MVP Runner-Up),4,1,2,-0.31634125393419277,2.212251061776289,SI,hit_into_play,Swing
2013,Pre-Statcast (2013 MVP Runner-Up),4,1,2,-0.5356913679826488,2.162570932031237,SL,hit_into_play,Swing
2013,Pre-Statcast (2013 MVP Runner-Up),8,2,1,-0.24870093575097504,1.7922636097292268,SL,called_strike,Take (Called Strike)
2013,Pre-Statcast (2013 MVP Runner-Up),5,2,2,-0.11729336959128832,2.369889123219324,SI,called_strike,Take (Called Strike)
2013,Pre-Statcast (2013 MVP Runner-Up),1,1,3,-0.4802869013474683,3.1137168142891416,SL,called_strike,Take (Called Strike)
2013,Pre-Statcast (2013 MVP Runner-Up),9,3,1,0.444485092593724,1.9954298091210727,SI,foul,Swing
2013,Pre-Statcast (2013 MVP Runner-Up),1,1,3,-0.7163738302127052,3.343695157982064,SI,ball,Take (Called Strike)
2013,Pre-Statcast (2013 MVP Runner-Up),9,3,1,0.5318460511302561,1.6637379651846291,FF,hit_into_play,Swing
2013,Pre-Statcast (2013 MVP Runner-Up),7,1,1,-0.552289266913277,1.5786673399873763,SI,ball,Take (Called Strike)
2013,Pre-Statcast (2013 MVP Runner-Up),9,3,1,0.310713246787901,2.0568721893980286,FF,called_strike,Take (Called Strike)
2013,Pre-Statcast (2013 MVP Runner-Up),8,2,1,0.20036374394889456,1.9044481615180495,SL,foul,Swing
2013,Pre-Statcast (2013 MVP Runner-Up),2,2,3,0.05947304498460759,3.011683475767109,FF,called_strike,Take (Called Strike)
2013,Pre-Statcast (2013 MVP Runner-Up),5,2,2,-0.1808646746720377,2.641188058630532,FF,hit_into_play,Swing
2013,Pre-Statcast (2013 MVP Runner-Up),5,2,2,-0.08991382071597054,2.7691012289403,CH,hit_into_play,Swing
2013,Pre-Statcast (2013 MVP Runner-Up),8,2,1,0.0595010013332892,1.7381583281295674,SL,called_strike,Take (Called Strike)
2013,Pre-Statcast (2013 MVP Runner-Up),4,1,2,-0.4990098841000754,2.6445646258261455,FF,hit_into_play,Swing
2013,Pre-Statcast (2013 MVP Runner-Up),9,3,1,0.6062132940188654,2.032130593166232,FF,called_strike,Take (Called Strike)
2013,Pre-Statcast (2013 MVP Runner-Up),9,3,1,0.757664164023147,1.7663462122447091,FF,ball,Take (Called Strike)
2013,Pre-Statcast (2013 MVP Runner-Up),5,2,2,0.00412420093406629,2.8962919789726156,CU,called_strike,Take (Called Strike)
2013,Pre-Statcast (2013 MVP Runner-Up),6,3,2,0.4078349929329525,2.3255649069417057,CH,hit_into_play,Swing
2013,Pre-Statcast (2013 MVP Runner-Up),3,3,3,0.7300557178887687,3.1797367968651975,FF,called_strike,Take (Called Strike)
2013,Pre-Statcast (2013 MVP Runner-Up),3,3,3,0.4578996688471183,3.2160746991833262,FF,called_strike,Take (Called Strike)
2013,Pre-Statcast (2013 MVP Runner-Up),2,2,3,0.2653044547957909,3.0419031580556,SL,hit_into_play,Swing
2013,Pre-Statcast (2013 MVP Runner-Up),8,2,1,-0.14599822844746613,2.1016193113316866,SI,foul,Swing
2013,Pre-Statcast (2013 MVP Runner-Up),8,2,1,-0.00987597026722542,1.9376201703139415,SI,foul,Swing
2013,Pre-Statcast (2013 MVP Runner-Up),2,2,3,0.08761378277983256,3.087948549983122,FF,called_strike,Take (Called Strike)
2013,Pre-Statcast (2013 MVP Runner-Up),1,1,3,-0.4352492775545595,3.36885877158947,FF,hit_into_play,Swing
2013,Pre-Statcast (2013 MVP Runner-Up),5,2,2,-0.19222116467922012,2.758548691457764,FF,hit_into_play,Swing
2013,Pre-Statcast (2013 MVP Runner-Up),6,3,2,0.532311900735539,2.2326716454971915,CU,foul,Swing
2013,Pre-Statcast (2013 MVP Runner-Up),5,2,2,-0.16961071561039076,2.227975266478814,FF,swinging_strike,Swing
2013,Pre-Statcast (2013 MVP Runner-Up),9,3,1,0.7495001284736886,1.918844985417525,CH,hit_into_play,Swing
2013,Pre-Statcast (2013 MVP Runner-Up),9,3,1,0.6317070319496867,2.1225013622083324,SI,called_strike,Take (Called Strike)
2013,Pre-Statcast (2013 MVP Runner-Up),9,3,1,0.8031226407905699,1.7238700424188549,CH,swinging_strike,Swing
2013,Pre-Statcast (2013 MVP Runner-Up),4,1,2,-0.6905352944154486,2.6092914017667845,CH,hit_into_play,Swing
2013,Pre-Statcast (2013 MVP Runner-Up),8,2,1,-0.00433902729936774,1.7672711988998788,SL,foul,Swing
2013,Pre-Statcast (2013 MVP Runner-Up),9,3,1,0.4825618136976557,2.0822199284216913,FF,called_strike,Take (Called Strike)
2013,Pre-Statcast (2013 MVP Runner-Up),4,1,2,-0.6114722163587867,2.212878205726094,SL,foul,Swing
2013,Pre-Statcast (2013 MVP Runner-Up),8,2,1,-0.2658688363970889,1.5069802053625956,SI,ball,Take (Called Strike)
2013,Pre-Statcast (2013 MVP Runner-Up),7,1,1,-0.6745581700724399,1.699919521196141,SI,foul,Swing
2013,Pre-Statcast (2013 MVP Runner-Up),5,2,2,-0.24284784422198505,2.1443825715702376,SI,hit_into_play,Swing
2013,Pre-Statcast (2013 MVP Runner-Up),3,3,3,0.44944102366015654,3.0129445780887996,FF,swinging_strike,Swing
2013,Pre-Statcast (2013 MVP Runner-Up),3,3,3,0.3969130852742069,3.045350207040035,CH,swinging_strike,Swing
2013,Pre-Statcast (2013 MVP Runner-Up),3,3,3,0.7035947955302682,3.286522942799393,SI,called_strike,Take (Called Strike)
2013,Pre-Statcast (2013 MVP Runner-Up),1,1,3,-0.44648835628919736,2.941115504965986,CH,foul,Swing
2013,Pre-Statcast (2013 MVP Runner-Up),5,2,2,0.1847799359555684,2.595202533738331,CH,called_strike,Take (Called Strike)
2013,Pre-Statcast (2013 MVP Runner-Up),1,1,3,-0.7900041006059086,3.36973108094788,SI,hit_into_play,Swing
2013,Pre-Statcast (2013 MVP Runner-Up),6,3,2,0.40926176796327907,2.217323012029325,FF,foul,Swing
2013,Pre-Statcast (2013 MVP Runner-Up),4,1,2,-0.5996195083949105,2.8534241509453926,SI,foul,Swing
2013,Pre-Statcast (2013 MVP Runner-Up),9,3,1,0.6392634330308344,1.699635134596251,CH,swinging_strike,Swing
2013,Pre-Statcast (2013 MVP Runner-Up),2,2,3,-0.03688709572946302,3.0191039513810707,SL,foul,Swing
2013,Pre-Statcast (2013 MVP Runner-Up),8,2,1,-0.02119082960231078,1.77436116303114,SL,called_strike,Take (Called Strike)
2013,Pre-Statcast (2013 MVP Runner-Up),3,3,3,0.3501623269839472,3.2245983422744646,FF,foul,Swing
2013,Pre-Statcast (2013 MVP Runner-Up),4,1,2,-0.4240170653947013,2.521571953453222,FF,foul,Swing
2013,Pre-Statcast (2013 MVP Runner-Up),5,2,2,-0.15985387874060666,2.7235973762481756,FF,foul,Swing
2013,Pre-Statcast (2013 MVP Runner-Up),1,1,3,-0.48003218550504423,2.897919240579636,FF,swinging_strike,Swing
2013,Pre-Statcast (2013 MVP Runner-Up),9,3,1,0.2872602646233021,1.7007990781033833,CU,hit_into_play,Swing
2013,Pre-Statcast (2013 MVP Runner-Up),6,3,2,0.6600899426810319,2.342093213533216,FF,called_strike,Take (Called Strike)
2013,Pre-Statcast (2013 MVP Runner-Up),4,1,2,-0.8270936330729792,2.4619126543197662,SL,hit_into_play,Swing
2013,Pre-Statcast (2013 MVP Runner-Up),8,2,1,-0.2690503183789673,1.5818632296323143,SL,ball,Take (Called Strike)
2013,Pre-Statcast (2013 MVP Runner-Up),2,2,3,-0.25100751035931357,3.2432016080069004,FF,called_strike,Take (Called Strike)
2013,Pre-Statcast (2013 MVP Runner-Up),5,2,2,-0.23859219255572528,2.4311437865921484,FF,hit_into_play,Swing
2013,Pre-Statcast (2013 MVP Runner-Up),5,2,2,-0.08507644843588241,2.565898229214629,FC,foul,Swing
2013,Pre-Statcast (2013 MVP Runner-Up),5,2,2,-0.26673666544635055,2.212912105655523,SL,called_strike,Take (Called Strike)
2013,Pre-Statcast (2013 MVP Runner-Up),6,3,2,0.6147440352263842,2.1944624032151863,FF,hit_into_play,Swing
2013,Pre-Statcast (2013 MVP Runner-Up),6,3,2,0.32303336848402964,2.6340325082833433,FS,called_strike,Take (Called Strike)
2013,Pre-Statcast (2013 MVP Runner-Up),5,2,2,-0.20269038721845245,2.446192042016717,FF,hit_into_play,Swing
2013,Pre-Statcast (2013 MVP Runner-Up),7,1,1,-0.6345979484572948,1.7298627282681776,SL,swinging_strike,Swing
2013,Pre-Statcast (2013 MVP Runner-Up),6,3,2,0.31790914705982554,2.768531351441714,FF,foul,Swing
2013,Pre-Statcast (2013 MVP Runner-Up),6,3,2,0.6504872374558057,2.7340837049315385,FF,foul,Swing
2013,Pre-Statcast (2013 MVP Runner-Up),5,2,2,-0.22025411225448432,2.2645771482643458,FF,hit_into_play,Swing
2013,Pre-Statcast (2013 MVP Runner-Up),2,2,3,-0.07863353265668682,3.460134001401801,SL,foul_tip,Swing
2013,Pre-Statcast (2013 MVP Runner-Up),8,2,1,0.16647533160032407,1.671930055464704,SL,swinging_strike,Swing
2013,Pre-Statcast (2013 MVP Runner-Up),2,2,3,0.126378376618787,3.403133535118621,FF,called_strike,Take (Called Strike)
2013,Pre-Statcast (2013 MVP Runner-Up),3,3,3,0.3185543557088624,3.700314151911837,FF,ball,Take (Called Strike)
2013,Pre-Statcast (2013 MVP Runner-Up),8,2,1,-0.01464096279894788,1.5016846059093534,SI,ball,Take (Called Strike)
2013,Pre-Statcast (2013 MVP Runner-Up),6,3,2,0.7148033061877399,2.2344332717764286,SL,called_strike,Take (Called Strike)
2013,Pre-Statcast (2013 MVP Runner-Up),9,3,1,0.604897706582379,1.7439514903634468,SL,ball,Take (Called Strike)
2013,Pre-Statcast (2013 MVP Runner-Up),6,3,2,0.75108316564962,2.7404657150275176,CH,called_strike,Take (Called Strike)
2013,Pre-Statcast (2013 MVP Runner-Up),6,3,2,0.8230547333829594,2.2707533979488432,SL,hit_into_play,Swing
2013,Pre-Statcast (2013 MVP Runner-Up),6,3,2,0.4666614857852378,2.6153384911295348,FC,called_strike,Take (Called Strike)
2013,Pre-Statcast (2013 MVP Runner-Up),9,3,1,0.7963830966508287,1.610791403000822,SL,hit_into_play,Swing
2013,Pre-Statcast (2013 MVP Runner-Up),9,3,1,0.4500038766158425,1.8994786971574025,SL,foul,Swing
2013,Pre-Statcast (2013 MVP Runner-Up),6,3,2,0.5483756838536009,2.262737125356158,FF,foul,Swing
2013,Pre-Statcast (2013 MVP Runner-Up),2,2,3,0.1855226060964837,2.849768255250154,SL,hit_into_play,Swing
2013,Pre-Statcast (2013 MVP Runner-Up),9,3,1,0.5793643193141389,1.4588401130703297,FF,swinging_strike,Swing
2013,Pre-Statcast (2013 MVP Runner-Up),1,1,3,-0.4631907235695256,3.104491862893376,FF,called_strike,Take (Called Strike)
2013,Pre-Statcast (2013 MVP Runner-Up),6,3,2,0.600151151760284,2.241752553998433,SL,hit_into_play,Swing
2013,Pre-Statcast (2013 MVP Runner-Up),6,3,2,0.3789803126669271,2.2357023251538033,FF,hit_into_play,Swing
2013,Pre-Statcast (2013 MVP Runner-Up),7,1,1,-0.746475889767105,1.953156856068667,CH,swinging_strike,Swing
2013,Pre-Statcast (2013 MVP Runner-Up),6,3,2,0.6470107093119006,2.392877711823858,FF,called_strike,Take (Called Strike)
2013,Pre-Statcast (2013 MVP Runner-Up),6,3,2,0.5092924726932648,2.1873452799501747,FF,hit_into_play,Swing
2013,Pre-Statcast (2013 MVP Runner-Up),8,2,1,-0.09775590520641352,1.4575039687666569,SL,foul,Swing
2013,Pre-Statcast (2013 MVP Runner-Up),5,2,2,-0.18761035459692488,2.383985512431486,SI,foul,Swing
2013,Pre-Statcast (2013 MVP Runner-Up),9,3,1,0.375571399574275,1.498640248896697,ST,hit_into_play,Swing
2013,Pre-Statcast (2013 MVP Runner-Up),3,3,3,0.2901744788326979,3.198764715165823,FF,foul,Swing
2013,Pre-Statcast (2013 MVP Runner-Up),5,2,2,-0.21010156566116575,2.7941580584672003,FF,foul,Swing
2013,Pre-Statcast (2013 MVP Runner-Up),5,2,2,-0.03807733608993241,2.6352327131429547,FF,hit_into_play,Swing
2013,Pre-Statcast (2013 MVP Runner-Up),6,3,2,0.4636025031852944,2.3971916070874064,SL,swinging_strike,Swing
2013,Pre-Statcast (2013 MVP Runner-Up),7,1,1,-0.7921918426390019,1.6107298360559612,SI,called_strike,Take (Called Strike)
2013,Pre-Statcast (2013 MVP Runner-Up),2,2,3,0.15812260447094162,2.9264427610905215,FF,foul,Swing
2013,Pre-Statcast (2013 MVP Runner-Up),5,2,2,0.02093881131439562,2.9210778323264925,SL,called_strike,Take (Called Strike)
2013,Pre-Statcast (2013 MVP Runner-Up),1,1,3,-0.5473501454917189,2.926907865185725,SL,called_strike,Take (Called Strike)
2013,Pre-Statcast (2013 MVP Runner-Up),3,3,3,0.7954401923310801,2.89396980929809,FF,hit_into_play,Swing
2013,Pre-Statcast (2013 MVP Runner-Up),5,2,2,0.09232442360115369,2.593211385841625,FF,hit_into_play,Swing
2013,Pre-Statcast (2013 MVP Runner-Up),6,3,2,0.7683576986124121,2.3636258601715068,FF,hit_into_play,Swing
2013,Pre-Statcast (2013 MVP Runner-Up),5,2,2,0.1327317188311321,2.741776442888778,SI,swinging_strike,Swing
2013,Pre-Statcast (2013 MVP Runner-Up),5,2,2,0.1298609978615355,2.2484156038786605,SI,foul,Swing
2013,Pre-Statcast (2013 MVP Runner-Up),4,1,2,-0.7667634762955752,2.323319851789153,SL,foul,Swing
2013,Pre-Statcast (2013 MVP Runner-Up),7,1,1,-0.5630623073818357,1.962843729262394,SI,foul,Swing
2013,Pre-Statcast (2013 MVP Runner-Up),1,1,3,-0.4451785845319603,3.3004881203175893,FF,hit_into_play,Swing
2013,Pre-Statcast (2013 MVP Runner-Up),3,3,3,0.8115465325128427,3.0109476170631835,FF,foul,Swing
2013,Pre-Statcast (2013 MVP Runner-Up),9,3,1,0.8282082627733003,1.753582089495127,FC,called_strike,Take (Called Strike)
2013,Pre-Statcast (2013 MVP Runner-Up),9,3,1,0.4732005471850883,2.0066615300422734,FF,foul,Swing
2013,Pre-Statcast (2013 MVP Runner-Up),9,3,1,0.2897514043148268,1.739807529558573,FF,foul,Swing
2013,Pre-Statcast (2013 MVP Runner-Up),3,3,3,0.28394419485443945,3.2714250532286755,SI,foul,Swing
2013,Pre-Statcast (2013 MVP Runner-Up),7,1,1,-0.6854102059424161,2.0977619746988214,CH,foul_tip,Swing
2013,Pre-Statcast (2013 MVP Runner-Up),8,2,1,0.1816938389544981,2.1466727253714257,FF,called_strike,Take (Called Strike)
2013,Pre-Statcast (2013 MVP Runner-Up),9,3,1,0.7625826767331393,1.752878118785091,FF,ball,Take (Called Strike)
2013,Pre-Statcast (2013 MVP Runner-Up),9,3,1,0.4875633944545345,1.5244453137551934,SL,ball,Take (Called Strike)
2013,Pre-Statcast (2013 MVP Runner-Up),9,3,1,0.7790593140627948,1.92571857956245,FF,hit_into_play,Swing
2013,Pre-Statcast (2013 MVP Runner-Up),8,2,1,0.1569238346207894,2.1588696534993885,SL,called_strike,Take (Called Strike)
2013,Pre-Statcast (2013 MVP Runner-Up),2,2,3,0.09018461381458598,3.0473596950660142,CU,hit_into_play,Swing
2013,Pre-Statcast (2013 MVP Runner-Up),5,2,2,0.17129235025443257,2.299709784561754,SI,foul,Swing
2013,Pre-Statcast (2013 MVP Runner-Up),9,3,1,0.42385238733200525,2.070580414367188,FF,called_strike,Take (Called Strike)
2013,Pre-Statcast (2013 MVP Runner-Up),8,2,1,0.16262595685781978,2.140754485607674,SL,called_strike,Take (Called Strike)
2013,Pre-Statcast (2013 MVP Runner-Up),3,3,3,0.3382911190868414,3.239237204657778,SI,hit_into_play,Swing
2013,Pre-Statcast (2013 MVP Runner-Up),6,3,2,0.6692673821649398,2.352381764073392,CH,called_strike,Take (Called Strike)
2013,Pre-Statcast (2013 MVP Runner-Up),5,2,2,0.23793286142332623,2.190546584516037,SI,foul,Swing
2013,Pre-Statcast (2013 MVP Runner-Up),5,2,2,0.12541786301046054,2.407317252342528,SI,foul,Swing
2013,Pre-Statcast (2013 MVP Runner-Up),7,1,1,-0.5741767643064095,1.8797183901963148,CU,hit_into_play,Swing
2013,Pre-Statcast (2013 MVP Runner-Up),2,2,3,-0.14305856811084672,3.0929482957595753,CU,called_strike,Take (Called Strike)
2013,Pre-Statcast (2013 MVP Runner-Up),5,2,2,-0.25255248405417974,2.2126853658964367,SI,hit_into_play,Swing
2013,Pre-Statcast (2013 MVP Runner-Up),3,3,3,0.4248515960402854,2.882388192409735,FC,hit_into_play,Swing
2013,Pre-Statcast (2013 MVP Runner-Up),1,1,3,-0.5194487351875481,3.1866068522823014,FC,called_strike,Take (Called Strike)
2013,Pre-Statcast (2013 MVP Runner-Up),8,2,1,0.20165956291966425,1.609385258443406,SI,called_strike,Take (Called Strike)
2013,Pre-Statcast (2013 MVP Runner-Up),5,2,2,0.0916995274407284,2.7124833808524964,FF,hit_into_play,Swing
2013,Pre-Statcast (2013 MVP Runner-Up),1,1,3,-0.7151490962021199,2.9247089121531995,FF,foul,Swing
2013,Pre-Statcast (2013 MVP Runner-Up),6,3,2,0.4603973572599384,2.2899465450432768,SL,foul_tip,Swing
2013,Pre-Statcast (2013 MVP Runner-Up),5,2,2,0.0660199728626441,2.244493127869788,FF,foul,Swing
2013,Pre-Statcast (2013 MVP Runner-Up),1,1,3,-0.34205116629417487,3.06766777888299,SL,called_strike,Take (Called Strike)
2013,Pre-Statcast (2013 MVP Runner-Up),3,3,3,0.27699462670060265,2.970425087132054,FF,hit_into_play,Swing
2013,Pre-Statcast (2013 MVP Runner-Up),8,2,1,-0.06346957105200335,1.409622905900271,CU,hit_into_play,Swing
2013,Pre-Statcast (2013 MVP Runner-Up),8,2,1,0.20178200509216748,1.6238434260795789,FF,ball,Take (Called Strike)
2013,Pre-Statcast (2013 MVP Runner-Up),2,2,3,0.02349253372786891,2.9609657264365663,FF,foul,Swing
2013,Pre-Statcast (2013 MVP Runner-Up),4,1,2,-0.6569711585933067,2.708350580509608,SL,called_strike,Take (Called Strike)
2013,Pre-Statcast (2013 MVP Runner-Up),4,1,2,-0.7570943357027013,2.2048084465967506,CU,foul,Swing
2013,Pre-Statcast (2013 MVP Runner-Up),4,1,2,-0.5235116214387465,2.660207463566004,CU,called_strike,Take (Called Strike)
2013,Pre-Statcast (2013 MVP Runner-Up),9,3,1,0.673867211246924,1.7467202334932237,FF,called_strike,Take (Called Strike)
2013,Pre-Statcast (2013 MVP Runner-Up),3,3,3,0.43576686802930775,2.7775821674458463,FF,called_strike,Take (Called Strike)
2013,Pre-Statcast (2013 MVP Runner-Up),6,3,2,0.7315253964980463,2.681273440800793,FF,called_strike,Take (Called Strike)
2013,Pre-Statcast (2013 MVP Runner-Up),1,1,3,-0.5210873299274087,3.2242490889154487,FF,hit_into_play,Swing
2013,Pre-Statcast (2013 MVP Runner-Up),5,2,2,-0.1375641402929514,2.360983151458779,SI,hit_into_play,Swing
2013,Pre-Statcast (2013 MVP Runner-Up),5,2,2,-0.21328829260208404,2.620003582821199,FF,swinging_strike,Swing
2013,Pre-Statcast (2013 MVP Runner-Up),6,3,2,0.7060654195472157,2.51823390459625,FF,foul,Swing
2013,Pre-Statcast (2013 MVP Runner-Up),1,1,3,-0.3440057243023763,2.898549918434856,FF,hit_into_play,Swing
2013,Pre-Statcast (2013 MVP Runner-Up),3,3,3,0.30706685907518283,2.9734368548951164,SI,foul,Swing
2013,Pre-Statcast (2013 MVP Runner-Up),3,3,3,0.6683736611099931,3.390767739205171,SI,called_strike,Take (Called Strike)
2013,Pre-Statcast (2013 MVP Runner-Up),6,3,2,0.33665354147888227,2.3582487827186447,CH,hit_into_play,Swing
2013,Pre-Statcast (2013 MVP Runner-Up),5,2,2,0.21112432338081355,2.493995746078684,FC,foul,Swing
2013,Pre-Statcast (2013 MVP Runner-Up),4,1,2,-0.6629197173939056,2.462606013857368,SI,foul,Swing
2013,Pre-Statcast (2013 MVP Runner-Up),2,2,3,-0.26357675161669114,3.527718796993001,SI,foul,Swing
2013,Pre-Statcast (2013 MVP Runner-Up),4,1,2,-0.4365015117502116,2.724600947991609,SI,called_strike,Take (Called Strike)
2013,Pre-Statcast (2013 MVP Runner-Up),6,3,2,0.3516410937193466,2.7313224462074435,FC,hit_into_play,Swing
2013,Pre-Statcast (2013 MVP Runner-Up),8,2,1,0.1666109169483534,1.639544133665754,FC,called_strike,Take (Called Strike)
2013,Pre-Statcast (2013 MVP Runner-Up),8,2,1,-0.07791697462022332,1.8324031282874111,FF,ball,Take (Called Strike)
2013,Pre-Statcast (2013 MVP Runner-Up),5,2,2,0.12268514577472872,2.2941527454683417,FF,foul,Swing
2013,Pre-Statcast (2013 MVP Runner-Up),5,2,2,0.2097677253954755,2.5686474762308675,FC,foul,Swing
2013,Pre-Statcast (2013 MVP Runner-Up),3,3,3,0.6621119495590704,3.458087182688867,FF,ball,Take (Called Strike)
2013,Pre-Statcast (2013 MVP Runner-Up),3,3,3,0.39749266517394694,2.958775488756606,FF,foul,Swing
2013,Pre-Statcast (2013 MVP Runner-Up),4,1,2,-0.32807393567821075,2.1843135701229466,FF,called_strike,Take (Called Strike)
2013,Pre-Statcast (2013 MVP Runner-Up),9,3,1,0.5684445690669832,1.958888111518089,FC,hit_into_play,Swing
2013,Pre-Statcast (2013 MVP Runner-Up),6,3,2,0.298321166334256,2.684151611046339,FF,foul,Swing
2013,Pre-Statcast (2013 MVP Runner-Up),8,2,1,-0.10046062051404508,1.8901321851114063,FF,called_strike,Take (Called Strike)
2013,Pre-Statcast (2013 MVP Runner-Up),8,2,1,0.11654468021465104,1.8487606613479777,FC,called_strike,Take (Called Strike)
2013,Pre-Statcast (2013 MVP Runner-Up),1,1,3,-0.6629684041802772,3.423086889746794,FF,foul,Swing
2013,Pre-Statcast (2013 MVP Runner-Up),8,2,1,0.09278163067258348,2.039501745978045,FF,foul,Swing
2013,Pre-Statcast (2013 MVP Runner-Up),3,3,3,0.41806183736130254,3.3112420941744327,FF,swinging_strike,Swing
2013,Pre-Statcast (2013 MVP Runner-Up),6,3,2,0.6812432295619527,2.3798150878694764,FF,called_strike,Take (Called Strike)
2013,Pre-Statcast (2013 MVP Runner-Up),6,3,2,0.4403150944892632,2.1217565649304633,FC,called_strike,Take (Called Strike)
2013,Pre-Statcast (2013 MVP Runner-Up),8,2,1,-0.09789989173290924,1.968689199951979,SI,hit_into_play,Swing
2013,Pre-Statcast (2013 MVP Runner-Up),8,2,1,-0.1923218744428259,1.793234964415105,SI,ball,Take (Called Strike)
2013,Pre-Statcast (2013 MVP Runner-Up),4,1,2,-0.6500860720474106,2.7431500419488284,FF,foul,Swing
2013,Pre-Statcast (2013 MVP Runner-Up),1,1,3,-0.38740847742957674,2.888747070112456,FF,called_strike,Take (Called Strike)
2013,Pre-Statcast (2013 MVP Runner-Up),2,2,3,0.05109614672128099,3.124348048802221,FF,hit_into_play,Swing
2013,Pre-Statcast (2013 MVP Runner-Up),7,1,1,-0.5389738234914785,2.0724916611201296,FF,called_strike,Take (Called Strike)
2013,Pre-Statcast (2013 MVP Runner-Up),6,3,2,0.6072918229265533,2.555728926578932,FF,hit_into_play,Swing
2013,Pre-Statcast (2013 MVP Runner-Up),9,3,1,0.5023825524736958,1.5160756261297852,FF,ball,Take (Called Strike)
2013,Pre-Statcast (2013 MVP Runner-Up),9,3,1,0.5081327813515962,2.038408737833702,FF,called_strike,Take (Called Strike)
2013,Pre-Statcast (2013 MVP Runner-Up),9,3,1,0.3224327943826286,1.5598249933687105,SL,hit_into_play,Swing
2013,Pre-Statcast (2013 MVP Runner-Up),8,2,1,-0.10232483059322522,1.6357660355360917,SL,foul,Swing
2013,Pre-Statcast (2013 MVP Runner-Up),1,1,3,-0.6669155320010384,3.0238256637593697,FC,foul,Swing
2013,Pre-Statcast (2013 MVP Runner-Up),4,1,2,-0.7346901527544832,2.683924636590822,FC,called_strike,Take (Called Strike)
2013,Pre-Statcast (2013 MVP Runner-Up),9,3,1,0.7659900733726985,2.120683317142215,FF,called_strike,Take (Called Strike)
2013,Pre-Statcast (2013 MVP Runner-Up),7,1,1,-0.33380629240456494,1.7196320831724696,FC,ball,Take (Called Strike)
2013,Pre-Statcast (2013 MVP Runner-Up),9,3,1,0.8174119984283061,2.0752949099304625,CU,called_strike,Take (Called Strike)
2013,Pre-Statcast (2013 MVP Runner-Up),6,3,2,0.779037628404083,2.6792187237856577,FC,foul,Swing
2013,Pre-Statcast (2013 MVP Runner-Up),6,3,2,0.7794702844464796,2.550907368211848,FC,foul,Swing
2013,Pre-Statcast (2013 MVP Runner-Up),2,2,3,-0.17693852367580054,2.9180836224888527,SI,hit_into_play,Swing
2013,Pre-Statcast (2013 MVP Runner-Up),1,1,3,-0.6804657227539099,3.0298472890650463,SI,foul,Swing
2013,Pre-Statcast (2013 MVP Runner-Up),6,3,2,0.5709802960200703,2.5447239055845365,SI,foul,Swing
2013,Pre-Statcast (2013 MVP Runner-Up),1,1,3,-0.2800828011176908,2.9987249994736063,SI,foul,Swing
2013,Pre-Statcast (2013 MVP Runner-Up),2,2,3,0.1696069319802762,3.1182968086773166,SI,foul,Swing
2013,Pre-Statcast (2013 MVP Runner-Up),5,2,2,-0.2478275430664978,2.757942755027572,SI,foul,Swing
2013,Pre-Statcast (2013 MVP Runner-Up),6,3,2,0.7576914422954333,2.4260741248491913,SI,swinging_strike,Swing
2013,Pre-Statcast (2013 MVP Runner-Up),3,3,3,0.8179059408361405,3.177323379426011,SI,swinging_strike,Swing
2013,Pre-Statcast (2013 MVP Runner-Up),6,3,2,0.6667787565586166,2.416291272566239,CH,hit_into_play,Swing
2013,Pre-Statcast (2013 MVP Runner-Up),2,2,3,0.14105141503390162,3.079421273950788,FF,foul,Swing
2013,Pre-Statcast (2013 MVP Runner-Up),1,1,3,-0.5724986010431424,3.378966661094923,CU,ball,Take (Called Strike)
2013,Pre-Statcast (2013 MVP Runner-Up),6,3,2,0.6081894970917138,2.658418956251309,CH,called_strike,Take (Called Strike)
2013,Pre-Statcast (2013 MVP Runner-Up),1,1,3,-0.6848441521998199,2.9293535219460107,SI,hit_into_play,Swing
2013,Pre-Statcast (2013 MVP Runner-Up),5,2,2,-0.05055098810929315,2.7215451292009463,SI,called_strike,Take (Called Strike)
2013,Pre-Statcast (2013 MVP Runner-Up),7,1,1,-0.27654179807571055,1.5232760329287265,SI,ball,Take (Called Strike)
2013,Pre-Statcast (2013 MVP Runner-Up),6,3,2,0.42326654870790903,2.2820106875269675,CH,hit_into_play,Swing
2013,Pre-Statcast (2013 MVP Runner-Up),6,3,2,0.6840011682419811,2.4086378190772937,SI,foul,Swing
2013,Pre-Statcast (2013 MVP Runner-Up),2,2,3,-0.09284979697982876,3.340714688665986,SI,foul,Swing
2013,Pre-Statcast (2013 MVP Runner-Up),3,3,3,0.4778737894195124,2.9079168094657866,CH,swinging_strike,Swing
2013,Pre-Statcast (2013 MVP Runner-Up),5,2,2,0.23963164966869616,2.502995958339798,SL,hit_into_play,Swing
2013,Pre-Statcast (2013 MVP Runner-Up),5,2,2,0.13497840542325767,2.7700608861641953,FF,swinging_strike,Swing
2013,Pre-Statcast (2013 MVP Runner-Up),9,3,1,0.7730929160909691,1.7298444692999084,SL,ball,Take (Called Strike)
2013,Pre-Statcast (2013 MVP Runner-Up),7,1,1,-0.293131019398175,2.0247158275153128,SL,hit_into_play,Swing
2013,Pre-Statcast (2013 MVP Runner-Up),9,3,1,0.4944049730609658,1.734999046200744,SI,hit_into_play,Swing
2013,Pre-Statcast (2013 MVP Runner-Up),6,3,2,0.7388355096355933,2.62880368110833,KC,swinging_strike,Swing
2013,Pre-Statcast (2013 MVP Runner-Up),5,2,2,-0.14555758372292238,2.5227512148384785,FF,called_strike,Take (Called Strike)
2013,Pre-Statcast (2013 MVP Runner-Up),9,3,1,0.6738397237892395,2.065959550239971,KC,called_strike,Take (Called Strike)
2013,Pre-Statcast (2013 MVP Runner-Up),4,1,2,-0.6218408657334403,2.197591737636607,CH,hit_into_play,Swing
2013,Pre-Statcast (2013 MVP Runner-Up),6,3,2,0.4125980368989798,2.3148880251857635,KC,foul,Swing
2013,Pre-Statcast (2013 MVP Runner-Up),6,3,2,0.8034361206017367,2.2003311450659977,FF,called_strike,Take (Called Strike)
2013,Pre-Statcast (2013 MVP Runner-Up),8,2,1,-0.08755855216273456,1.621769850567719,SL,called_strike,Take (Called Strike)
2013,Pre-Statcast (2013 MVP Runner-Up),6,3,2,0.5189387203789014,2.389842486490499,SI,called_strike,Take (Called Strike)
2013,Pre-Statcast (2013 MVP Runner-Up),7,1,1,-0.551307521624143,1.6591032575059348,CU,hit_into_play,Swing
2013,Pre-Statcast (2013 MVP Runner-Up),8,2,1,0.1370689340024226,1.9621841692204949,SL,hit_into_play,Swing
2013,Pre-Statcast (2013 MVP Runner-Up),1,1,3,-0.5373350000047005,3.0939487054277226,FF,foul,Swing
2013,Pre-Statcast (2013 MVP Runner-Up),2,2,3,0.13702619397575244,3.1913491113830457,CU,foul,Swing
2013,Pre-Statcast (2013 MVP Runner-Up),5,2,2,0.10058714729582552,2.454896876318759,SI,foul,Swing
2013,Pre-Statcast (2013 MVP Runner-Up),9,3,1,0.45847225773425393,1.8160013255564635,SI,called_strike,Take (Called Strike)
2013,Pre-Statcast (2013 MVP Runner-Up),9,3,1,0.6430354032279366,1.4694276907427763,SI,ball,Take (Called Strike)
2013,Pre-Statcast (2013 MVP Runner-Up),7,1,1,-0.4541014229071701,2.0118889702780467,SL,hit_into_play,Swing
2013,Pre-Statcast (2013 MVP Runner-Up),7,1,1,-0.6723697682164442,1.383172881577608,SI,foul,Swing
2013,Pre-Statcast (2013 MVP Runner-Up),3,3,3,0.3006150723221416,2.789084016802443,SI,called_strike,Take (Called Strike)
2013,Pre-Statcast (2013 MVP Runner-Up),5,2,2,-0.2219463593112876,2.206836215480966,SI,swinging_strike,Swing
2013,Pre-Statcast (2013 MVP Runner-Up),8,2,1,0.13102038957309503,1.4913205882764422,SI,called_strike,Take (Called Strike)
2013,Pre-Statcast (2013 MVP Runner-Up),6,3,2,0.6970233484017532,2.1964163907016276,FF,called_strike,Take (Called Strike)
2013,Pre-Statcast (2013 MVP Runner-Up),4,1,2,-0.7878743898688039,2.645063077847618,SL,hit_into_play,Swing
2013,Pre-Statcast (2013 MVP Runner-Up),7,1,1,-0.4092182806334551,1.731909651777471,SL,swinging_strike,Swing
2013,Pre-Statcast (2013 MVP Runner-Up),2,2,3,-0.1954086624282164,2.934855037864622,SL,called_strike,Take (Called Strike)
2013,Pre-Statcast (2013 MVP Runner-Up),6,3,2,0.5942841616961692,2.734401068190522,SL,called_strike,Take (Called Strike)
2013,Pre-Statcast (2013 MVP Runner-Up),3,3,3,0.6876717023687491,3.429565153996227,FF,hit_into_play,Swing
2013,Pre-Statcast (2013 MVP Runner-Up),2,2,3,0.22892354207796983,3.316668475266054,SL,foul,Swing
2013,Pre-Statcast (2013 MVP Runner-Up),6,3,2,0.6986498837695224,2.690698842837334,SL,foul,Swing
2013,Pre-Statcast (2013 MVP Runner-Up),6,3,2,0.402103766261773,2.79457947772368,SL,called_strike,Take (Called Strike)
2013,Pre-Statcast (2013 MVP Runner-Up),4,1,2,-0.2879658236302649,2.611156491954663,FF,hit_into_play,Swing
2013,Pre-Statcast (2013 MVP Runner-Up),4,1,2,-0.6885135191687699,2.3088018250886053,SI,hit_into_play,Swing
2013,Pre-Statcast (2013 MVP Runner-Up),6,3,2,0.33002545062340055,2.7244543210554117,SL,called_strike,Take (Called Strike)
2013,Pre-Statcast (2013 MVP Runner-Up),6,3,2,0.30791459153229467,2.6453883407475676,FC,foul,Swing
2013,Pre-Statcast (2013 MVP Runner-Up),9,3,1,0.33420309458674047,1.7869462750589566,FF,foul,Swing
2013,Pre-Statcast (2013 MVP Runner-Up),8,2,1,-0.2299937906722117,1.6664381020944017,CU,hit_into_play,Swing
2013,Pre-Statcast (2013 MVP Runner-Up),6,3,2,0.7488688234061721,2.692154055832324,FF,swinging_strike,Swing
2013,Pre-Statcast (2013 MVP Runner-Up),7,1,1,-0.617704888871311,1.779823242496652,FC,hit_into_play,Swing
2013,Pre-Statcast (2013 MVP Runner-Up),8,2,1,0.2363672221566862,1.8406727116653947,FC,foul,Swing
2013,Pre-Statcast (2013 MVP Runner-Up),3,3,3,0.28493226299347096,3.1466907553705505,CH,called_strike,Take (Called Strike)
2013,Pre-Statcast (2013 MVP Runner-Up),5,2,2,0.05262659347878884,2.610672178735447,FF,hit_into_play,Swing
2013,Pre-Statcast (2013 MVP Runner-Up),5,2,2,0.2754254369025665,2.695182057110949,FF,swinging_strike,Swing
2013,Pre-Statcast (2013 MVP Runner-Up),5,2,2,0.15492358041986443,2.509797869318273,FF,called_strike,Take (Called Strike)
2013,Pre-Statcast (2013 MVP Runner-Up),9,3,1,0.3447820395282838,1.712443732047756,FF,ball,Take (Called Strike)
2013,Pre-Statcast (2013 MVP Runner-Up),4,1,2,-0.5992072408917675,2.20564902715822,FF,called_strike,Take (Called Strike)
2013,Pre-Statcast (2013 MVP Runner-Up),1,1,3,-0.33939244723425377,3.263897696366542,FF,swinging_strike,Swing
2013,Pre-Statcast (2013 MVP Runner-Up),9,3,1,0.7586913600099766,1.9044275326898932,SL,swinging_strike,Swing
2013,Pre-Statcast (2013 MVP Runner-Up),6,3,2,0.630030127670114,2.3599110326609996,FF,foul,Swing
2013,Pre-Statcast (2013 MVP Runner-Up),9,3,1,0.7596995338942798,1.4876297085902168,CH,ball,Take (Called Strike)
2013,Pre-Statcast (2013 MVP Runner-Up),2,2,3,0.2421623741248321,2.936357507052497,FF,swinging_strike,Swing
2013,Pre-Statcast (2013 MVP Runner-Up),5,2,2,0.05919647837774566,2.5571722595714705,CU,called_strike,Take (Called Strike)
2013,Pre-Statcast (2013 MVP Runner-Up),3,3,3,0.7183051720779186,2.9304767188345826,FF,called_strike,Take (Called Strike)
2013,Pre-Statcast (2013 MVP Runner-Up),1,1,3,-0.5466348932995797,3.3559538037415786,FF,hit_into_play,Swing
2013,Pre-Statcast (2013 MVP Runner-Up),6,3,2,0.6242957407995853,2.1601266550422036,FF,hit_into_play,Swing
2013,Pre-Statcast (2013 MVP Runner-Up),5,2,2,0.2167996495305028,2.406134586213658,FF,called_strike,Take (Called Strike)
2013,Pre-Statcast (2013 MVP Runner-Up),8,2,1,-0.02483123521538588,1.6702039503896584,SL,called_strike,Take (Called Strike)
2013,Pre-Statcast (2013 MVP Runner-Up),6,3,2,0.7800954956951931,2.2301978345097213,FF,called_strike,Take (Called Strike)
2013,Pre-Statcast (2013 MVP Runner-Up),9,3,1,0.556439827162005,1.4180463601109743,CU,swinging_strike,Swing
2013,Pre-Statcast (2013 MVP Runner-Up),9,3,1,0.4663410138667816,1.473565433254597,SI,hit_into_play,Swing
2013,Pre-Statcast (2013 MVP Runner-Up),4,1,2,-0.5890866487437824,2.4479818542569927,FF,called_strike,Take (Called Strike)
2013,Pre-Statcast (2013 MVP Runner-Up),2,2,3,0.1877982328101574,2.9581716553788757,CH,called_strike,Take (Called Strike)
2013,Pre-Statcast (2013 MVP Runner-Up),4,1,2,-0.3779595413180865,2.906906549823349,SI,called_strike,Take (Called Strike)
2013,Pre-Statcast (2013 MVP Runner-Up),3,3,3,0.6475403964688478,3.000049678690842,FF,hit_into_play,Swing
2013,Pre-Statcast (2013 MVP Runner-Up),9,3,1,0.6199777853506981,2.019970123224269,FS,foul,Swing
2013,Pre-Statcast (2013 MVP Runner-Up),2,2,3,0.1819895394708454,2.952276438627087,FS,called_strike,Take (Called Strike)
2013,Pre-Statcast (2013 MVP Runner-Up),5,2,2,-0.24174046179655617,2.347506039563985,SI,hit_into_play,Swing
2013,Pre-Statcast (2013 MVP Runner-Up),4,1,2,-0.5233702069018401,2.216012401529185,FF,called_strike,Take (Called Strike)
2013,Pre-Statcast (2013 MVP Runner-Up),2,2,3,0.11116866564684191,2.9869350602077644,SI,swinging_strike,Swing
2013,Pre-Statcast (2013 MVP Runner-Up),6,3,2,0.6020717050555795,2.3042471305919485,SI,called_strike,Take (Called Strike)
2013,Pre-Statcast (2013 MVP Runner-Up),8,2,1,0.2714858442421122,2.0764251622830043,ST,swinging_strike,Swing
2013,Pre-Statcast (2013 MVP Runner-Up),9,3,1,0.2979327997607035,2.0878264949882643,SI,called_strike,Take (Called Strike)
2013,Pre-Statcast (2013 MVP Runner-Up),7,1,1,-0.4617325926724152,1.6994502664383278,SI,called_strike,Take (Called Strike)
2013,Pre-Statcast (2013 MVP Runner-Up),5,2,2,0.2575493524829737,2.0658394477520856,SI,called_strike,Take (Called Strike)
2013,Pre-Statcast (2013 MVP Runner-Up),4,1,2,-0.5229756763555233,2.665531769408803,ST,called_strike,Take (Called Strike)
2013,Pre-Statcast (2013 MVP Runner-Up),9,3,1,0.4296562167333896,1.7596759925112868,FF,called_strike,Take (Called Strike)
2013,Pre-Statcast (2013 MVP Runner-Up),8,2,1,-0.1202446902862731,1.6837391848867456,SL,hit_into_play,Swing
2013,Pre-Statcast (2013 MVP Runner-Up),5,2,2,-0.05331520601684925,2.2181420541889705,SL,called_strike,Take (Called Strike)
2013,Pre-Statcast (2013 MVP Runner-Up),8,2,1,0.10636767888564735,1.442016268106752,FF,ball,Take (Called Strike)
2013,Pre-Statcast (2013 MVP Runner-Up),3,3,3,0.7572242297565448,3.0659708628321374,SL,swinging_strike,Swing
2013,Pre-Statcast (2013 MVP Runner-Up),6,3,2,0.48233776778950127,2.5409665631714575,FF,swinging_strike,Swing
2013,Pre-Statcast (2013 MVP Runner-Up),7,1,1,-0.5198825681975384,2.1298394898678987,FF,hit_into_play,Swing
2013,Pre-Statcast (2013 MVP Runner-Up),6,3,2,0.5806002879658343,2.3774630344958525,FF,called_strike,Take (Called Strike)
2013,Pre-Statcast (2013 MVP Runner-Up),4,1,2,-0.4844994386162209,2.475099199261358,SL,hit_into_play,Swing
2013,Pre-Statcast (2013 MVP Runner-Up),8,2,1,-0.09030784023729076,1.7959300443101822,FF,called_strike,Take (Called Strike)
2013,Pre-Statcast (2013 MVP Runner-Up),6,3,2,0.7692001631146087,2.586637349357462,FS,called_strike,Take (Called Strike)
2013,Pre-Statcast (2013 MVP Runner-Up),1,1,3,-0.4651246684068774,3.1714556654666906,FF,swinging_strike,Swing
2013,Pre-Statcast (2013 MVP Runner-Up),8,2,1,0.24853032965778551,1.7838357580598696,FF,called_strike,Take (Called Strike)
2013,Pre-Statcast (2013 MVP Runner-Up),8,2,1,-0.25338944675431274,1.4201480182627546,FS,hit_into_play,Swing
2013,Pre-Statcast (2013 MVP Runner-Up),5,2,2,0.04292102799618469,2.446417982404377,FF,swinging_strike,Swing
2013,Pre-Statcast (2013 MVP Runner-Up),4,1,2,-0.41033626474773865,2.367750564486509,SI,hit_into_play,Swing
2013,Pre-Statcast (2013 MVP Runner-Up),5,2,2,-0.01797179816625738,2.3069806402030135,SI,called_strike,Take (Called Strike)
2013,Pre-Statcast (2013 MVP Runner-Up),6,3,2,0.7198168676551807,2.913923439344972,FC,called_strike,Take (Called Strike)
2013,Pre-Statcast (2013 MVP Runner-Up),9,3,1,0.65595249533802,1.6275589004832356,CU,hit_into_play,Swing
2013,Pre-Statcast (2013 MVP Runner-Up),5,2,2,0.1710722745916815,2.600074580779183,FF,hit_into_play,Swing
2013,Pre-Statcast (2013 MVP Runner-Up),8,2,1,0.0798699393085821,1.712019199564038,FF,called_strike,Take (Called Strike)
2013,Pre-Statcast (2013 MVP Runner-Up),6,3,2,0.7515063292776762,2.513745160154382,SL,swinging_strike,Swing
2013,Pre-Statcast (2013 MVP Runner-Up),4,1,2,-0.40491368497951274,2.536745636385024,FF,foul,Swing
2013,Pre-Statcast (2013 MVP Runner-Up),4,1,2,-0.7900694535828208,2.7060354216984135,FF,hit_into_play,Swing
2013,Pre-Statcast (2013 MVP Runner-Up),9,3,1,0.3163473523946664,2.105231136338631,SI,called_strike,Take (Called Strike)
2013,Pre-Statcast (2013 MVP Runner-Up),9,3,1,0.5474026472915675,2.0471058383366523,SI,called_strike,Take (Called Strike)
2013,Pre-Statcast (2013 MVP Runner-Up),8,2,1,-0.26458467573296807,2.009374326125088,SL,foul,Swing
2013,Pre-Statcast (2013 MVP Runner-Up),9,3,1,0.8253757395924871,1.6841940032450298,SL,foul,Swing
2013,Pre-Statcast (2013 MVP Runner-Up),1,1,3,-0.34681770319723004,2.8953811172667283,SI,foul,Swing
2013,Pre-Statcast (2013 MVP Runner-Up),4,1,2,-0.29929605242989443,2.7600730526680857,SL,swinging_strike,Swing
2013,Pre-Statcast (2013 MVP Runner-Up),5,2,2,-0.15180986266739382,2.379053781091732,SI,hit_into_play,Swing
2013,Pre-Statcast (2013 MVP Runner-Up),2,2,3,-0.06181293263647058,3.066832275908866,SI,called_strike,Take (Called Strike)
2013,Pre-Statcast (2013 MVP Runner-Up),8,2,1,0.2493041701519376,1.6431797119961509,SL,hit_into_play,Swing
2013,Pre-Statcast (2013 MVP Runner-Up),4,1,2,-0.3176600104742001,2.9844260276854166,SL,called_strike,Take (Called Strike)
2013,Pre-Statcast (2013 MVP Runner-Up),6,3,2,0.5900779768488376,2.525027922597276,FF,called_strike,Take (Called Strike)
2013,Pre-Statcast (2013 MVP Runner-Up),9,3,1,0.5169172053819785,1.9236688237522943,SL,called_strike,Take (Called Strike)
2013,Pre-Statcast (2013 MVP Runner-Up),3,3,3,0.5649931034458185,3.340511393785046,CU,called_strike,Take (Called Strike)
2013,Pre-Statcast (2013 MVP Runner-Up),8,2,1,0.00609673278182035,1.8245253893956657,SL,called_strike,Take (Called Strike)
2013,Pre-Statcast (2013 MVP Runner-Up),9,3,1,0.5910924462693155,1.7155763908469974,FF,called_strike,Take (Called Strike)
2013,Pre-Statcast (2013 MVP Runner-Up),8,2,1,-0.10231500500777656,1.6870867155856806,SI,foul,Swing
2013,Pre-Statcast (2013 MVP Runner-Up),5,2,2,-0.17952826479769574,2.2634309104058636,SL,foul,Swing
2013,Pre-Statcast (2013 MVP Runner-Up),6,3,2,0.4575002728248254,2.4193643589191707,SL,called_strike,Take (Called Strike)
2013,Pre-Statcast (2013 MVP Runner-Up),8,2,1,-0.01789831422752552,1.8423278084392427,SI,hit_into_play,Swing
2013,Pre-Statcast (2013 MVP Runner-Up),6,3,2,0.5666030327830098,2.690232580575402,FF,hit_into_play,Swing
2013,Pre-Statcast (2013 MVP Runner-Up),3,3,3,0.6043644691591223,3.0060728032977613,FF,foul_tip,Swing
2013,Pre-Statcast (2013 MVP Runner-Up),6,3,2,0.6882348095463922,2.6818812797388487,SL,called_strike,Take (Called Strike)
2013,Pre-Statcast (2013 MVP Runner-Up),5,2,2,0.17074611688326735,2.3479238860696205,FS,hit_into_play,Swing
2013,Pre-Statcast (2013 MVP Runner-Up),7,1,1,-0.4040816471241342,1.8401038191121868,SI,swinging_strike,Swing
2013,Pre-Statcast (2013 MVP Runner-Up),5,2,2,0.24295809774546429,2.436550767292912,SL,foul,Swing
2013,Pre-Statcast (2013 MVP Runner-Up),6,3,2,0.7791433588301392,2.650491169425671,FF,foul,Swing
2013,Pre-Statcast (2013 MVP Runner-Up),2,2,3,0.02931466569482255,3.441701590546369,SL,foul,Swing
2013,Pre-Statcast (2013 MVP Runner-Up),5,2,2,0.05731062855762836,2.3453520673319286,ST,hit_into_play,Swing
2013,Pre-Statcast (2013 MVP Runner-Up),5,2,2,0.18499378817947648,2.1758863429686897,FC,foul,Swing
2013,Pre-Statcast (2013 MVP Runner-Up),4,1,2,-0.39801818815323775,2.472802351082967,FC,foul,Swing
2013,Pre-Statcast (2013 MVP Runner-Up),3,3,3,0.7757457558932072,2.987272056382404,ST,foul,Swing
2013,Pre-Statcast (2013 MVP Runner-Up),2,2,3,0.09167901984399944,2.862487373854691,FC,swinging_strike,Swing
2013,Pre-Statcast (2013 MVP Runner-Up),5,2,2,-0.1094998512970925,2.7427950549954874,FF,hit_into_play,Swing
2013,Pre-Statcast (2013 MVP Runner-Up),5,2,2,-0.2707184819314844,2.812428118200081,SL,foul,Swing
2013,Pre-Statcast (2013 MVP Runner-Up),8,2,1,0.13915249307004618,1.6330776565053575,FS,foul,Swing
2013,Pre-Statcast (2013 MVP Runner-Up),9,3,1,0.3029585889386741,1.5856576618185905,FF,called_strike,Take (Called Strike)
2013,Pre-Statcast (2013 MVP Runner-Up),5,2,2,0.14517324293704623,2.7121771548833644,SI,swinging_strike,Swing
2013,Pre-Statcast (2013 MVP Runner-Up),6,3,2,0.3720551172800879,2.5653348481720415,FF,hit_into_play,Swing
2013,Pre-Statcast (2013 MVP Runner-Up),2,2,3,0.16274630609106877,3.290689453599869,SI,swinging_strike,Swing
2013,Pre-Statcast (2013 MVP Runner-Up),6,3,2,0.7595500266366351,2.859205993342584,SL,called_strike,Take (Called Strike)
2013,Pre-Statcast (2013 MVP Runner-Up),8,2,1,-0.12068804825295398,1.8746921598259865,SL,foul,Swing
2013,Pre-Statcast (2013 MVP Runner-Up),8,2,1,-0.05568998016429272,2.149731660161628,SL,called_strike,Take (Called Strike)
2013,Pre-Statcast (2013 MVP Runner-Up),4,1,2,-0.447170527269242,2.4538574375908224,FC,hit_into_play,Swing
2013,Pre-Statcast (2013 MVP Runner-Up),6,3,2,0.6359531141132413,2.2327812838909353,SL,foul,Swing
2013,Pre-Statcast (2013 MVP Runner-Up),9,3,1,0.8004033211474165,2.0293477360784413,FC,swinging_strike,Swing
2013,Pre-Statcast (2013 MVP Runner-Up),9,3,1,0.8192231003384705,2.04569216610003,SL,swinging_strike,Swing
2013,Pre-Statcast (2013 MVP Runner-Up),8,2,1,0.06145993788279025,2.085863241567244,FC,foul,Swing
2013,Pre-Statcast (2013 MVP Runner-Up),7,1,1,-0.6851043346052487,1.82374318534781,FF,called_strike,Take (Called Strike)
2013,Pre-Statcast (2013 MVP Runner-Up),6,3,2,0.5286414812841592,2.422195514709565,FC,swinging_strike,Swing
2013,Pre-Statcast (2013 MVP Runner-Up),8,2,1,-0.2197836972067734,1.6807943270332908,FF,called_strike,Take (Called Strike)
2013,Pre-Statcast (2013 MVP Runner-Up),6,3,2,0.33359915199786133,2.39955158099459,FF,foul,Swing
2013,Pre-Statcast (2013 MVP Runner-Up),4,1,2,-0.6281427276309508,2.480060038170068,SL,foul,Swing
2013,Pre-Statcast (2013 MVP Runner-Up),7,1,1,-0.4250751021350389,2.078103678239545,FF,foul,Swing
2013,Pre-Statcast (2013 MVP Runner-Up),8,2,1,0.03582531241833453,1.4025335379869563,FF,ball,Take (Called Strike)
2013,Pre-Statcast (2013 MVP Runner-Up),9,3,1,0.7468454787139761,1.6032206959507764,SL,called_strike,Take (Called Strike)
2013,Pre-Statcast (2013 MVP Runner-Up),9,3,1,0.8026301421618959,1.6716628609791466,SL,called_strike,Take (Called Strike)
2013,Pre-Statcast (2013 MVP Runner-Up),6,3,2,0.7109858723470276,2.5473832326801027,FC,hit_into_play,Swing
2013,Pre-Statcast (2013 MVP Runner-Up),1,1,3,-0.8291382636440131,3.088217743125466,FC,ball,Take (Called Strike)
2013,Pre-Statcast (2013 MVP Runner-Up),3,3,3,0.6872791930432468,3.2183159742921728,FC,ball,Take (Called Strike)
2013,Pre-Statcast (2013 MVP Runner-Up),4,1,2,-0.5733691450696179,2.6566673411472705,SL,called_strike,Take (Called Strike)
2013,Pre-Statcast (2013 MVP Runner-Up),8,2,1,-0.17233725637098285,1.5579228682613038,FF,called_strike,Take (Called Strike)
2013,Pre-Statcast (2013 MVP Runner-Up),4,1,2,-0.3698938714832361,2.3216194526883536,CU,hit_into_play,Swing
2013,Pre-Statcast (2013 MVP Runner-Up),8,2,1,-0.23686878929052324,1.98978463293276,SL,hit_into_play,Swing
2013,Pre-Statcast (2013 MVP Runner-Up),3,3,3,0.6117700826477188,3.1753073976658666,SI,foul,Swing
2013,Pre-Statcast (2013 MVP Runner-Up),1,1,3,-0.35998849423197155,2.9887978948006073,FF,hit_into_play,Swing
2013,Pre-Statcast (2013 MVP Runner-Up),8,2,1,0.23486794506728048,1.8650435362066649,SL,called_strike,Take (Called Strike)
2013,Pre-Statcast (2013 MVP Runner-Up),8,2,1,-0.21045887458624435,1.7308910808818312,SI,swinging_strike,Swing
2013,Pre-Statcast (2013 MVP Runner-Up),2,2,3,-0.02313905537717908,3.2811761278364413,FF,hit_into_play,Swing
2013,Pre-Statcast (2013 MVP Runner-Up),9,3,1,0.7411268088124036,1.6816423735447623,CH,called_strike,Take (Called Strike)
2013,Pre-Statcast (2013 MVP Runner-Up),3,3,3,0.4984769038828756,3.056680618918412,CH,hit_into_play,Swing
2013,Pre-Statcast (2013 MVP Runner-Up),9,3,1,0.5656292555894233,2.0913592253445032,SL,swinging_strike,Swing
2013,Pre-Statcast (2013 MVP Runner-Up),6,3,2,0.7012832756225014,2.8521700921264315,FF,swinging_strike,Swing
2013,Pre-Statcast (2013 MVP Runner-Up),6,3,2,0.6967141509191547,2.525146974550445,FF,called_strike,Take (Called Strike)
2013,Pre-Statcast (2013 MVP Runner-Up),9,3,1,0.7413257212788039,1.7947316571549128,FF,hit_into_play,Swing
2013,Pre-Statcast (2013 MVP Runner-Up),7,1,1,-0.2915599781984635,2.117033483671758,SL,foul,Swing
2013,Pre-Statcast (2013 MVP Runner-Up),4,1,2,-0.32847669037077654,2.2491234035752643,CU,called_strike,Take (Called Strike)
2013,Pre-Statcast (2013 MVP Runner-Up),2,2,3,-0.2291843698113415,3.005942300392803,FF,called_strike,Take (Called Strike)
2013,Pre-Statcast (2013 MVP Runner-Up),9,3,1,0.3382606753205485,1.9350955387513176,SL,hit_into_play,Swing
2013,Pre-Statcast (2013 MVP Runner-Up),3,3,3,0.5205051437079083,2.8061278274822534,FF,hit_into_play,Swing
2013,Pre-Statcast (2013 MVP Runner-Up),6,3,2,0.8175787237315261,2.4821456489792033,FF,called_strike,Take (Called Strike)
2013,Pre-Statcast (2013 MVP Runner-Up),3,3,3,0.6640883305097309,2.824102821837441,FF,called_strike,Take (Called Strike)
2013,Pre-Statcast (2013 MVP Runner-Up),8,2,1,-0.19000386676127,1.6520153729702398,FF,swinging_strike_blocked,Swing
2013,Pre-Statcast (2013 MVP Runner-Up),2,2,3,-0.01705033959038293,3.3217863418657543,FF,foul,Swing
2013,Pre-Statcast (2013 MVP Runner-Up),2,2,3,-0.09658478556030314,3.3385752070619716,FF,called_strike,Take (Called Strike)
2013,Pre-Statcast (2013 MVP Runner-Up),2,2,3,-0.18299766550872645,3.216387966954439,FF,ball,Take (Called Strike)
2013,Pre-Statcast (2013 MVP Runner-Up),5,2,2,0.22755817806318335,2.3896329455705603,FF,called_strike,Take (Called Strike)
2013,Pre-Statcast (2013 MVP Runner-Up),8,2,1,0.12766551599927456,2.0085351778143457,CH,called_strike,Take (Called Strike)
2013,Pre-Statcast (2013 MVP Runner-Up),5,2,2,0.17581719410943197,2.6480420333256314,CU,hit_into_play,Swing
2013,Pre-Statcast (2013 MVP Runner-Up),5,2,2,-0.19126177221309384,2.6790438128530676,CH,called_strike,Take (Called Strike)
2013,Pre-Statcast (2013 MVP Runner-Up),1,1,3,-0.7080357905828076,3.093075547630387,SI,hit_into_play,Swing
2013,Pre-Statcast (2013 MVP Runner-Up),7,1,1,-0.7168954114198111,1.476153180729607,SI,called_strike,Take (Called Strike)
2013,Pre-Statcast (2013 MVP Runner-Up),4,1,2,-0.3597908290831389,2.120612893025699,FC,hit_into_play,Swing
2013,Pre-Statcast (2013 MVP Runner-Up),2,2,3,-0.1151261706591898,3.154481241937905,FF,foul,Swing
2013,Pre-Statcast (2013 MVP Runner-Up),4,1,2,-0.4051766179653172,2.8363311843600956,FF,hit_into_play,Swing
2013,Pre-Statcast (2013 MVP Runner-Up),2,2,3,0.25809614977916884,3.278797875331036,FF,foul,Swing
2013,Pre-Statcast (2013 MVP Runner-Up),9,3,1,0.5528921611259218,1.459728029507518,FF,ball,Take (Called Strike)
2013,Pre-Statcast (2013 MVP Runner-Up),4,1,2,-0.5976017042951413,2.64173415128558,FF,foul,Swing
2013,Pre-Statcast (2013 MVP Runner-Up),4,1,2,-0.8282485909688434,2.34917894865055,FF,foul,Swing
2013,Pre-Statcast (2013 MVP Runner-Up),7,1,1,-0.5319706831720799,1.9503349945544963,FF,called_strike,Take (Called Strike)
2013,Pre-Statcast (2013 MVP Runner-Up),7,1,1,-0.2835585494050209,1.5358230342084702,FF,foul,Swing
2013,Pre-Statcast (2013 MVP Runner-Up),8,2,1,-0.10739373387452122,1.7195284950608405,CH,called_strike,Take (Called Strike)
2013,Pre-Statcast (2013 MVP Runner-Up),7,1,1,-0.32252119623210573,1.675537051299825,CH,ball,Take (Called Strike)
2013,Pre-Statcast (2013 MVP Runner-Up),5,2,2,-0.04214973756749052,2.1281740677914223,CH,hit_into_play,Swing
2013,Pre-Statcast (2013 MVP Runner-Up),6,3,2,0.4491419113428117,2.394991346830574,CH,foul,Swing
2013,Pre-Statcast (2013 MVP Runner-Up),7,1,1,-0.44364196719090887,2.132726760713094,SL,called_strike,Take (Called Strike)
2013,Pre-Statcast (2013 MVP Runner-Up),9,3,1,0.6473738752803695,1.7498095808638197,FF,ball,Take (Called Strike)
2013,Pre-Statcast (2013 MVP Runner-Up),2,2,3,-0.1211908982759572,3.1465329153322292,FF,foul,Swing
2013,Pre-Statcast (2013 MVP Runner-Up),8,2,1,0.13920830756652758,1.4109724580270249,SL,ball,Take (Called Strike)
2013,Pre-Statcast (2013 MVP Runner-Up),7,1,1,-0.501634599711039,2.0268594830676223,SI,hit_into_play,Swing
2013,Pre-Statcast (2013 MVP Runner-Up),5,2,2,0.07571045070013027,2.276089829988923,SL,foul,Swing
2013,Pre-Statcast (2013 MVP Runner-Up),9,3,1,0.30659959912611884,2.064254781952306,SL,foul,Swing
2013,Pre-Statcast (2013 MVP Runner-Up),5,2,2,0.10177777094663693,2.1259178802726586,FF,swinging_strike,Swing
2013,Pre-Statcast (2013 MVP Runner-Up),5,2,2,0.243150796525488,2.6552627623666947,FF,called_strike,Take (Called Strike)
2013,Pre-Statcast (2013 MVP Runner-Up),1,1,3,-0.49264178388118385,3.2403734596889695,SI,hit_into_play,Swing
2013,Pre-Statcast (2013 MVP Runner-Up),5,2,2,-0.00898056835085037,2.5351436113583996,FF,foul,Swing
2013,Pre-Statcast (2013 MVP Runner-Up),8,2,1,0.2099490786681983,1.863569474373493,SL,hit_into_play,Swing
2013,Pre-Statcast (2013 MVP Runner-Up),1,1,3,-0.6445714600267152,2.854741310491465,FF,hit_into_play,Swing
2013,Pre-Statcast (2013 MVP Runner-Up),5,2,2,0.03394707750411066,2.735499272252342,FC,swinging_strike,Swing
2013,Pre-Statcast (2013 MVP Runner-Up),6,3,2,0.4730978506789826,2.5344322007066635,FC,foul,Swing
2013,Pre-Statcast (2013 MVP Runner-Up),4,1,2,-0.6353180797984351,2.399812439954336,SI,swinging_strike,Swing
2013,Pre-Statcast (2013 MVP Runner-Up),2,2,3,-0.14281810863070318,3.252627366697834,FC,swinging_strike,Swing
2013,Pre-Statcast (2013 MVP Runner-Up),1,1,3,-0.586567569150838,3.299189060225433,FF,foul,Swing
2013,Pre-Statcast (2013 MVP Runner-Up),7,1,1,-0.729820146923177,1.7829878022581438,CU,foul,Swing
2013,Pre-Statcast (2013 MVP Runner-Up),3,3,3,0.4442608707662676,2.9941337668585706,SI,foul,Swing
2013,Pre-Statcast (2013 MVP Runner-Up),7,1,1,-0.3535042547345226,1.9944878255124192,CU,called_strike,Take (Called Strike)
2013,Pre-Statcast (2013 MVP Runner-Up),5,2,2,-0.0859596807066062,2.270739599347017,SI,hit_into_play,Swing
2013,Pre-Statcast (2013 MVP Runner-Up),2,2,3,-0.09047458827677674,3.539991234456912,SI,hit_into_play,Swing
2013,Pre-Statcast (2013 MVP Runner-Up),6,3,2,0.3677004266271995,2.6678728366129096,SI,foul,Swing
2013,Pre-Statcast (2013 MVP Runner-Up),2,2,3,0.14766664299637822,3.3251913200984253,SI,called_strike,Take (Called Strike)
2013,Pre-Statcast (2013 MVP Runner-Up),9,3,1,0.3510139861973036,2.1047164355110617,SI,called_strike,Take (Called Strike)
2013,Pre-Statcast (2013 MVP Runner-Up),1,1,3,-0.3563210627613323,2.999390663473515,FF,hit_into_play,Swing
2013,Pre-Statcast (2013 MVP Runner-Up),2,2,3,-0.09917806631899768,3.1398008044094925,FF,called_strike,Take (Called Strike)
2013,Pre-Statcast (2013 MVP Runner-Up),3,3,3,0.7316594493832439,3.506531147595452,FF,ball,Take (Called Strike)
2013,Pre-Statcast (2013 MVP Runner-Up),5,2,2,0.2368048745420389,2.2255023579034443,FF,called_strike,Take (Called Strike)
2013,Pre-Statcast (2013 MVP Runner-Up),5,2,2,0.1287254054834603,2.2224082004987444,FF,hit_into_play,Swing
2013,Pre-Statcast (2013 MVP Runner-Up),3,3,3,0.33878098841919974,3.3025584278492564,FC,swinging_strike,Swing
2013,Pre-Statcast (2013 MVP Runner-Up),6,3,2,0.4954329559979362,2.8039869891973264,FF,swinging_strike,Swing
2013,Pre-Statcast (2013 MVP Runner-Up),1,1,3,-0.5348728329963192,3.1761479451367634,FF,foul,Swing
2013,Pre-Statcast (2013 MVP Runner-Up),5,2,2,0.04042930292948854,2.264423996714282,FF,swinging_strike,Swing
2013,Pre-Statcast (2013 MVP Runner-Up),7,1,1,-0.4947864170251059,1.8019670926280655,FF,called_strike,Take (Called Strike)
2013,Pre-Statcast (2013 MVP Runner-Up),1,1,3,-0.7147153416157739,3.0940370641648074,FF,hit_into_play,Swing
2013,Pre-Statcast (2013 MVP Runner-Up),6,3,2,0.28305226590443655,2.333562571179744,CU,foul,Swing
2013,Pre-Statcast (2013 MVP Runner-Up),2,2,3,0.05408320996141899,2.981245278841719,FF,swinging_strike,Swing
2013,Pre-Statcast (2013 MVP Runner-Up),3,3,3,0.3685098661110212,3.446697047081946,SI,foul,Swing
2013,Pre-Statcast (2013 MVP Runner-Up),9,3,1,0.5619376792823955,2.071111490044566,FF,foul,Swing
2013,Pre-Statcast (2013 MVP Runner-Up),5,2,2,0.11416617830691822,2.5454794523000266,SL,foul,Swing
2013,Pre-Statcast (2013 MVP Runner-Up),8,2,1,-0.10554921725281702,1.4453180441500342,FF,foul,Swing
2013,Pre-Statcast (2013 MVP Runner-Up),9,3,1,0.6238681551726832,1.7827468345680555,CH,hit_into_play,Swing
2013,Pre-Statcast (2013 MVP Runner-Up),9,3,1,0.576454124875945,1.9494216538749856,CH,called_strike,Take (Called Strike)
2013,Pre-Statcast (2013 MVP Runner-Up),4,1,2,-0.368042808520183,2.3713149168147107,CH,foul,Swing
2013,Pre-Statcast (2013 MVP Runner-Up),3,3,3,0.49834300275789856,3.399354536211275,SI,swinging_strike,Swing
2013,Pre-Statcast (2013 MVP Runner-Up),6,3,2,0.6252581220323346,2.1474243720492745,SL,foul,Swing
2013,Pre-Statcast (2013 MVP Runner-Up),6,3,2,0.5774705850468705,2.440587110134478,SI,called_strike,Take (Called Strike)
2013,Pre-Statcast (2013 MVP Runner-Up),2,2,3,0.1798121131974305,2.810978317152422,SI,called_strike,Take (Called Strike)
2013,Pre-Statcast (2013 MVP Runner-Up),8,2,1,0.0358660417676786,1.4664939507281456,SI,hit_into_play,Swing
2013,Pre-Statcast (2013 MVP Runner-Up),6,3,2,0.5950175698538376,2.3113675911043075,SI,called_strike,Take (Called Strike)
2013,Pre-Statcast (2013 MVP Runner-Up),2,2,3,-0.16692215853837022,2.879228777533699,SI,foul,Swing
2013,Pre-Statcast (2013 MVP Runner-Up),5,2,2,0.17840398004151958,2.506585189671341,SI,foul,Swing
2013,Pre-Statcast (2013 MVP Runner-Up),3,3,3,0.5102040032916231,3.0422391424050352,SI,foul,Swing
2013,Pre-Statcast (2013 MVP Runner-Up),5,2,2,-0.1328437554531403,2.4367269027387604,SI,swinging_strike,Swing
2013,Pre-Statcast (2013 MVP Runner-Up),1,1,3,-0.58775672660791,3.488142668564185,SL,hit_into_play,Swing
2013,Pre-Statcast (2013 MVP Runner-Up),6,3,2,0.5717855129992702,2.138830437886352,FF,foul,Swing
2013,Pre-Statcast (2013 MVP Runner-Up),6,3,2,0.3963259926395475,2.4227740990293363,FF,called_strike,Take (Called Strike)
2013,Pre-Statcast (2013 MVP Runner-Up),6,3,2,0.4594909921309922,2.11192021009046,KC,called_strike,Take (Called Strike)
2013,Pre-Statcast (2013 MVP Runner-Up),5,2,2,0.07728000020138148,2.5967498473886415,FF,hit_into_play,Swing
2013,Pre-Statcast (2013 MVP Runner-Up),1,1,3,-0.3819657468449594,3.448613621595945,FF,foul,Swing
2013,Pre-Statcast (2013 MVP Runner-Up),1,1,3,-0.6900191759674225,2.986436458088694,FF,foul,Swing
2013,Pre-Statcast (2013 MVP Runner-Up),3,3,3,0.7828962745489995,2.862461472932892,FF,swinging_strike,Swing
2013,Pre-Statcast (2013 MVP Runner-Up),1,1,3,-0.5540691491696557,2.9819514939877303,SL,hit_into_play,Swing
2013,Pre-Statcast (2013 MVP Runner-Up),2,2,3,0.08909071318388806,2.861164948523753,FF,swinging_strike,Swing
2013,Pre-Statcast (2013 MVP Runner-Up),4,1,2,-0.5281035534412328,2.3196019026070633,SI,called_strike,Take (Called Strike)
2013,Pre-Statcast (2013 MVP Runner-Up),9,3,1,0.5925431295834445,1.40305695500787,SL,swinging_strike,Swing
2013,Pre-Statcast (2013 MVP Runner-Up),9,3,1,0.7068366333302456,1.7855703112606127,SL,swinging_strike,Swing
2013,Pre-Statcast (2013 MVP Runner-Up),9,3,1,0.4641861219633743,1.8922268210956792,SI,called_strike,Take (Called Strike)
2013,Pre-Statcast (2013 MVP Runner-Up),6,3,2,0.6621445724701573,2.490357639512065,FF,called_strike,Take (Called Strike)
2013,Pre-Statcast (2013 MVP Runner-Up),5,2,2,-0.04434979590738402,2.1520121776553913,FF,called_strike,Take (Called Strike)
2013,Pre-Statcast (2013 MVP Runner-Up),7,1,1,-0.2835556461958486,1.4203974255734892,CH,ball,Take (Called Strike)
2013,Pre-Statcast (2013 MVP Runner-Up),7,1,1,-0.5220717309985705,2.0857603748910925,SI,foul,Swing
2013,Pre-Statcast (2013 MVP Runner-Up),4,1,2,-0.342743534126401,2.6714182788988405,SI,foul,Swing
2013,Pre-Statcast (2013 MVP Runner-Up),3,3,3,0.6020941864918182,3.1962129278665232,SI,called_strike,Take (Called Strike)
2013,Pre-Statcast (2013 MVP Runner-Up),8,2,1,0.08380981793987341,1.896642116844634,CH,hit_into_play,Swing
2013,Pre-Statcast (2013 MVP Runner-Up),7,1,1,-0.48677220920918873,1.9608344099289916,SI,called_strike,Take (Called Strike)
2013,Pre-Statcast (2013 MVP Runner-Up),5,2,2,0.18629067579894257,2.2815589749373366,SI,called_strike,Take (Called Strike)
2013,Pre-Statcast (2013 MVP Runner-Up),3,3,3,0.7813685645380661,3.0225014131010317,FF,swinging_strike,Swing
2013,Pre-Statcast (2013 MVP Runner-Up),5,2,2,-0.01412988960208169,2.143866923395376,FF,called_strike,Take (Called Strike)
2013,Pre-Statcast (2013 MVP Runner-Up),4,1,2,-0.3160122543714104,2.320297355700911,FF,foul_tip,Swing
2013,Pre-Statcast (2013 MVP Runner-Up),5,2,2,0.03128783295532345,2.6892349324790024,FC,hit_into_play,Swing
2013,Pre-Statcast (2013 MVP Runner-Up),6,3,2,0.5180232686329439,2.465376438454674,FC,called_strike,Take (Called Strike)
2013,Pre-Statcast (2013 MVP Runner-Up),9,3,1,0.4714781872051129,1.767701106517979,CU,hit_into_play,Swing
2013,Pre-Statcast (2013 MVP Runner-Up),6,3,2,0.6220258625519879,2.631552779768824,FC,foul,Swing
2013,Pre-Statcast (2013 MVP Runner-Up),3,3,3,0.5452513195411476,2.895399766377561,SI,swinging_strike,Swing
2013,Pre-Statcast (2013 MVP Runner-Up),4,1,2,-0.8214505615645432,2.626454460946448,FF,foul,Swing
2013,Pre-Statcast (2013 MVP Runner-Up),7,1,1,-0.5559897956519734,1.6618825468650604,SI,called_strike,Take (Called Strike)
2013,Pre-Statcast (2013 MVP Runner-Up),9,3,1,0.49585847809846983,1.628307364058947,CU,ball,Take (Called Strike)
2013,Pre-Statcast (2013 MVP Runner-Up),9,3,1,0.5076951775483654,1.843299490142706,FC,called_strike,Take (Called Strike)
2013,Pre-Statcast (2013 MVP Runner-Up),2,2,3,0.02291069979463311,2.918472296645777,FF,foul,Swing
2013,Pre-Statcast (2013 MVP Runner-Up),9,3,1,0.577967067454092,1.4135944675674712,FF,swinging_strike,Swing
2013,Pre-Statcast (2013 MVP Runner-Up),9,3,1,0.33102131688470027,1.4395799544142804,FF,ball,Take (Called Strike)
2013,Pre-Statcast (2013 MVP Runner-Up),6,3,2,0.8166782156372845,2.1942647498705306,FF,ball,Take (Called Strike)
2013,Pre-Statcast (2013 MVP Runner-Up),5,2,2,-0.05276476168784749,2.2127776346503953,FF,hit_into_play,Swing
2013,Pre-Statcast (2013 MVP Runner-Up),4,1,2,-0.6754813635165057,2.3085371387078006,CH,hit_into_play,Swing
2013,Pre-Statcast (2013 MVP Runner-Up),4,1,2,-0.7655872443331637,2.192281380248077,SI,hit_into_play,Swing
2013,Pre-Statcast (2013 MVP Runner-Up),4,1,2,-0.30605208430289743,2.7121455592869053,CH,hit_into_play,Swing
2013,Pre-Statcast (2013 MVP Runner-Up),2,2,3,-0.20582431576075869,3.410763238946343,CH,hit_into_play,Swing
2013,Pre-Statcast (2013 MVP Runner-Up),3,3,3,0.3406724156416119,3.327819689023797,FF,called_strike,Take (Called Strike)
2013,Pre-Statcast (2013 MVP Runner-Up),4,1,2,-0.45145068816396394,2.2165371848363895,FF,called_strike,Take (Called Strike)
2013,Pre-Statcast (2013 MVP Runner-Up),8,2,1,-0.05004895336846682,1.7919688603497588,SL,hit_into_play,Swing
2013,Pre-Statcast (2013 MVP Runner-Up),5,2,2,0.09700346435923336,2.334746356191238,SL,called_strike,Take (Called Strike)
2013,Pre-Statcast (2013 MVP Runner-Up),2,2,3,0.14956043136495945,3.1818109645058485,FF,hit_into_play,Swing
2013,Pre-Statcast (2013 MVP Runner-Up),1,1,3,-0.4327243122251177,3.5911664560842342,FF,ball,Take (Called Strike)
2013,Pre-Statcast (2013 MVP Runner-Up),2,2,3,-0.04678856917910068,2.905845426466717,FF,foul,Swing
2013,Pre-Statcast (2013 MVP Runner-Up),9,3,1,0.7837752653033082,1.4941336957469935,SL,swinging_strike,Swing
2013,Pre-Statcast (2013 MVP Runner-Up),7,1,1,-0.4718807250081164,1.903332208395111,FF,called_strike,Take (Called Strike)
2013,Pre-Statcast (2013 MVP Runner-Up),6,3,2,0.5089066010963175,2.575886768078289,SI,swinging_strike,Swing
2013,Pre-Statcast (2013 MVP Runner-Up),5,2,2,-0.26632585583621715,2.2357062025504293,SL,called_strike,Take (Called Strike)
2013,Pre-Statcast (2013 MVP Runner-Up),2,2,3,-0.2680029944761536,2.8322318040351746,SL,hit_into_play,Swing
2013,Pre-Statcast (2013 MVP Runner-Up),6,3,2,0.3222341478518301,2.176065628336213,FF,swinging_strike,Swing
2013,Pre-Statcast (2013 MVP Runner-Up),9,3,1,0.42628976724418377,1.5814473793284385,SI,ball,Take (Called Strike)
2013,Pre-Statcast (2013 MVP Runner-Up),4,1,2,-0.3809909652744389,2.5433942037341617,FF,hit_into_play,Swing
2013,Pre-Statcast (2013 MVP Runner-Up),8,2,1,-0.2135193409673691,1.879032932695972,FF,swinging_strike,Swing
2013,Pre-Statcast (2013 MVP Runner-Up),3,3,3,0.3992089720562394,3.111061008428935,CU,called_strike,Take (Called Strike)
2013,Pre-Statcast (2013 MVP Runner-Up),5,2,2,-0.24942929217533027,2.5535684432848997,CH,called_strike,Take (Called Strike)
2013,Pre-Statcast (2013 MVP Runner-Up),7,1,1,-0.6091853854700693,1.5922512677004486,SI,ball,Take (Called Strike)
2013,Pre-Statcast (2013 MVP Runner-Up),6,3,2,0.7505753068229097,2.437512269110947,SL,hit_into_play,Swing
2013,Pre-Statcast (2013 MVP Runner-Up),1,1,3,-0.7992675805156383,3.273744081590526,FF,called_strike,Take (Called Strike)
2013,Pre-Statcast (2013 MVP Runner-Up),8,2,1,-0.09294620000498754,1.698007102459115,FF,ball,Take (Called Strike)
2022,Post-Statcast (2022 MVP),2,2,3,-0.23155251045743963,3.1576140446371657,FC,swinging_strike,Swing
2022,Post-Statcast (2022 MVP),7,1,1,-0.45883172219883184,1.8743413684772952,FF,foul,Swing
2022,Post-Statcast (2022 MVP),1,1,3,-0.7451476149739731,2.9792509371422895,FF,swinging_strike,Swing
2022,Post-Statcast (2022 MVP),5,2,2,0.00502420649135104,2.580901871321976,FF,swinging_strike,Swing
2022,Post-Statcast (2022 MVP),2,2,3,-0.21522430990661737,3.0194666727577246,KC,hit_into_play,Swing
2022,Post-Statcast (2022 MVP),8,2,1,0.02245202955179115,1.8093406883771337,FF,called_strike,Take (Called Strike)
2022,Post-Statcast (2022 MVP),8,2,1,0.24439664302841413,1.9953459914108065,SI,called_strike,Take (Called Strike)
2022,Post-Statcast (2022 MVP),5,2,2,-0.16644561454820872,2.787851320764367,SL,foul,Swing
2022,Post-Statcast (2022 MVP),4,1,2,-0.7543294726079546,2.681285676371437,SI,foul,Swing
2022,Post-Statcast (2022 MVP),4,1,2,-0.5224075488757994,2.8048096068361756,KC,called_strike,Take (Called Strike)
2022,Post-Statcast (2022 MVP),9,3,1,0.3863229224122775,1.6545631951763609,FC,foul,Swing
2022,Post-Statcast (2022 MVP),2,2,3,0.0715702767696822,3.3555165191267107,SI,called_strike,Take (Called Strike)
2022,Post-Statcast (2022 MVP),3,3,3,0.5299666148968567,3.0703234968014375,FF,foul,Swing
2022,Post-Statcast (2022 MVP),2,2,3,0.19878878586707377,3.3882898919220046,FF,foul,Swing
2022,Post-Statcast (2022 MVP),6,3,2,0.6344178844868507,2.616911592755758,FC,swinging_strike,Swing
2022,Post-Statcast (2022 MVP),4,1,2,-0.4433043109002788,2.5345280072003566,FC,called_strike,Take (Called Strike)
2022,Post-Statcast (2022 MVP),3,3,3,0.6410290158347941,3.2486410100980954,FF,called_strike,Take (Called Strike)
2022,Post-Statcast (2022 MVP),5,2,2,0.21288286395442169,2.562798346417572,FF,called_strike,Take (Called Strike)
2022,Post-Statcast (2022 MVP),7,1,1,-0.31156303763392845,2.094823740666035,CU,hit_into_play,Swing
2022,Post-Statcast (2022 MVP),1,1,3,-0.33567578041192214,2.7679230355429127,SI,called_strike,Take (Called Strike)
2022,Post-Statcast (2022 MVP),7,1,1,-0.5343641784635869,1.918157342091979,CU,hit_into_play,Swing
2022,Post-Statcast (2022 MVP),4,1,2,-0.7314336380953206,2.6978970421349873,SI,called_strike,Take (Called Strike)
2022,Post-Statcast (2022 MVP),4,1,2,-0.4381659479839968,2.7409166106456215,SI,hit_into_play,Swing
2022,Post-Statcast (2022 MVP),2,2,3,-0.21227307156014508,3.1742649622876264,CU,called_strike,Take (Called Strike)
2022,Post-Statcast (2022 MVP),5,2,2,0.11865968686744344,2.702106874214331,SI,swinging_strike,Swing
2022,Post-Statcast (2022 MVP),5,2,2,0.10146340475705969,2.727124787874817,SL,swinging_strike,Swing
2022,Post-Statcast (2022 MVP),7,1,1,-0.4902306458004888,2.067099444678952,SI,foul,Swing
2022,Post-Statcast (2022 MVP),6,3,2,0.6063155610494283,2.488366180629992,CU,called_strike,Take (Called Strike)
2022,Post-Statcast (2022 MVP),8,2,1,-0.14587751168380692,1.9650398104527111,CU,foul,Swing
2022,Post-Statcast (2022 MVP),2,2,3,0.02228347181239243,3.3456959056194564,FF,swinging_strike,Swing
2022,Post-Statcast (2022 MVP),3,3,3,0.7747824485317787,2.855419234823158,ST,called_strike,Take (Called Strike)
2022,Post-Statcast (2022 MVP),4,1,2,-0.38001246393246046,2.7661639735588883,FF,swinging_strike,Swing
2022,Post-Statcast (2022 MVP),3,3,3,0.4231455383381495,2.888038576168907,FF,called_strike,Take (Called Strike)
2022,Post-Statcast (2022 MVP),7,1,1,-0.7627266019358904,1.8532644464248291,SI,hit_into_play,Swing
2022,Post-Statcast (2022 MVP),6,3,2,0.650564673569099,2.2183862275806163,CU,called_strike,Take (Called Strike)
2022,Post-Statcast (2022 MVP),6,3,2,0.6831508135011453,2.78325135729043,FC,hit_into_play,Swing
2022,Post-Statcast (2022 MVP),9,3,1,0.3671623925411198,1.7565401858924394,FF,called_strike,Take (Called Strike)
2022,Post-Statcast (2022 MVP),2,2,3,-0.2560351077717204,3.1819595870106183,SL,hit_into_play,Swing
2022,Post-Statcast (2022 MVP),7,1,1,-0.616746102661446,1.7509034135352328,SL,foul_tip,Swing
2022,Post-Statcast (2022 MVP),2,2,3,-0.13967493522941266,3.158762388737176,CU,called_strike,Take (Called Strike)
2022,Post-Statcast (2022 MVP),9,3,1,0.4960914899363734,2.1171319910823456,FF,hit_into_play,Swing
2022,Post-Statcast (2022 MVP),2,2,3,-0.2555273267200522,3.277617993765532,CU,hit_into_play,Swing
2022,Post-Statcast (2022 MVP),1,1,3,-0.37890728319699873,2.8871938774438517,FF,called_strike,Take (Called Strike)
2022,Post-Statcast (2022 MVP),9,3,1,0.6387915250118453,1.8790530176992972,FC,called_strike,Take (Called Strike)
2022,Post-Statcast (2022 MVP),7,1,1,-0.3086643380532186,1.955529046621498,SI,foul,Swing
2022,Post-Statcast (2022 MVP),8,2,1,-0.14421480532107883,1.7525524800684995,CU,foul,Swing
2022,Post-Statcast (2022 MVP),7,1,1,-0.45071198889688135,1.93837691213138,SI,hit_into_play,Swing
2022,Post-Statcast (2022 MVP),6,3,2,0.4443318196394278,2.428422731187066,FF,swinging_strike,Swing
2022,Post-Statcast (2022 MVP),2,2,3,-0.26349939231999114,3.2182211755128964,FF,foul,Swing
2022,Post-Statcast (2022 MVP),6,3,2,0.3223015374007616,2.532097764272609,SL,swinging_strike,Swing
2022,Post-Statcast (2022 MVP),9,3,1,0.6697888254098883,1.7020362291418092,FF,called_strike,Take (Called Strike)
2022,Post-Statcast (2022 MVP),6,3,2,0.4025728451837638,2.2178345199794034,ST,called_strike,Take (Called Strike)
2022,Post-Statcast (2022 MVP),6,3,2,0.3924518982537348,2.6913143659088536,FF,foul,Swing
2022,Post-Statcast (2022 MVP),8,2,1,0.15959728068615875,2.055256038655755,ST,called_strike,Take (Called Strike)
2022,Post-Statcast (2022 MVP),3,3,3,0.7542472960970161,3.101110557921321,FF,called_strike,Take (Called Strike)
2022,Post-Statcast (2022 MVP),5,2,2,0.06266269472753838,2.4937888376980553,ST,called_strike,Take (Called Strike)
2022,Post-Statcast (2022 MVP),9,3,1,0.28213123778374294,1.6027462577353837,SL,swinging_strike,Swing
2022,Post-Statcast (2022 MVP),8,2,1,0.04394696204017345,2.093630807266379,FF,swinging_strike,Swing
2022,Post-Statcast (2022 MVP),6,3,2,0.4959357035188724,2.4428093958727004,FF,called_strike,Take (Called Strike)
2022,Post-Statcast (2022 MVP),8,2,1,0.07825079857218409,1.9124944225061455,CH,hit_into_play,Swing
2022,Post-Statcast (2022 MVP),9,3,1,0.455614041744021,1.94872488913802,FF,called_strike,Take (Called Strike)
2022,Post-Statcast (2022 MVP),9,3,1,0.4200484167334334,1.9883111052113347,FF,hit_into_play,Swing
2022,Post-Statcast (2022 MVP),5,2,2,0.00135382528691915,2.3546800265804264,SL,swinging_strike,Swing
2022,Post-Statcast (2022 MVP),5,2,2,-0.17900886371367242,2.235331150530649,SI,foul,Swing
2022,Post-Statcast (2022 MVP),1,1,3,-0.7266808977031942,3.384298929012858,SI,swinging_strike,Swing
2022,Post-Statcast (2022 MVP),2,2,3,0.19701135691304597,3.429705175224613,SL,swinging_strike,Swing
2022,Post-Statcast (2022 MVP),8,2,1,0.17434661194936718,1.7924083874008847,CU,called_strike,Take (Called Strike)
2022,Post-Statcast (2022 MVP),3,3,3,0.450412151477476,3.2072270410016803,FF,hit_into_play,Swing
2022,Post-Statcast (2022 MVP),5,2,2,-0.08011945342577609,2.205096175004054,FF,hit_into_play,Swing
2022,Post-Statcast (2022 MVP),5,2,2,0.2123190763297996,2.463570319244276,FF,swinging_strike,Swing
2022,Post-Statcast (2022 MVP),8,2,1,0.02879475755538096,1.5660828997850151,ST,called_strike,Take (Called Strike)
2022,Post-Statcast (2022 MVP),1,1,3,-0.7289883884081763,2.9265389010478065,SI,called_strike,Take (Called Strike)
2022,Post-Statcast (2022 MVP),4,1,2,-0.7628859177165128,2.621989609397948,FF,called_strike,Take (Called Strike)
2022,Post-Statcast (2022 MVP),6,3,2,0.5199533128363696,2.2810299798163287,FF,foul,Swing
2022,Post-Statcast (2022 MVP),4,1,2,-0.30462792168155683,2.595109124019437,FF,hit_into_play,Swing
2022,Post-Statcast (2022 MVP),5,2,2,0.25839901067082083,2.3068619504733388,FF,swinging_strike,Swing
2022,Post-Statcast (2022 MVP),4,1,2,-0.48492546864025354,2.2539327883949696,FF,called_strike,Take (Called Strike)
2022,Post-Statcast (2022 MVP),8,2,1,-0.11200436363564208,2.0068614648435457,FC,hit_into_play,Swing
2022,Post-Statcast (2022 MVP),9,3,1,0.3064114769290122,2.2007678405121673,FC,hit_into_play,Swing
2022,Post-Statcast (2022 MVP),8,2,1,-0.02155519241325687,2.09158143720244,SI,hit_into_play,Swing
2022,Post-Statcast (2022 MVP),9,3,1,0.5012916081840108,1.5367659981030777,FC,called_strike,Take (Called Strike)
2022,Post-Statcast (2022 MVP),2,2,3,-0.2763100217510868,3.0888166937393575,SL,hit_into_play,Swing
2022,Post-Statcast (2022 MVP),8,2,1,-0.10961182866506676,1.7397759307639158,SL,foul,Swing
2022,Post-Statcast (2022 MVP),4,1,2,-0.7278247716508606,2.2659677121581456,SL,called_strike,Take (Called Strike)
2022,Post-Statcast (2022 MVP),1,1,3,-0.5837292022995829,3.1087438355922465,FF,called_strike,Take (Called Strike)
2022,Post-Statcast (2022 MVP),9,3,1,0.5694532631828896,2.0636492797741197,FF,called_strike,Take (Called Strike)
2022,Post-Statcast (2022 MVP),4,1,2,-0.4216036903733076,2.294045188403007,FF,foul,Swing
2022,Post-Statcast (2022 MVP),6,3,2,0.735589631776,2.6853251963443237,CH,hit_into_play,Swing
2022,Post-Statcast (2022 MVP),3,3,3,0.7331032112640652,3.483106879570148,SI,foul,Swing
2022,Post-Statcast (2022 MVP),4,1,2,-0.4682143377054385,2.3134628986764794,SI,called_strike,Take (Called Strike)
2022,Post-Statcast (2022 MVP),1,1,3,-0.5711449294904996,3.340081858264579,SL,ball,Take (Called Strike)
2022,Post-Statcast (2022 MVP),7,1,1,-0.4043221812093928,2.174190486527828,FF,hit_into_play,Swing
2022,Post-Statcast (2022 MVP),9,3,1,0.3217372004853746,1.7898299776859417,FC,swinging_strike,Swing
2022,Post-Statcast (2022 MVP),5,2,2,0.10706694644039816,2.5436897352851937,ST,hit_into_play,Swing
2022,Post-Statcast (2022 MVP),9,3,1,0.6734892528202345,1.87473607933866,SI,ball,Take (Called Strike)
2022,Post-Statcast (2022 MVP),6,3,2,0.6840642379162135,2.34554360072813,FC,called_strike,Take (Called Strike)
2022,Post-Statcast (2022 MVP),1,1,3,-0.7772691703741255,3.0370205563569463,FF,hit_into_play,Swing
2022,Post-Statcast (2022 MVP),3,3,3,0.49033061150381463,3.448781941555344,ST,ball,Take (Called Strike)
2022,Post-Statcast (2022 MVP),1,1,3,-0.33550493343236454,3.1916719694939717,FF,foul,Swing
2022,Post-Statcast (2022 MVP),8,2,1,0.0734463667286529,1.8091646519503453,SI,called_strike,Take (Called Strike)
2022,Post-Statcast (2022 MVP),2,2,3,-0.15049220775977443,3.3508349840552323,FF,swinging_strike,Swing
2022,Post-Statcast (2022 MVP),9,3,1,0.6703394334504784,1.8111874532892969,SL,called_strike,Take (Called Strike)
2022,Post-Statcast (2022 MVP),3,3,3,0.33622210018150195,3.223390234020645,FF,called_strike,Take (Called Strike)
2022,Post-Statcast (2022 MVP),5,2,2,0.24686794595953432,2.9089674487599164,FF,swinging_strike,Swing
2022,Post-Statcast (2022 MVP),7,1,1,-0.7656577204676289,1.893152255853578,SL,called_strike,Take (Called Strike)
2022,Post-Statcast (2022 MVP),8,2,1,-0.0261240506363457,1.7087382699696807,CU,hit_into_play,Swing
2022,Post-Statcast (2022 MVP),7,1,1,-0.5353262136964281,1.8812542916838657,FF,called_strike,Take (Called Strike)
2022,Post-Statcast (2022 MVP),3,3,3,0.3726160385670592,3.498323780128924,FF,swinging_strike,Swing
2022,Post-Statcast (2022 MVP),6,3,2,0.5051133642673047,2.7611840867419595,FF,hit_into_play,Swing
2022,Post-Statcast (2022 MVP),2,2,3,0.2638328945328371,3.4664222271878216,KC,called_strike,Take (Called Strike)
2022,Post-Statcast (2022 MVP),5,2,2,-0.2656269691957389,2.821167736325398,FF,foul,Swing
2022,Post-Statcast (2022 MVP),8,2,1,0.14483137731735418,1.6151422385497418,FS,hit_into_play,Swing
2022,Post-Statcast (2022 MVP),2,2,3,-0.16420802334488038,3.502231205956546,FF,swinging_strike,Swing
2022,Post-Statcast (2022 MVP),6,3,2,0.3828651851532671,2.419568812758402,FS,swinging_strike,Swing
2022,Post-Statcast (2022 MVP),9,3,1,0.4797579860737628,1.6765129802234462,SL,swinging_strike,Swing
2022,Post-Statcast (2022 MVP),6,3,2,0.5540463697304822,2.2957595483764353,FC,hit_into_play,Swing
2022,Post-Statcast (2022 MVP),8,2,1,-0.15945550057833735,2.118310083380066,SL,called_strike,Take (Called Strike)
2022,Post-Statcast (2022 MVP),5,2,2,-0.16921531948612978,2.778245357589851,CU,called_strike,Take (Called Strike)
2022,Post-Statcast (2022 MVP),4,1,2,-0.6424683084905144,2.5622804641249246,FF,called_strike,Take (Called Strike)
2022,Post-Statcast (2022 MVP),2,2,3,-0.03262638568186626,3.3675535514769352,FF,ball,Take (Called Strike)
2022,Post-Statcast (2022 MVP),2,2,3,-0.26762505514533985,3.1650562005785643,FF,hit_into_play,Swing
2022,Post-Statcast (2022 MVP),6,3,2,0.33088672908318706,2.864882129720508,ST,hit_into_play,Swing
2022,Post-Statcast (2022 MVP),4,1,2,-0.5766930990971028,2.6217967827953568,FF,called_strike,Take (Called Strike)
2022,Post-Statcast (2022 MVP),8,2,1,0.07052487801955759,1.7638446506359595,SL,called_strike,Take (Called Strike)
2022,Post-Statcast (2022 MVP),1,1,3,-0.6601159287999794,3.0274230273999203,FC,foul,Swing
2022,Post-Statcast (2022 MVP),3,3,3,0.3748093715640446,2.9737008372498166,FC,swinging_strike,Swing
2022,Post-Statcast (2022 MVP),7,1,1,-0.2964110862423468,1.7124825362782974,FC,called_strike,Take (Called Strike)
2022,Post-Statcast (2022 MVP),1,1,3,-0.7440342914974084,3.074341934871706,CU,called_strike,Take (Called Strike)
2022,Post-Statcast (2022 MVP),4,1,2,-0.7643945553900537,2.5732530916928287,CH,hit_into_play,Swing
2022,Post-Statcast (2022 MVP),5,2,2,-0.04541645459215941,2.619229975559628,FC,foul,Swing
2022,Post-Statcast (2022 MVP),8,2,1,0.21152207154828384,1.7921249942828157,FF,called_strike,Take (Called Strike)
2022,Post-Statcast (2022 MVP),3,3,3,0.5285741912650533,3.3222504076961252,FF,hit_into_play,Swing
2022,Post-Statcast (2022 MVP),4,1,2,-0.5312646584196195,2.246867075376072,SL,called_strike,Take (Called Strike)
2022,Post-Statcast (2022 MVP),5,2,2,-0.18065970626580005,2.644541316745414,FF,foul,Swing
2022,Post-Statcast (2022 MVP),4,1,2,-0.35867398627641345,2.922797893560374,FF,swinging_strike,Swing
2022,Post-Statcast (2022 MVP),9,3,1,0.3074426876172833,2.091157988739575,FF,called_strike,Take (Called Strike)
2022,Post-Statcast (2022 MVP),8,2,1,-0.19365953814932357,1.8133418972770536,ST,called_strike,Take (Called Strike)
2022,Post-Statcast (2022 MVP),9,3,1,0.5213692501939272,2.263949414451079,FC,hit_into_play,Swing
2022,Post-Statcast (2022 MVP),3,3,3,0.33497269250745393,3.1578252141912353,FC,foul,Swing
2022,Post-Statcast (2022 MVP),2,2,3,0.2026249314314234,3.22322439888767,FC,called_strike,Take (Called Strike)
2022,Post-Statcast (2022 MVP),9,3,1,0.7801841272581682,2.0003259607830244,SL,called_strike,Take (Called Strike)
2022,Post-Statcast (2022 MVP),7,1,1,-0.30587898601358715,1.5655155422027471,CU,called_strike,Take (Called Strike)
2022,Post-Statcast (2022 MVP),9,3,1,0.6104034629019157,1.6685973905672498,SL,hit_into_play,Swing
2022,Post-Statcast (2022 MVP),9,3,1,0.6693459789071617,2.2065164621576963,SL,swinging_strike,Swing
2022,Post-Statcast (2022 MVP),4,1,2,-0.7750861062345902,2.925397179513823,SI,hit_into_play,Swing
2022,Post-Statcast (2022 MVP),8,2,1,-0.04075251906176846,2.2289559613298136,CU,hit_into_play,Swing
2022,Post-Statcast (2022 MVP),8,2,1,-0.03175324622278508,1.7926843368888083,FF,called_strike,Take (Called Strike)
2022,Post-Statcast (2022 MVP),5,2,2,0.10443328417904064,2.426906852548109,CU,called_strike,Take (Called Strike)
2022,Post-Statcast (2022 MVP),6,3,2,0.5427334627449681,2.467122417427491,SL,called_strike,Take (Called Strike)
2022,Post-Statcast (2022 MVP),8,2,1,-0.0066488838426732,1.6543347190396518,SL,foul,Swing
2022,Post-Statcast (2022 MVP),8,2,1,-0.27000147447684264,2.0624624101069617,ST,called_strike,Take (Called Strike)
2022,Post-Statcast (2022 MVP),1,1,3,-0.8230912710845604,3.0303081453891263,CU,hit_into_play,Swing
2022,Post-Statcast (2022 MVP),2,2,3,-0.05062671939573238,3.006258171721819,SI,foul,Swing
2022,Post-Statcast (2022 MVP),8,2,1,-0.07414424232083539,1.7707362280341046,SI,called_strike,Take (Called Strike)
2022,Post-Statcast (2022 MVP),6,3,2,0.5548060719688085,2.7544192542636945,SL,foul,Swing
2022,Post-Statcast (2022 MVP),9,3,1,0.28909811134411656,2.253211424347441,SL,foul,Swing
2022,Post-Statcast (2022 MVP),4,1,2,-0.626155204032217,2.6347276773853205,SI,foul,Swing
2022,Post-Statcast (2022 MVP),6,3,2,0.7208804459414794,2.485154576362165,FF,called_strike,Take (Called Strike)
2022,Post-Statcast (2022 MVP),4,1,2,-0.3924053022231528,2.3194518517468268,SI,called_strike,Take (Called Strike)
2022,Post-Statcast (2022 MVP),5,2,2,-0.19044556476119157,2.711651142600892,SI,hit_into_play,Swing
2022,Post-Statcast (2022 MVP),5,2,2,-0.1711988656464161,2.8395003735758353,SI,hit_into_play,Swing
2022,Post-Statcast (2022 MVP),9,3,1,0.5004228134293991,1.7544604215898665,CU,called_strike,Take (Called Strike)
2022,Post-Statcast (2022 MVP),6,3,2,0.35138377593844106,2.565871152404716,FC,called_strike,Take (Called Strike)
2022,Post-Statcast (2022 MVP),5,2,2,0.25589431985169464,2.653596519575095,FF,hit_into_play,Swing
2022,Post-Statcast (2022 MVP),8,2,1,0.09695557829606705,2.176363167666923,SL,foul,Swing
2022,Post-Statcast (2022 MVP),1,1,3,-0.5967521624673955,3.0385173795154063,CU,called_strike,Take (Called Strike)
2022,Post-Statcast (2022 MVP),1,1,3,-0.45751335087730566,3.322111304838748,SL,foul,Swing
2022,Post-Statcast (2022 MVP),8,2,1,0.09648772950449812,1.607747871210922,SL,called_strike,Take (Called Strike)
2022,Post-Statcast (2022 MVP),6,3,2,0.3214500232162545,2.5829964620278116,FF,called_strike,Take (Called Strike)
2022,Post-Statcast (2022 MVP),3,3,3,0.3624287935203356,3.292101793413433,SL,swinging_strike,Swing
2022,Post-Statcast (2022 MVP),6,3,2,0.5912565945024666,2.4453052485423488,FF,hit_into_play,Swing
2022,Post-Statcast (2022 MVP),9,3,1,0.3769676623812237,2.0647745150222825,FF,called_strike,Take (Called Strike)
2022,Post-Statcast (2022 MVP),7,1,1,-0.5955215674409575,2.0739832013832284,CU,called_strike,Take (Called Strike)
2022,Post-Statcast (2022 MVP),2,2,3,0.19604669538161923,2.996099939223628,CU,swinging_strike,Swing
2022,Post-Statcast (2022 MVP),4,1,2,-0.3366987205389094,2.510259371717815,SL,called_strike,Take (Called Strike)
2022,Post-Statcast (2022 MVP),5,2,2,0.1292272546693693,2.713082316295641,SL,called_strike,Take (Called Strike)
2022,Post-Statcast (2022 MVP),5,2,2,-0.14054158038712772,2.2843154946440363,FF,hit_into_play,Swing
2022,Post-Statcast (2022 MVP),5,2,2,0.0487001266225382,2.743650221785547,SI,swinging_strike,Swing
2022,Post-Statcast (2022 MVP),7,1,1,-0.6773100983878644,2.222012971003138,SL,hit_into_play,Swing
2022,Post-Statcast (2022 MVP),2,2,3,-0.10355736854719566,3.392060361840537,FF,called_strike,Take (Called Strike)
2022,Post-Statcast (2022 MVP),8,2,1,-0.01860326873405715,1.7479101125257297,SI,hit_into_play,Swing
2022,Post-Statcast (2022 MVP),1,1,3,-0.408815869538795,3.791795547503952,SI,ball,Take (Called Strike)
2022,Post-Statcast (2022 MVP),9,3,1,0.5127507909181738,2.0591678804268874,FC,swinging_strike,Swing
2022,Post-Statcast (2022 MVP),2,2,3,-0.250681583195313,3.1624669234973433,FF,foul,Swing
2022,Post-Statcast (2022 MVP),5,2,2,-0.1863916162271149,2.758125554704526,FF,swinging_strike,Swing
2022,Post-Statcast (2022 MVP),9,3,1,0.710016467025965,2.0524721398313703,FF,called_strike,Take (Called Strike)
2022,Post-Statcast (2022 MVP),8,2,1,0.2312671125303869,2.2566401162822016,ST,called_strike,Take (Called Strike)
2022,Post-Statcast (2022 MVP),9,3,1,0.7551473881393874,2.0429264234617572,FF,hit_into_play,Swing
2022,Post-Statcast (2022 MVP),7,1,1,-0.521072862851226,2.2093373614521568,ST,called_strike,Take (Called Strike)
2022,Post-Statcast (2022 MVP),7,1,1,-0.34794443948602927,1.7484955677901373,CH,hit_into_play,Swing
2022,Post-Statcast (2022 MVP),5,2,2,0.1224238287024096,2.4113480055662837,CU,called_strike,Take (Called Strike)
2022,Post-Statcast (2022 MVP),1,1,3,-0.4303106187887187,3.0110320298199467,SI,hit_into_play,Swing
2022,Post-Statcast (2022 MVP),9,3,1,0.3242264325174997,1.778329213226875,SI,called_strike,Take (Called Strike)
2022,Post-Statcast (2022 MVP),8,2,1,0.16180956116759715,1.6864773281826224,FS,hit_into_play,Swing
2022,Post-Statcast (2022 MVP),1,1,3,-0.6543127136791386,3.1263565555147217,FF,called_strike,Take (Called Strike)
2022,Post-Statcast (2022 MVP),9,3,1,0.7299240594098259,1.7718036659783285,SV,swinging_strike,Swing
2022,Post-Statcast (2022 MVP),6,3,2,0.6317999044115539,2.2244762823819686,SV,called_strike,Take (Called Strike)
2022,Post-Statcast (2022 MVP),6,3,2,0.45283445318782106,2.5638263610379592,SV,swinging_strike,Swing
2022,Post-Statcast (2022 MVP),4,1,2,-0.5217687003392479,2.5376555229829436,SI,swinging_strike,Swing
2022,Post-Statcast (2022 MVP),4,1,2,-0.7900268074926311,2.770273065221703,SI,foul,Swing
2022,Post-Statcast (2022 MVP),3,3,3,0.7062670679501616,3.1038399037966995,FF,hit_into_play,Swing
2022,Post-Statcast (2022 MVP),5,2,2,0.14202977915812498,2.5854460968308723,SV,foul,Swing
2022,Post-Statcast (2022 MVP),8,2,1,0.08664666678288269,1.6787656337558268,SV,called_strike,Take (Called Strike)
2022,Post-Statcast (2022 MVP),2,2,3,0.2178239683311466,3.349963163879899,FF,called_strike,Take (Called Strike)
2022,Post-Statcast (2022 MVP),6,3,2,0.4223628257963497,2.773692007243179,FF,hit_into_play,Swing
2022,Post-Statcast (2022 MVP),1,1,3,-0.6892141608959973,3.4234547201034804,SI,hit_into_play,Swing
2022,Post-Statcast (2022 MVP),4,1,2,-0.5205763252713433,2.327486089323471,FF,called_strike,Take (Called Strike)
2022,Post-Statcast (2022 MVP),9,3,1,0.34000792043517525,1.9074782177285097,CU,called_strike,Take (Called Strike)
2022,Post-Statcast (2022 MVP),4,1,2,-0.7304969832327006,2.5849004234909487,SI,foul,Swing
2022,Post-Statcast (2022 MVP),8,2,1,0.04599872289946416,1.667515095836166,SL,called_strike,Take (Called Strike)
2022,Post-Statcast (2022 MVP),3,3,3,0.6817152758640034,3.1801522562730105,SI,hit_into_play,Swing
2022,Post-Statcast (2022 MVP),1,1,3,-0.29389431528201226,3.1520226262311173,KC,called_strike,Take (Called Strike)
2022,Post-Statcast (2022 MVP),7,1,1,-0.3175737588805836,1.6850835195667648,SI,hit_into_play,Swing
2022,Post-Statcast (2022 MVP),9,3,1,0.7744559979217193,2.131348781100365,FF,hit_into_play,Swing
2022,Post-Statcast (2022 MVP),9,3,1,0.606610722456395,2.1356166478568652,SL,foul,Swing
2022,Post-Statcast (2022 MVP),2,2,3,0.17559081637506546,2.9874998026236534,FF,foul,Swing
2022,Post-Statcast (2022 MVP),8,2,1,-0.11906100122482738,1.9452743244743,SL,called_strike,Take (Called Strike)
2022,Post-Statcast (2022 MVP),7,1,1,-0.32244327563931385,1.7665269234694587,SI,swinging_strike,Swing
2022,Post-Statcast (2022 MVP),3,3,3,0.780929890407405,3.126548890577543,CH,foul,Swing
2022,Post-Statcast (2022 MVP),4,1,2,-0.5498644214151082,2.535239024922356,FC,foul,Swing
2022,Post-Statcast (2022 MVP),5,2,2,0.20919227109308644,2.2726643881649324,FC,foul,Swing
2022,Post-Statcast (2022 MVP),9,3,1,0.28481475927128935,1.8012368798680345,FC,called_strike,Take (Called Strike)
2022,Post-Statcast (2022 MVP),5,2,2,0.07932471751364911,2.815339655369527,SI,foul,Swing
2022,Post-Statcast (2022 MVP),6,3,2,0.47588086405936336,2.6995982838031045,FF,swinging_strike,Swing
2022,Post-Statcast (2022 MVP),5,2,2,-0.18617457689378017,2.4949128069702633,SI,called_strike,Take (Called Strike)
2022,Post-Statcast (2022 MVP),2,2,3,0.04769170539528145,3.2507249053898533,SI,swinging_strike,Swing
2022,Post-Statcast (2022 MVP),8,2,1,-0.07566213217634415,1.8332361303030855,FC,called_strike,Take (Called Strike)
2022,Post-Statcast (2022 MVP),6,3,2,0.5279830958675236,2.6528509331300745,FF,called_strike,Take (Called Strike)
2022,Post-Statcast (2022 MVP),9,3,1,0.5765181572917611,2.1420215583522197,FF,hit_into_play,Swing
2022,Post-Statcast (2022 MVP),3,3,3,0.30147728807892604,2.9760520374652177,FF,foul,Swing
2022,Post-Statcast (2022 MVP),1,1,3,-0.7650922914442945,3.4515007307041508,FF,called_strike,Take (Called Strike)
2022,Post-Statcast (2022 MVP),3,3,3,0.5203673315145808,3.4044767524912083,FF,called_strike,Take (Called Strike)
2022,Post-Statcast (2022 MVP),3,3,3,0.7851227488114828,3.4695396554914213,KC,ball,Take (Called Strike)
2022,Post-Statcast (2022 MVP),2,2,3,0.27290745763884067,3.3168935694827475,FF,foul,Swing
2022,Post-Statcast (2022 MVP),5,2,2,-0.05940784257303555,2.594050151775477,FF,swinging_strike,Swing
2022,Post-Statcast (2022 MVP),5,2,2,0.2262709412874233,2.6342202037455364,FF,hit_into_play,Swing
2022,Post-Statcast (2022 MVP),9,3,1,0.7894193566957046,1.858556470251238,SL,called_strike,Take (Called Strike)
2022,Post-Statcast (2022 MVP),8,2,1,-0.14476829097587868,1.9263922794050263,SL,called_strike,Take (Called Strike)
2022,Post-Statcast (2022 MVP),8,2,1,0.01365960104099922,2.006800730920858,FC,called_strike,Take (Called Strike)
2022,Post-Statcast (2022 MVP),1,1,3,-0.45880571851020446,3.3100388706634365,FF,foul,Swing
2022,Post-Statcast (2022 MVP),8,2,1,0.21104827246787472,1.7302729669964814,SL,foul,Swing
2022,Post-Statcast (2022 MVP),6,3,2,0.5513384138268301,2.299003393203778,FF,called_strike,Take (Called Strike)
2022,Post-Statcast (2022 MVP),7,1,1,-0.7802607855735443,1.764941400091251,SI,called_strike,Take (Called Strike)
2022,Post-Statcast (2022 MVP),6,3,2,0.3639145648252895,2.23272746011284,FC,foul,Swing
2022,Post-Statcast (2022 MVP),9,3,1,0.36271437341707136,2.0647599411925475,FC,swinging_strike,Swing
2022,Post-Statcast (2022 MVP),9,3,1,0.3736148737635007,2.029105987332537,FC,foul,Swing
2022,Post-Statcast (2022 MVP),9,3,1,0.4173486130913512,1.847179598375123,FF,called_strike,Take (Called Strike)
2022,Post-Statcast (2022 MVP),6,3,2,0.5136189790387928,2.312307627393954,SL,called_strike,Take (Called Strike)
2022,Post-Statcast (2022 MVP),2,2,3,0.03244130214860241,3.254219463334,FF,called_strike,Take (Called Strike)
2022,Post-Statcast (2022 MVP),1,1,3,-0.31062183553436773,2.947040982508431,SI,swinging_strike,Swing
2022,Post-Statcast (2022 MVP),5,2,2,-0.01437196752678415,2.667505692796685,FF,called_strike,Take (Called Strike)
2022,Post-Statcast (2022 MVP),3,3,3,0.38061103013967734,2.9352939515720915,FF,swinging_strike,Swing
2022,Post-Statcast (2022 MVP),8,2,1,0.07707213503358035,2.1216625087413172,CH,foul,Swing
2022,Post-Statcast (2022 MVP),1,1,3,-0.6010612094313602,3.078164150436452,FF,foul_tip,Swing
2022,Post-Statcast (2022 MVP),8,2,1,0.11030929174076998,1.956914407198303,FF,swinging_strike,Swing
2022,Post-Statcast (2022 MVP),8,2,1,0.21306859137270684,1.8520087394533808,SL,foul,Swing
2022,Post-Statcast (2022 MVP),3,3,3,0.5836296298763253,3.2919012865706856,FF,called_strike,Take (Called Strike)
2022,Post-Statcast (2022 MVP),5,2,2,0.1680509434134989,2.911376500212966,SI,hit_into_play,Swing
2022,Post-Statcast (2022 MVP),4,1,2,-0.536486143813866,2.5974185562119994,FF,hit_into_play,Swing
2022,Post-Statcast (2022 MVP),2,2,3,0.22194939240979472,3.4103139903887687,FF,foul,Swing
2022,Post-Statcast (2022 MVP),3,3,3,0.5294764770577576,3.205658042826016,FF,hit_into_play,Swing
2022,Post-Statcast (2022 MVP),6,3,2,0.5427469384553154,2.3443877996808236,FF,called_strike,Take (Called Strike)
2022,Post-Statcast (2022 MVP),3,3,3,0.5274421665262079,3.1639098201239064,FC,called_strike,Take (Called Strike)
2022,Post-Statcast (2022 MVP),3,3,3,0.6127066619233981,3.015005090097013,FF,foul,Swing
2022,Post-Statcast (2022 MVP),9,3,1,0.4403605343140671,1.8703505682202064,FF,foul,Swing
2022,Post-Statcast (2022 MVP),6,3,2,0.7455577639440264,2.678628974263149,FF,called_strike,Take (Called Strike)
2022,Post-Statcast (2022 MVP),5,2,2,-0.20417189216252185,2.587576250172234,FF,hit_into_play,Swing
2022,Post-Statcast (2022 MVP),9,3,1,0.7555481066770232,1.9447313217363245,FF,called_strike,Take (Called Strike)
2022,Post-Statcast (2022 MVP),6,3,2,0.5040274856955579,2.4482094283442546,FC,swinging_strike,Swing
2022,Post-Statcast (2022 MVP),5,2,2,-0.25134886167715575,2.6474948949656243,CU,called_strike,Take (Called Strike)
2022,Post-Statcast (2022 MVP),4,1,2,-0.7913612805787376,2.877993485987223,CU,called_strike,Take (Called Strike)
2022,Post-Statcast (2022 MVP),9,3,1,0.651491135314838,1.5452527235246738,FF,foul,Swing
2022,Post-Statcast (2022 MVP),9,3,1,0.33376092852865336,1.563983852472738,CU,called_strike,Take (Called Strike)
2022,Post-Statcast (2022 MVP),2,2,3,0.18563272755676952,2.959053161116299,CU,called_strike,Take (Called Strike)
2022,Post-Statcast (2022 MVP),5,2,2,-0.2549794167232977,2.3222876916502027,CH,swinging_strike,Swing
2022,Post-Statcast (2022 MVP),1,1,3,-0.3544545900855768,2.878981805001647,FF,foul,Swing
2022,Post-Statcast (2022 MVP),2,2,3,-0.15204310504835594,3.029397339087865,FF,foul_tip,Swing
2022,Post-Statcast (2022 MVP),4,1,2,-0.44499516661633753,2.8655563084727387,FF,hit_into_play,Swing
2022,Post-Statcast (2022 MVP),1,1,3,-0.666723505931696,3.293919459889552,FF,ball,Take (Called Strike)
2022,Post-Statcast (2022 MVP),3,3,3,0.3626235993157586,3.14023364908325,SL,called_strike,Take (Called Strike)
2022,Post-Statcast (2022 MVP),5,2,2,-0.15581583268131016,2.324062712103206,SL,called_strike,Take (Called Strike)
2022,Post-Statcast (2022 MVP),8,2,1,-0.02176381419913742,1.8550747003152015,FF,hit_into_play,Swing
2022,Post-Statcast (2022 MVP),7,1,1,-0.6570162818153293,2.191688708298684,SI,hit_into_play,Swing
2022,Post-Statcast (2022 MVP),4,1,2,-0.4854860572210404,2.434667401131044,SI,foul,Swing
2022,Post-Statcast (2022 MVP),7,1,1,-0.3721943286299102,2.2024360842025392,SI,swinging_strike,Swing
2022,Post-Statcast (2022 MVP),5,2,2,0.193548105578067,2.4560024638796545,SI,swinging_strike,Swing
2022,Post-Statcast (2022 MVP),7,1,1,-0.5176241848907673,2.0947073689590567,SI,foul,Swing
2022,Post-Statcast (2022 MVP),5,2,2,0.05245612374547481,2.3795211404367955,SV,called_strike,Take (Called Strike)
2022,Post-Statcast (2022 MVP),7,1,1,-0.396299391739844,1.78083247883331,FF,hit_into_play,Swing
2022,Post-Statcast (2022 MVP),1,1,3,-0.5244320618577156,3.219724606608501,SI,called_strike,Take (Called Strike)
2022,Post-Statcast (2022 MVP),9,3,1,0.6759863873276579,1.7382167266321311,FF,called_strike,Take (Called Strike)
2022,Post-Statcast (2022 MVP),1,1,3,-0.3987529147351381,3.1672274227414894,FC,hit_into_play,Swing
2022,Post-Statcast (2022 MVP),7,1,1,-0.8015671478958748,1.591122874080025,FF,ball,Take (Called Strike)
2022,Post-Statcast (2022 MVP),3,3,3,0.28457575391889045,3.417316713933849,FC,called_strike,Take (Called Strike)
2022,Post-Statcast (2022 MVP),1,1,3,-0.5164260681793924,3.394750667319909,SL,hit_into_play,Swing
2022,Post-Statcast (2022 MVP),9,3,1,0.6113069881744304,2.062678949038955,FC,hit_into_play,Swing
2022,Post-Statcast (2022 MVP),5,2,2,-0.06008024401741796,2.505823284579643,SL,called_strike,Take (Called Strike)
2022,Post-Statcast (2022 MVP),6,3,2,0.5871830499955374,2.6491734905594395,FF,called_strike,Take (Called Strike)
2022,Post-Statcast (2022 MVP),4,1,2,-0.32850490535437915,2.824530678602239,FC,foul,Swing
2022,Post-Statcast (2022 MVP),1,1,3,-0.529440218124395,2.961350280200314,FF,swinging_strike,Swing
2022,Post-Statcast (2022 MVP),1,1,3,-0.46424017889891456,3.0848826350040186,SL,called_strike,Take (Called Strike)
2022,Post-Statcast (2022 MVP),2,2,3,-0.04325114830418797,2.9358026502275236,ST,called_strike,Take (Called Strike)
2022,Post-Statcast (2022 MVP),6,3,2,0.2780375973746312,2.5521006684246137,SI,hit_into_play,Swing
2022,Post-Statcast (2022 MVP),9,3,1,0.5564204910448829,2.192877612923662,FC,hit_into_play,Swing
2022,Post-Statcast (2022 MVP),8,2,1,0.21405013494692793,1.9742574942542097,SI,called_strike,Take (Called Strike)
2022,Post-Statcast (2022 MVP),2,2,3,-0.22751521470265823,3.314178696945268,FF,foul,Swing
2022,Post-Statcast (2022 MVP),4,1,2,-0.34835138289035283,2.557915472724276,SI,hit_into_play,Swing
2022,Post-Statcast (2022 MVP),7,1,1,-0.3827337047700789,1.959304781653774,FF,foul,Swing
2022,Post-Statcast (2022 MVP),2,2,3,0.09333287320293092,3.295966163743969,CH,hit_into_play,Swing
2022,Post-Statcast (2022 MVP),9,3,1,0.5884693809250988,2.204114159612251,FF,called_strike,Take (Called Strike)
2022,Post-Statcast (2022 MVP),8,2,1,-0.12322712138786326,1.6083190848707574,SL,called_strike,Take (Called Strike)
2022,Post-Statcast (2022 MVP),8,2,1,0.20465834773956115,1.6277901617069332,FF,ball,Take (Called Strike)
2022,Post-Statcast (2022 MVP),5,2,2,-0.07758076365511779,2.259490995257493,SI,foul,Swing
2022,Post-Statcast (2022 MVP),5,2,2,-0.17059113811907844,2.6220643063650417,SI,hit_into_play,Swing
2022,Post-Statcast (2022 MVP),2,2,3,0.19684220354974755,3.1961009735335484,SI,called_strike,Take (Called Strike)
2022,Post-Statcast (2022 MVP),6,3,2,0.44146002379454846,2.217680800904715,KC,called_strike,Take (Called Strike)
2022,Post-Statcast (2022 MVP),9,3,1,0.7610549897300608,2.2181083477892987,SI,foul,Swing
2022,Post-Statcast (2022 MVP),6,3,2,0.35796713769731114,2.874251054354426,SI,foul_tip,Swing
2022,Post-Statcast (2022 MVP),2,2,3,0.11013298866123612,3.088894988806216,KC,called_strike,Take (Called Strike)
2022,Post-Statcast (2022 MVP),5,2,2,-0.25318780167168226,2.6864363412406136,FF,foul_tip,Swing
2022,Post-Statcast (2022 MVP),1,1,3,-0.6815823281783839,3.495780932953661,FF,ball,Take (Called Strike)
2022,Post-Statcast (2022 MVP),1,1,3,-0.7394383492137576,3.2275832019744106,FF,called_strike,Take (Called Strike)
2022,Post-Statcast (2022 MVP),3,3,3,0.4131427927425937,3.024877014168111,FF,swinging_strike,Swing
2022,Post-Statcast (2022 MVP),3,3,3,0.537370077946427,3.317132459507775,SI,called_strike,Take (Called Strike)
2022,Post-Statcast (2022 MVP),5,2,2,-0.1410664638709851,2.5555377783869604,FF,swinging_strike,Swing
2022,Post-Statcast (2022 MVP),4,1,2,-0.7432912040197368,2.2934432582134407,SI,hit_into_play,Swing
2022,Post-Statcast (2022 MVP),5,2,2,-0.04889193339851139,2.5856710389419053,SI,hit_into_play,Swing
2022,Post-Statcast (2022 MVP),9,3,1,0.38573066404101064,2.1254193576844287,FF,hit_into_play,Swing
2022,Post-Statcast (2022 MVP),7,1,1,-0.4531527478566918,1.864078978305584,CU,hit_into_play,Swing
2022,Post-Statcast (2022 MVP),1,1,3,-0.5330671706489346,3.322418828142304,FC,foul,Swing
2022,Post-Statcast (2022 MVP),8,2,1,-0.1486132348709699,1.9451694654435028,CU,called_strike,Take (Called Strike)
2022,Post-Statcast (2022 MVP),9,3,1,0.7012814751758825,1.6922598124270216,CH,swinging_strike,Swing
2022,Post-Statcast (2022 MVP),6,3,2,0.48552930904675407,2.884317461703698,CH,hit_into_play,Swing
2022,Post-Statcast (2022 MVP),3,3,3,0.4340982832022966,3.3185629484562544,CH,foul,Swing
2022,Post-Statcast (2022 MVP),4,1,2,-0.45368348651021473,2.368873688507614,FF,hit_into_play,Swing
2022,Post-Statcast (2022 MVP),6,3,2,0.33612498405344304,2.4289759468144414,FF,foul,Swing
2022,Post-Statcast (2022 MVP),9,3,1,0.6020646040107347,2.0412293138022326,FC,hit_into_play,Swing
2022,Post-Statcast (2022 MVP),9,3,1,0.48244518401556247,1.552715543476657,FC,ball,Take (Called Strike)
2022,Post-Statcast (2022 MVP),3,3,3,0.5318556764121416,3.1662162734386543,CU,foul,Swing
2022,Post-Statcast (2022 MVP),6,3,2,0.7892493748537867,2.803420704109598,FF,called_strike,Take (Called Strike)
2022,Post-Statcast (2022 MVP),6,3,2,0.4421517214486348,2.6449409563687425,FF,swinging_strike,Swing
2022,Post-Statcast (2022 MVP),5,2,2,0.25764097726540397,2.5043709945233705,SL,foul,Swing
2022,Post-Statcast (2022 MVP),6,3,2,0.4429330064283561,2.4270993333478823,CU,called_strike,Take (Called Strike)
2022,Post-Statcast (2022 MVP),5,2,2,-0.1705146586939459,2.2996015000922414,FF,hit_into_play,Swing
2022,Post-Statcast (2022 MVP),4,1,2,-0.6038408094982438,2.8634363190289247,FF,hit_into_play,Swing
2022,Post-Statcast (2022 MVP),4,1,2,-0.4103554288723187,2.4282215408718972,FF,called_strike,Take (Called Strike)
2022,Post-Statcast (2022 MVP),1,1,3,-0.5371269347990487,3.5044940172846593,SL,hit_into_play,Swing
2022,Post-Statcast (2022 MVP),8,2,1,-0.05492483690609706,1.937864713498767,FF,called_strike,Take (Called Strike)
2022,Post-Statcast (2022 MVP),8,2,1,-0.01125428079285273,1.7657653818535413,CH,called_strike,Take (Called Strike)
2022,Post-Statcast (2022 MVP),1,1,3,-0.7653608896256949,2.9593838723600205,FF,hit_into_play,Swing
2022,Post-Statcast (2022 MVP),5,2,2,-0.1261668661798102,2.8078199543534352,FF,foul,Swing
2022,Post-Statcast (2022 MVP),6,3,2,0.5019422180353077,2.2916813453425062,SL,swinging_strike,Swing
2022,Post-Statcast (2022 MVP),2,2,3,-0.03945124346130407,3.1355142713415507,FF,called_strike,Take (Called Strike)
2022,Post-Statcast (2022 MVP),8,2,1,-0.18821162746289669,2.0397284843581724,KC,hit_into_play,Swing
2022,Post-Statcast (2022 MVP),9,3,1,0.30510394178703293,1.8132742618873512,CH,called_strike,Take (Called Strike)
2022,Post-Statcast (2022 MVP),7,1,1,-0.6788972163633546,1.8919919518537045,SI,hit_into_play,Swing
2022,Post-Statcast (2022 MVP),4,1,2,-0.3263658134437146,2.908750022525779,SI,foul,Swing
2022,Post-Statcast (2022 MVP),4,1,2,-0.7099750526276769,2.4986272982493216,FF,called_strike,Take (Called Strike)
2022,Post-Statcast (2022 MVP),8,2,1,-0.25932628794055756,1.4970125356568849,SI,called_strike,Take (Called Strike)
2022,Post-Statcast (2022 MVP),1,1,3,-0.3866006757524203,2.989811315774177,FF,hit_into_play,Swing
2022,Post-Statcast (2022 MVP),9,3,1,0.3495318250694228,1.6420160100000527,SI,called_strike,Take (Called Strike)
2022,Post-Statcast (2022 MVP),3,3,3,0.45267396055677833,3.2383943445160046,KC,called_strike,Take (Called Strike)
2022,Post-Statcast (2022 MVP),7,1,1,-0.6321693446547282,2.1141719518535753,KC,called_strike,Take (Called Strike)
2022,Post-Statcast (2022 MVP),8,2,1,0.01437782202615389,2.0999120935771005,SI,foul,Swing
2022,Post-Statcast (2022 MVP),2,2,3,-0.14235144477028092,3.004315308287791,FC,hit_into_play,Swing
2022,Post-Statcast (2022 MVP),2,2,3,0.15075425459229697,3.059944808977332,FF,swinging_strike,Swing
2022,Post-Statcast (2022 MVP),5,2,2,0.16147642694392228,2.4878597665895565,CU,hit_into_play,Swing
2022,Post-Statcast (2022 MVP),9,3,1,0.39114883805733935,2.0733176488091436,CH,called_strike,Take (Called Strike)
2022,Post-Statcast (2022 MVP),1,1,3,-0.5460228261115007,3.397050116101138,FF,hit_into_play,Swing
2022,Post-Statcast (2022 MVP),4,1,2,-0.4305631954337451,2.8704590136981665,CU,called_strike,Take (Called Strike)
2022,Post-Statcast (2022 MVP),5,2,2,-0.03755860680464074,2.5040920172423475,SL,called_strike,Take (Called Strike)
2022,Post-Statcast (2022 MVP),5,2,2,0.09667404071042052,2.5593004985105123,SI,called_strike,Take (Called Strike)
2022,Post-Statcast (2022 MVP),4,1,2,-0.37514396540373074,2.918521238575513,CH,called_strike,Take (Called Strike)
2022,Post-Statcast (2022 MVP),8,2,1,0.14657615012200031,2.0854694872567965,FC,hit_into_play,Swing
2022,Post-Statcast (2022 MVP),7,1,1,-0.4680412339806569,1.5577099767045357,FC,called_strike,Take (Called Strike)
2022,Post-Statcast (2022 MVP),9,3,1,0.5395111771542818,1.811089553504976,FC,hit_into_play,Swing
2022,Post-Statcast (2022 MVP),6,3,2,0.6754833924865706,2.2949661219372577,FC,foul,Swing
2022,Post-Statcast (2022 MVP),4,1,2,-0.6354175257315597,2.3415362556851895,CU,called_strike,Take (Called Strike)
2022,Post-Statcast (2022 MVP),5,2,2,-0.01793342996405023,2.500452678081579,FC,called_strike,Take (Called Strike)
2022,Post-Statcast (2022 MVP),2,2,3,-0.19902936281806372,3.29522526636374,FF,foul,Swing
2022,Post-Statcast (2022 MVP),9,3,1,0.426283785081351,1.8928896837425555,CH,called_strike,Take (Called Strike)
2022,Post-Statcast (2022 MVP),3,3,3,0.6057509819220596,3.259167127470003,FF,hit_into_play,Swing
2022,Post-Statcast (2022 MVP),7,1,1,-0.3735065396399101,2.179893722618619,CU,foul,Swing
2022,Post-Statcast (2022 MVP),3,3,3,0.3159958590927443,3.2748321117409303,FC,swinging_strike,Swing
2022,Post-Statcast (2022 MVP),3,3,3,0.5765194492952687,3.0861545652632114,FF,called_strike,Take (Called Strike)
2022,Post-Statcast (2022 MVP),8,2,1,-0.26518732378892984,2.1782524513910366,CU,called_strike,Take (Called Strike)
2022,Post-Statcast (2022 MVP),5,2,2,0.06568433956924805,2.4639649698064994,FC,hit_into_play,Swing
2022,Post-Statcast (2022 MVP),6,3,2,0.6457141817607159,2.8816937482055383,FF,foul,Swing
2022,Post-Statcast (2022 MVP),4,1,2,-0.6017558071999934,2.706671133499857,FF,foul,Swing
2022,Post-Statcast (2022 MVP),2,2,3,-0.07916823649426966,2.9552822416367777,FC,foul,Swing
2022,Post-Statcast (2022 MVP),7,1,1,-0.6392868568456025,2.0701583947694533,SI,hit_into_play,Swing
2022,Post-Statcast (2022 MVP),5,2,2,-0.05370326692691818,2.6348847405564726,SI,foul,Swing
2022,Post-Statcast (2022 MVP),6,3,2,0.5656819102459536,2.6102949317477675,SL,hit_into_play,Swing
2022,Post-Statcast (2022 MVP),9,3,1,0.5682125117109842,1.972202782113978,FF,foul,Swing
2022,Post-Statcast (2022 MVP),9,3,1,0.38649589049177535,1.540758972463261,SL,swinging_strike,Swing
2022,Post-Statcast (2022 MVP),1,1,3,-0.649521907208375,3.1632295939848394,FF,foul,Swing
2022,Post-Statcast (2022 MVP),4,1,2,-0.3414078076023048,2.731691153760502,SI,hit_into_play,Swing
2022,Post-Statcast (2022 MVP),2,2,3,-0.2364203255823888,3.4706610029170006,SI,called_strike,Take (Called Strike)
2022,Post-Statcast (2022 MVP),5,2,2,0.12507703738283538,2.473478731197557,SI,hit_into_play,Swing
2022,Post-Statcast (2022 MVP),5,2,2,-0.2454128494698495,2.663749817582768,FF,swinging_strike,Swing
2022,Post-Statcast (2022 MVP),4,1,2,-0.4810875085213663,2.2274189446060824,SL,swinging_strike,Swing
2022,Post-Statcast (2022 MVP),9,3,1,0.6596097445782692,1.5619076260892766,FF,ball,Take (Called Strike)
2022,Post-Statcast (2022 MVP),8,2,1,-0.16445726890453505,2.1600885724993466,SL,swinging_strike,Swing
2022,Post-Statcast (2022 MVP),2,2,3,0.01601565145388545,2.980245546626275,FC,hit_into_play,Swing
2022,Post-Statcast (2022 MVP),6,3,2,0.434797647316437,2.4998441624024146,FC,foul,Swing
2022,Post-Statcast (2022 MVP),1,1,3,-0.4456643427395583,3.60015943764468,FC,called_strike,Take (Called Strike)
2022,Post-Statcast (2022 MVP),8,2,1,0.01585956529553722,2.163327813200875,CH,hit_into_play,Swing
2022,Post-Statcast (2022 MVP),1,1,3,-0.8040481866173967,3.202529616368619,FF,foul,Swing
2022,Post-Statcast (2022 MVP),9,3,1,0.7458799201818405,1.7440076350226112,FC,called_strike,Take (Called Strike)
2022,Post-Statcast (2022 MVP),8,2,1,-0.1820846576266506,1.961651960312786,SI,called_strike,Take (Called Strike)
2022,Post-Statcast (2022 MVP),9,3,1,0.4119638533358906,2.128297487410734,FF,foul,Swing
2022,Post-Statcast (2022 MVP),7,1,1,-0.5572230966187697,2.0526144961499853,CH,called_strike,Take (Called Strike)
2022,Post-Statcast (2022 MVP),8,2,1,-0.2028257659342504,1.7649866992193446,FF,called_strike,Take (Called Strike)
2022,Post-Statcast (2022 MVP),8,2,1,-0.1691881341481571,1.5197897200608148,SL,ball,Take (Called Strike)
2022,Post-Statcast (2022 MVP),7,1,1,-0.29982042854999147,1.6067722559539188,FF,ball,Take (Called Strike)
2022,Post-Statcast (2022 MVP),5,2,2,-0.1408591865425045,2.7815793949190177,SI,called_strike,Take (Called Strike)
2022,Post-Statcast (2022 MVP),7,1,1,-0.456026419678254,1.9034117230466343,CH,foul,Swing
2022,Post-Statcast (2022 MVP),9,3,1,0.6921250270221687,2.0297382434739655,FF,foul,Swing
2022,Post-Statcast (2022 MVP),7,1,1,-0.5228356759973815,1.9729282492230165,CH,called_strike,Take (Called Strike)
2022,Post-Statcast (2022 MVP),6,3,2,0.7158816296187421,2.8376465206608295,FF,ball,Take (Called Strike)
2022,Post-Statcast (2022 MVP),9,3,1,0.6048655378394363,1.883276006007371,CU,called_strike,Take (Called Strike)
2022,Post-Statcast (2022 MVP),1,1,3,-0.28743905118345947,3.3146955282293975,SL,called_strike,Take (Called Strike)
2022,Post-Statcast (2022 MVP),8,2,1,-0.08314504555872071,1.8360661719891451,FF,hit_into_play,Swing
2022,Post-Statcast (2022 MVP),9,3,1,0.38795175556235423,1.5797418666192335,FC,ball,Take (Called Strike)
2022,Post-Statcast (2022 MVP),2,2,3,-0.15833657730191253,3.201331527974986,FF,called_strike,Take (Called Strike)
2022,Post-Statcast (2022 MVP),8,2,1,-0.20643525632403137,1.8878496131598947,SI,hit_into_play,Swing
2022,Post-Statcast (2022 MVP),7,1,1,-0.7131775372145592,2.222885516782534,SI,hit_into_play,Swing
2022,Post-Statcast (2022 MVP),7,1,1,-0.2929802634370695,2.076422214101763,SI,foul,Swing
2022,Post-Statcast (2022 MVP),8,2,1,0.09766075463949853,1.4464287313280448,SI,called_strike,Take (Called Strike)
2022,Post-Statcast (2022 MVP),2,2,3,-0.17354108625162,3.0825489161429114,FC,called_strike,Take (Called Strike)
2022,Post-Statcast (2022 MVP),6,3,2,0.7299573970764697,2.6287761340999514,ST,swinging_strike,Swing
2022,Post-Statcast (2022 MVP),6,3,2,0.4066854362116349,2.5584296672230664,FC,called_strike,Take (Called Strike)
2022,Post-Statcast (2022 MVP),8,2,1,0.06086431048603169,1.8100716754232171,ST,called_strike,Take (Called Strike)
2022,Post-Statcast (2022 MVP),9,3,1,0.43897975329377215,2.1135773971056677,FF,hit_into_play,Swing
2022,Post-Statcast (2022 MVP),8,2,1,-0.27358815673306913,1.7526909750630542,CU,called_strike,Take (Called Strike)
2022,Post-Statcast (2022 MVP),4,1,2,-0.4969081851850474,2.258097809362772,CH,hit_into_play,Swing
2022,Post-Statcast (2022 MVP),3,3,3,0.6988368069125972,2.9927172322093956,FF,swinging_strike,Swing
2022,Post-Statcast (2022 MVP),5,2,2,0.13979909346251418,2.829778410372896,FF,called_strike,Take (Called Strike)
2022,Post-Statcast (2022 MVP),9,3,1,0.7484873647877662,1.9701170969912225,FC,called_strike,Take (Called Strike)
2022,Post-Statcast (2022 MVP),8,2,1,-0.0143509788940862,1.6580724012333308,FF,called_strike,Take (Called Strike)
2022,Post-Statcast (2022 MVP),7,1,1,-0.3334326253361728,1.5851197341720642,FF,hit_into_play,Swing
2022,Post-Statcast (2022 MVP),8,2,1,0.2392764443160676,2.0855824804233807,FF,foul,Swing
2022,Post-Statcast (2022 MVP),1,1,3,-0.2816978646037376,3.557319102183264,FF,foul,Swing
2022,Post-Statcast (2022 MVP),7,1,1,-0.76028603715721,2.056022482937496,FF,foul,Swing
2022,Post-Statcast (2022 MVP),6,3,2,0.41353397893689814,2.800497138219133,ST,called_strike,Take (Called Strike)
2022,Post-Statcast (2022 MVP),6,3,2,0.47364947936819,2.210407198086791,SI,hit_into_play,Swing
2022,Post-Statcast (2022 MVP),2,2,3,0.2234218201843976,3.040149236949542,SI,swinging_strike,Swing
2022,Post-Statcast (2022 MVP),6,3,2,0.6437017108795413,2.200424644673992,SI,called_strike,Take (Called Strike)
2022,Post-Statcast (2022 MVP),6,3,2,0.29777638270471263,2.509748812378878,SI,hit_into_play,Swing
2022,Post-Statcast (2022 MVP),1,1,3,-0.3409947974437614,3.3193063322166547,SV,foul,Swing
2022,Post-Statcast (2022 MVP),6,3,2,0.7787045966894104,2.6203863610901132,SI,foul,Swing
2022,Post-Statcast (2022 MVP),1,1,3,-0.6238434702660189,3.161825658323201,SI,foul,Swing
2022,Post-Statcast (2022 MVP),9,3,1,0.5980336627700337,1.921667071327307,SV,foul,Swing
2022,Post-Statcast (2022 MVP),6,3,2,0.49098748028077377,2.6617046167512264,SI,called_strike,Take (Called Strike)
2022,Post-Statcast (2022 MVP),4,1,2,-0.4969697716882133,2.8649811722326572,SV,called_strike,Take (Called Strike)
2022,Post-Statcast (2022 MVP),6,3,2,0.6334194588165946,2.2214954930925463,CU,hit_into_play,Swing
2022,Post-Statcast (2022 MVP),6,3,2,0.6699600631561949,2.3362725399370343,FF,called_strike,Take (Called Strike)
2022,Post-Statcast (2022 MVP),9,3,1,0.3507203230965352,1.838851130225771,FF,called_strike,Take (Called Strike)
2022,Post-Statcast (2022 MVP),9,3,1,0.3735540998063072,1.6118277826418337,SV,hit_into_play,Swing
2022,Post-Statcast (2022 MVP),7,1,1,-0.387861277010799,1.6643823749905209,SV,called_strike,Take (Called Strike)
2022,Post-Statcast (2022 MVP),6,3,2,0.609748940536431,2.33996177401165,FC,foul,Swing
2022,Post-Statcast (2022 MVP),4,1,2,-0.4856684197647796,2.4838624539821095,CH,hit_into_play,Swing
2022,Post-Statcast (2022 MVP),9,3,1,0.5091034681983287,1.6684772080565418,CH,swinging_strike,Swing
2022,Post-Statcast (2022 MVP),5,2,2,0.25012770364710496,2.4689948642956674,FC,called_strike,Take (Called Strike)
2022,Post-Statcast (2022 MVP),5,2,2,-0.2754164862670673,2.3694427219350844,SI,hit_into_play,Swing
2022,Post-Statcast (2022 MVP),8,2,1,-0.03324369541076816,2.1729874458211644,FF,foul,Swing
2022,Post-Statcast (2022 MVP),5,2,2,0.09998945729812758,2.427107997260193,CU,foul,Swing
2022,Post-Statcast (2022 MVP),8,2,1,-0.15104636523955595,1.785869331103691,SI,hit_into_play,Swing
2022,Post-Statcast (2022 MVP),3,3,3,0.6896100707304571,3.180225106560042,FF,called_strike,Take (Called Strike)
2022,Post-Statcast (2022 MVP),9,3,1,0.3534632058352486,1.7051138791634195,SL,foul,Swing
2022,Post-Statcast (2022 MVP),5,2,2,0.01523236592335869,2.8175407669186354,FF,swinging_strike,Swing
2022,Post-Statcast (2022 MVP),5,2,2,-0.22344779811062876,2.6672410261186954,CU,hit_into_play,Swing
2022,Post-Statcast (2022 MVP),7,1,1,-0.4809209524477104,1.68792058950096,SI,called_strike,Take (Called Strike)
2022,Post-Statcast (2022 MVP),7,1,1,-0.6018035666415228,1.7992530558382165,FF,called_strike,Take (Called Strike)
2022,Post-Statcast (2022 MVP),1,1,3,-0.3694805414495893,3.2740909449441062,FF,called_strike,Take (Called Strike)
2022,Post-Statcast (2022 MVP),2,2,3,-0.2150734196169705,3.696994601909531,FF,ball,Take (Called Strike)
2022,Post-Statcast (2022 MVP),9,3,1,0.4060187019126986,1.7846079235687415,FF,called_strike,Take (Called Strike)
2022,Post-Statcast (2022 MVP),3,3,3,0.41240875977804026,2.932482721133695,FF,hit_into_play,Swing
2022,Post-Statcast (2022 MVP),8,2,1,0.22414263662403455,1.6537890311560743,SL,called_strike,Take (Called Strike)
2022,Post-Statcast (2022 MVP),9,3,1,0.7749985529803964,1.8427543265495627,CU,ball,Take (Called Strike)
2022,Post-Statcast (2022 MVP),3,3,3,0.7369153817833237,2.9318657336802167,FF,swinging_strike,Swing
2022,Post-Statcast (2022 MVP),2,2,3,-0.05108939081861485,2.963775023852792,FF,called_strike,Take (Called Strike)
2022,Post-Statcast (2022 MVP),6,3,2,0.46658914520517586,2.663434266888614,SL,foul,Swing
2022,Post-Statcast (2022 MVP),9,3,1,0.5024527680288872,1.6929867401048209,SL,foul_tip,Swing
2022,Post-Statcast (2022 MVP),6,3,2,0.41603481534834336,2.7280077788548445,SL,called_strike,Take (Called Strike)
2022,Post-Statcast (2022 MVP),9,3,1,0.5886882531204285,1.529517035787367,SL,swinging_strike,Swing
2022,Post-Statcast (2022 MVP),6,3,2,0.34355086951261454,2.6200551547289326,SL,swinging_strike,Swing
2022,Post-Statcast (2022 MVP),8,2,1,-0.091198629575323,1.5674514558841424,SL,swinging_strike,Swing
2022,Post-Statcast (2022 MVP),5,2,2,0.04079259377641831,2.8877815839880503,FF,hit_into_play,Swing
2022,Post-Statcast (2022 MVP),9,3,1,0.4780514995429099,2.199057595136418,FF,called_strike,Take (Called Strike)
2022,Post-Statcast (2022 MVP),2,2,3,-0.2615674560163598,3.2977607277779573,FF,called_strike,Take (Called Strike)
2022,Post-Statcast (2022 MVP),1,1,3,-0.31513306709784117,3.0260781980253335,FF,hit_into_play,Swing
2022,Post-Statcast (2022 MVP),6,3,2,0.28218367191919513,2.2450704932682575,SL,called_strike,Take (Called Strike)
2022,Post-Statcast (2022 MVP),8,2,1,0.05818466651752187,2.1229902434636134,FF,foul,Swing
2022,Post-Statcast (2022 MVP),7,1,1,-0.5425703927497811,2.065100561364358,SI,called_strike,Take (Called Strike)
2022,Post-Statcast (2022 MVP),8,2,1,-0.15605938311373208,1.524174302488694,CU,foul,Swing
2022,Post-Statcast (2022 MVP),8,2,1,-0.02927568009173337,2.0438846436439317,CU,foul,Swing
2022,Post-Statcast (2022 MVP),5,2,2,-0.02810158218626179,2.3911633843281117,CH,called_strike,Take (Called Strike)
2022,Post-Statcast (2022 MVP),9,3,1,0.4932910820330624,2.038805877098546,CU,called_strike,Take (Called Strike)
2022,Post-Statcast (2022 MVP),5,2,2,0.2237850364562187,2.589014322831852,SL,foul,Swing
2022,Post-Statcast (2022 MVP),9,3,1,0.3666109226747506,1.7706492110214396,SL,swinging_strike,Swing
2022,Post-Statcast (2022 MVP),5,2,2,-0.1803465384916737,2.4328304949419777,FF,hit_into_play,Swing
2022,Post-Statcast (2022 MVP),8,2,1,0.1853173904037584,2.1949627510972975,FS,hit_into_play,Swing
2022,Post-Statcast (2022 MVP),9,3,1,0.49125425586066784,1.6471574501182011,FF,hit_into_play,Swing
2022,Post-Statcast (2022 MVP),3,3,3,0.4445561486636732,3.125390618509459,FF,swinging_strike,Swing
2022,Post-Statcast (2022 MVP),4,1,2,-0.7030650724635302,2.4993094076976576,FF,foul_tip,Swing
2022,Post-Statcast (2022 MVP),3,3,3,0.5841631200450942,2.980562482759193,FF,called_strike,Take (Called Strike)
2022,Post-Statcast (2022 MVP),4,1,2,-0.3039750241657253,2.4968772926753475,FF,hit_into_play,Swing
2022,Post-Statcast (2022 MVP),3,3,3,0.6090860182849833,3.0189527403993215,FF,swinging_strike,Swing
2022,Post-Statcast (2022 MVP),5,2,2,-0.07911544291472183,2.7931121880885463,CH,hit_into_play,Swing
2022,Post-Statcast (2022 MVP),3,3,3,0.48458128087835906,3.0295352966824893,FF,called_strike,Take (Called Strike)
2022,Post-Statcast (2022 MVP),4,1,2,-0.608623854064234,2.399552160030089,FF,hit_into_play,Swing
2022,Post-Statcast (2022 MVP),8,2,1,-0.2301138316643554,1.7348503261816708,FF,called_strike,Take (Called Strike)
2022,Post-Statcast (2022 MVP),8,2,1,0.1893101254235231,2.156885073420008,SL,hit_into_play,Swing
2022,Post-Statcast (2022 MVP),2,2,3,0.01702478195330736,3.136498759644157,CH,foul,Swing
2022,Post-Statcast (2022 MVP),4,1,2,-0.35931597840459306,2.7609904617040706,FF,foul_tip,Swing
2022,Post-Statcast (2022 MVP),5,2,2,0.0612586030912225,2.285530760603879,FF,called_strike,Take (Called Strike)
2022,Post-Statcast (2022 MVP),9,3,1,0.5619735524198873,1.6458411198413896,SL,called_strike,Take (Called Strike)
2022,Post-Statcast (2022 MVP),4,1,2,-0.36299745256505894,2.5601695370017543,FC,hit_into_play,Swing
2022,Post-Statcast (2022 MVP),8,2,1,-0.07993816644282481,2.107399023715275,SI,foul,Swing
2022,Post-Statcast (2022 MVP),2,2,3,-0.2010807438935126,2.970801236016194,FC,hit_into_play,Swing
2022,Post-Statcast (2022 MVP),4,1,2,-0.8190057366667816,2.7894261752396172,SI,hit_into_play,Swing
2022,Post-Statcast (2022 MVP),8,2,1,0.00328516584791699,2.0594787433058617,FC,foul,Swing
2022,Post-Statcast (2022 MVP),5,2,2,0.12535647059231103,2.6625661498016457,FF,hit_into_play,Swing
2022,Post-Statcast (2022 MVP),5,2,2,-0.08678161055477374,2.5997508812914094,FF,foul,Swing
2022,Post-Statcast (2022 MVP),6,3,2,0.29333416280734126,2.3990155565695916,FF,swinging_strike,Swing
2022,Post-Statcast (2022 MVP),9,3,1,0.4102739923782028,1.867901215042854,SL,swinging_strike,Swing
2022,Post-Statcast (2022 MVP),1,1,3,-0.5988030984765311,3.654490387090427,FF,swinging_strike,Swing
2022,Post-Statcast (2022 MVP),1,1,3,-0.7104486598032619,3.0402198404684233,FF,called_strike,Take (Called Strike)
2022,Post-Statcast (2022 MVP),5,2,2,0.02232031763500819,2.5660464238607137,FF,hit_into_play,Swing
2022,Post-Statcast (2022 MVP),5,2,2,0.03679643435016344,2.5288585417596754,SI,hit_into_play,Swing
2022,Post-Statcast (2022 MVP),6,3,2,0.7673720322178372,2.4856816242641817,SI,called_strike,Take (Called Strike)
2022,Post-Statcast (2022 MVP),8,2,1,0.10653432300485832,1.9518527664330731,FF,swinging_strike,Swing
2022,Post-Statcast (2022 MVP),5,2,2,-0.1526064376012236,2.5639818316031215,FF,hit_into_play,Swing
2022,Post-Statcast (2022 MVP),7,1,1,-0.6926611942409323,1.6250103716546764,SL,called_strike,Take (Called Strike)
2022,Post-Statcast (2022 MVP),1,1,3,-0.3945553376598632,3.1246722860447953,SL,called_strike,Take (Called Strike)
2022,Post-Statcast (2022 MVP),4,1,2,-0.3980325956687032,2.7100499560339433,FF,hit_into_play,Swing
2022,Post-Statcast (2022 MVP),5,2,2,0.04550430682081252,2.3692666029287093,CH,swinging_strike,Swing
2022,Post-Statcast (2022 MVP),6,3,2,0.7254113402365179,2.6662440381971764,CU,called_strike,Take (Called Strike)
2022,Post-Statcast (2022 MVP),6,3,2,0.6233783058601188,2.2840540155592537,SL,called_strike,Take (Called Strike)
2022,Post-Statcast (2022 MVP),8,2,1,0.2527698035052034,1.885954440529845,SL,called_strike,Take (Called Strike)
2022,Post-Statcast (2022 MVP),8,2,1,0.00470512691292546,2.11635566087527,FF,hit_into_play,Swing
2022,Post-Statcast (2022 MVP),2,2,3,-0.21396791987283792,3.1550427227349243,FF,foul,Swing
2022,Post-Statcast (2022 MVP),7,1,1,-0.6944733688951831,2.1179849391916017,SL,hit_into_play,Swing
2022,Post-Statcast (2022 MVP),8,2,1,0.1485719344733046,1.8005594414311563,SL,foul,Swing
2022,Post-Statcast (2022 MVP),6,3,2,0.4924451326276247,2.3022603197010234,SL,called_strike,Take (Called Strike)
2022,Post-Statcast (2022 MVP),9,3,1,0.4111533652707273,1.944426465355093,FF,foul,Swing
2022,Post-Statcast (2022 MVP),9,3,1,0.34952836304268886,1.6467363127743018,FF,foul,Swing
2022,Post-Statcast (2022 MVP),7,1,1,-0.4198066208293765,2.2270374900075813,FF,foul,Swing
2022,Post-Statcast (2022 MVP),9,3,1,0.39379418261653976,1.674082861607456,FF,foul,Swing
2022,Post-Statcast (2022 MVP),8,2,1,-0.04445194468603231,1.997940128336306,FF,hit_into_play,Swing
2022,Post-Statcast (2022 MVP),3,3,3,0.8112381542538822,3.269500702709398,FF,foul,Swing
2022,Post-Statcast (2022 MVP),1,1,3,-0.47182701635202695,3.3251183391450594,FF,foul,Swing
2022,Post-Statcast (2022 MVP),2,2,3,-0.0936980684144444,3.4013927116071794,FF,foul,Swing
2022,Post-Statcast (2022 MVP),8,2,1,0.0996707406243762,1.8164096662746023,CH,hit_into_play,Swing
2022,Post-Statcast (2022 MVP),9,3,1,0.6214102639556494,1.951596349700079,CH,swinging_strike,Swing
2022,Post-Statcast (2022 MVP),9,3,1,0.5293550963042801,2.2215517271351546,CH,called_strike,Take (Called Strike)
2022,Post-Statcast (2022 MVP),3,3,3,0.3595325523399372,3.2992300509076227,FF,foul_tip,Swing
2022,Post-Statcast (2022 MVP),7,1,1,-0.35197213729322696,1.7285467105715595,CH,called_strike,Take (Called Strike)
2022,Post-Statcast (2022 MVP),7,1,1,-0.517654479410295,1.7103400806792477,FF,called_strike,Take (Called Strike)
2022,Post-Statcast (2022 MVP),1,1,3,-0.27653370121181975,3.0988763132445607,FF,hit_into_play,Swing
2022,Post-Statcast (2022 MVP),3,3,3,0.772296586829082,3.3138390765548884,FF,foul,Swing
2022,Post-Statcast (2022 MVP),5,2,2,0.22485045265934325,2.550304628029707,FF,swinging_strike,Swing
2022,Post-Statcast (2022 MVP),5,2,2,-0.01560842239205906,2.95043810209581,FF,called_strike,Take (Called Strike)
2022,Post-Statcast (2022 MVP),5,2,2,0.14471772643686098,2.9249559376773737,FF,swinging_strike,Swing
2022,Post-Statcast (2022 MVP),5,2,2,0.1896350014721374,2.7702270209182966,SL,foul,Swing
2022,Post-Statcast (2022 MVP),6,3,2,0.6865995106015476,2.875485731681696,FF,called_strike,Take (Called Strike)
2022,Post-Statcast (2022 MVP),3,3,3,0.5277455885609214,3.0382161722463605,FF,hit_into_play,Swing
2022,Post-Statcast (2022 MVP),7,1,1,-0.5553144649543665,1.9750393759641625,FS,foul,Swing
2022,Post-Statcast (2022 MVP),2,2,3,0.1388642672355902,3.106042252406887,FF,foul,Swing
2022,Post-Statcast (2022 MVP),9,3,1,0.4440295249428422,2.0007689199835625,FS,foul,Swing
2022,Post-Statcast (2022 MVP),6,3,2,0.577287905139188,2.5421899960766647,FF,called_strike,Take (Called Strike)
2022,Post-Statcast (2022 MVP),9,3,1,0.3692470217007269,2.04729367339452,FF,foul,Swing
2022,Post-Statcast (2022 MVP),6,3,2,0.5430720866547126,2.9497814866014087,CU,called_strike,Take (Called Strike)
2022,Post-Statcast (2022 MVP),7,1,1,-0.3819686833404822,1.9911914320130633,CU,hit_into_play,Swing
2022,Post-Statcast (2022 MVP),3,3,3,0.2828040262389663,3.4434548489495604,FF,foul,Swing
2022,Post-Statcast (2022 MVP),7,1,1,-0.4597484302420636,2.2283734334991454,CU,called_strike,Take (Called Strike)
2022,Post-Statcast (2022 MVP),8,2,1,-0.0594310530057891,1.93036044860504,ST,hit_into_play,Swing
2022,Post-Statcast (2022 MVP),2,2,3,0.21794718415477976,3.6369316996231777,FF,foul,Swing
2022,Post-Statcast (2022 MVP),2,2,3,-0.06713731201718387,3.5782646876737463,FF,hit_into_play,Swing
2022,Post-Statcast (2022 MVP),5,2,2,-0.21054296146372564,2.640860859941607,ST,called_strike,Take (Called Strike)
2022,Post-Statcast (2022 MVP),3,3,3,0.6184506406978942,3.143203777529022,FF,hit_into_play,Swing
2022,Post-Statcast (2022 MVP),4,1,2,-0.436571511313229,2.2683631375620013,FF,foul,Swing
2022,Post-Statcast (2022 MVP),6,3,2,0.3292201554146196,2.422544894291878,FF,called_strike,Take (Called Strike)
2022,Post-Statcast (2022 MVP),6,3,2,0.34076073320514644,2.51968580596845,ST,hit_into_play,Swing
2022,Post-Statcast (2022 MVP),6,3,2,0.2842257334869216,2.5536047484480555,FF,foul,Swing
2022,Post-Statcast (2022 MVP),2,2,3,-0.00119556243084895,3.271965123958311,FF,called_strike,Take (Called Strike)
2022,Post-Statcast (2022 MVP),4,1,2,-0.6243032331222367,2.5265211918999446,FF,hit_into_play,Swing
2022,Post-Statcast (2022 MVP),7,1,1,-0.7883996896206047,2.150446884067235,FF,called_strike,Take (Called Strike)
2022,Post-Statcast (2022 MVP),6,3,2,0.4718435966564347,2.678222979698808,FF,foul,Swing
2022,Post-Statcast (2022 MVP),6,3,2,0.34342975633520445,2.352017524164258,FF,foul,Swing
2022,Post-Statcast (2022 MVP),8,2,1,-0.01993495812357415,1.5890421421408505,ST,called_strike,Take (Called Strike)
2022,Post-Statcast (2022 MVP),9,3,1,0.6427234362389174,2.1535882491625085,FF,called_strike,Take (Called Strike)
2022,Post-Statcast (2022 MVP),9,3,1,0.42937905393978715,1.993079766498898,ST,foul,Swing
2022,Post-Statcast (2022 MVP),9,3,1,0.7411163062311752,2.216479206153491,ST,called_strike,Take (Called Strike)
2022,Post-Statcast (2022 MVP),9,3,1,0.8258266426152447,1.8894694586652017,ST,called_strike,Take (Called Strike)
2022,Post-Statcast (2022 MVP),3,3,3,0.5470772997007857,3.1517802214423485,FC,hit_into_play,Swing
2022,Post-Statcast (2022 MVP),4,1,2,-0.3814050270432856,2.454261906654151,SI,called_strike,Take (Called Strike)
2022,Post-Statcast (2022 MVP),2,2,3,-0.18574410453825996,3.162733200355774,SI,hit_into_play,Swing
2022,Post-Statcast (2022 MVP),9,3,1,0.7846550252269122,1.682785056751981,SL,called_strike,Take (Called Strike)
2022,Post-Statcast (2022 MVP),9,3,1,0.5733871118933955,1.8551785015037727,FC,called_strike,Take (Called Strike)
2022,Post-Statcast (2022 MVP),1,1,3,-0.7595118887754208,3.039296299791941,SI,hit_into_play,Swing
2022,Post-Statcast (2022 MVP),6,3,2,0.5982646915116288,2.808594502115665,FF,foul,Swing
2022,Post-Statcast (2022 MVP),6,3,2,0.6338221447925053,2.4162642822515785,KC,hit_into_play,Swing
2022,Post-Statcast (2022 MVP),4,1,2,-0.5537714415007821,2.5228605050743522,KC,called_strike,Take (Called Strike)
2022,Post-Statcast (2022 MVP),9,3,1,0.6199073183423321,1.6386176534693475,CU,swinging_strike,Swing
2022,Post-Statcast (2022 MVP),4,1,2,-0.33579574492883696,2.563859880806347,FC,foul,Swing
2022,Post-Statcast (2022 MVP),9,3,1,0.2905943095256991,1.6135846059878167,FC,swinging_strike,Swing
2022,Post-Statcast (2022 MVP),3,3,3,0.6801112888102039,3.1768608595384165,FF,ball,Take (Called Strike)
2022,Post-Statcast (2022 MVP),1,1,3,-0.5221450458399595,3.235153206243724,SI,hit_into_play,Swing
2022,Post-Statcast (2022 MVP),4,1,2,-0.7609594510538109,2.651521709244242,SI,hit_into_play,Swing
2022,Post-Statcast (2022 MVP),5,2,2,0.20816117163460068,2.5037459381642506,FF,foul,Swing
2022,Post-Statcast (2022 MVP),4,1,2,-0.6204104261527488,2.7086326455496863,FF,foul,Swing
2022,Post-Statcast (2022 MVP),4,1,2,-0.5052235777231833,2.761842375836812,FF,foul,Swing
2022,Post-Statcast (2022 MVP),3,3,3,0.3239039913442757,3.5780814258957134,FF,ball,Take (Called Strike)
2022,Post-Statcast (2022 MVP),5,2,2,-0.2071617622414324,2.2555851722815747,FF,swinging_strike,Swing
2022,Post-Statcast (2022 MVP),5,2,2,-0.1701142514697872,2.257551570136598,FF,swinging_strike,Swing
2022,Post-Statcast (2022 MVP),9,3,1,0.5796308164762269,1.7765317699778898,SL,hit_into_play,Swing
2022,Post-Statcast (2022 MVP),9,3,1,0.6260542264895196,1.8091698635364335,SL,swinging_strike,Swing
2022,Post-Statcast (2022 MVP),1,1,3,-0.3602439321402236,3.170189344876992,SL,called_strike,Take (Called Strike)
2022,Post-Statcast (2022 MVP),5,2,2,-0.23935033200054345,2.631711824638898,FF,hit_into_play,Swing
2022,Post-Statcast (2022 MVP),9,3,1,0.5504958807834287,2.019575115256207,SL,foul_tip,Swing
2022,Post-Statcast (2022 MVP),5,2,2,0.03836192615995126,2.3935410155427403,CU,swinging_strike,Swing
2022,Post-Statcast (2022 MVP),6,3,2,0.6736799590982836,2.31054372833691,SI,called_strike,Take (Called Strike)
2022,Post-Statcast (2022 MVP),2,2,3,0.07495253066636531,3.323518491141065,SI,hit_into_play,Swing
2022,Post-Statcast (2022 MVP),9,3,1,0.5240010128865807,1.7960813793270851,CU,swinging_strike,Swing
2022,Post-Statcast (2022 MVP),6,3,2,0.48550473656636206,2.577531164200062,SI,called_strike,Take (Called Strike)
2022,Post-Statcast (2022 MVP),5,2,2,0.13665370589537162,2.490160445495813,FF,swinging_strike,Swing
2022,Post-Statcast (2022 MVP),9,3,1,0.6049088634950632,1.8405117822009456,FF,called_strike,Take (Called Strike)
2022,Post-Statcast (2022 MVP),9,3,1,0.278150210644126,1.584880979281491,CU,called_strike,Take (Called Strike)
2022,Post-Statcast (2022 MVP),5,2,2,-0.16197453244130838,2.917716792446361,FF,hit_into_play,Swing
2022,Post-Statcast (2022 MVP),5,2,2,0.13980263435016413,2.3271889319788435,CU,hit_into_play,Swing
2022,Post-Statcast (2022 MVP),5,2,2,0.2227388002011401,2.240786906458435,CU,called_strike,Take (Called Strike)
2022,Post-Statcast (2022 MVP),9,3,1,0.662346057489809,2.0804148137626375,KC,hit_into_play,Swing
2022,Post-Statcast (2022 MVP),6,3,2,0.537473419409306,2.66848127696689,KC,called_strike,Take (Called Strike)
2022,Post-Statcast (2022 MVP),4,1,2,-0.7153309365898124,2.550679625387191,SI,called_strike,Take (Called Strike)
2022,Post-Statcast (2022 MVP),8,2,1,0.17562501349734871,2.001247123690689,FF,foul_tip,Swing
2022,Post-Statcast (2022 MVP),3,3,3,0.5897643086449441,3.309233414493515,CU,called_strike,Take (Called Strike)
2022,Post-Statcast (2022 MVP),6,3,2,0.33275118457155145,2.623756872555597,FC,hit_into_play,Swing
2022,Post-Statcast (2022 MVP),6,3,2,0.5626198893579399,2.3224799649286707,FC,called_strike,Take (Called Strike)
2022,Post-Statcast (2022 MVP),2,2,3,-0.09044442666457986,3.547223829417499,SI,ball,Take (Called Strike)
2022,Post-Statcast (2022 MVP),4,1,2,-0.307640121249922,2.3888710765211014,SL,called_strike,Take (Called Strike)
2022,Post-Statcast (2022 MVP),6,3,2,0.6049221395505804,2.6817537684579,SL,swinging_strike,Swing
2022,Post-Statcast (2022 MVP),5,2,2,-0.12155782110844054,2.5068083993782317,SL,called_strike,Take (Called Strike)
2022,Post-Statcast (2022 MVP),8,2,1,-0.1743918128715271,1.99535948879474,FC,hit_into_play,Swing
2022,Post-Statcast (2022 MVP),8,2,1,0.01226374171624444,1.865719459098121,FC,called_strike,Take (Called Strike)
2022,Post-Statcast (2022 MVP),2,2,3,0.18114128711764832,2.99804774940558,FF,called_strike,Take (Called Strike)
2022,Post-Statcast (2022 MVP),3,3,3,0.5982083406628609,3.2085544695573045,FF,hit_into_play,Swing
2022,Post-Statcast (2022 MVP),5,2,2,0.228529946068724,2.946220701682177,FF,swinging_strike,Swing
2022,Post-Statcast (2022 MVP),7,1,1,-0.450587267440955,1.5601565671409894,SI,foul,Swing
2022,Post-Statcast (2022 MVP),1,1,3,-0.6744535763247952,3.63804418016388,FF,ball,Take (Called Strike)
2022,Post-Statcast (2022 MVP),3,3,3,0.41229103639729353,3.507488078884038,FF,foul,Swing
2022,Post-Statcast (2022 MVP),4,1,2,-0.4032056318448492,2.625080192262317,FF,called_strike,Take (Called Strike)
2022,Post-Statcast (2022 MVP),9,3,1,0.7025175073008809,1.558882222098228,FF,ball,Take (Called Strike)
2022,Post-Statcast (2022 MVP),8,2,1,0.00159358631109807,2.238701443906277,SI,hit_into_play,Swing
2022,Post-Statcast (2022 MVP),2,2,3,-0.0512245790870105,3.5814338415790856,SI,ball,Take (Called Strike)
2022,Post-Statcast (2022 MVP),6,3,2,0.42836152634904223,2.2682148694941153,FC,foul,Swing
2022,Post-Statcast (2022 MVP),7,1,1,-0.27833148498891874,2.1650402190227966,FC,foul,Swing
2022,Post-Statcast (2022 MVP),4,1,2,-0.2791494156926511,2.4452003532456423,FC,foul,Swing
2022,Post-Statcast (2022 MVP),3,3,3,0.31265790606828553,3.522432791087241,FF,foul,Swing
2022,Post-Statcast (2022 MVP),6,3,2,0.3210698036452928,2.470603931540999,SL,foul,Swing
2022,Post-Statcast (2022 MVP),2,2,3,-0.1796680812884408,3.1892552348290635,FF,called_strike,Take (Called Strike)
2022,Post-Statcast (2022 MVP),8,2,1,0.2002774612252744,1.9569940698889403,FF,foul,Swing
2022,Post-Statcast (2022 MVP),4,1,2,-0.6501638839647197,2.3863616478571084,SI,foul,Swing
2022,Post-Statcast (2022 MVP),8,2,1,0.03461316438016737,1.932029827404821,CU,called_strike,Take (Called Strike)
2022,Post-Statcast (2022 MVP),9,3,1,0.6869723161933876,1.643472439878351,SL,swinging_strike,Swing
2022,Post-Statcast (2022 MVP),6,3,2,0.7948259515167309,2.310588242147417,SL,foul_tip,Swing
2022,Post-Statcast (2022 MVP),3,3,3,0.7464615429666377,2.990455593894631,SL,foul,Swing
2022,Post-Statcast (2022 MVP),6,3,2,0.7384970122738626,2.7920857264844248,FF,ball,Take (Called Strike)
2022,Post-Statcast (2022 MVP),4,1,2,-0.5194194119809352,2.8829161598595756,CU,hit_into_play,Swing
2022,Post-Statcast (2022 MVP),3,3,3,0.3771905194804493,3.384723625103332,FF,swinging_strike,Swing
2022,Post-Statcast (2022 MVP),5,2,2,-0.00811245227650159,2.7258413792763205,SI,called_strike,Take (Called Strike)
2022,Post-Statcast (2022 MVP),6,3,2,0.7955082165695633,2.339625677356521,SI,called_strike,Take (Called Strike)
2022,Post-Statcast (2022 MVP),7,1,1,-0.5277188055409652,1.8308208289078671,SI,foul,Swing
2022,Post-Statcast (2022 MVP),4,1,2,-0.6340890561090335,2.883580973590808,SI,hit_into_play,Swing
2022,Post-Statcast (2022 MVP),5,2,2,-0.2510322188231764,2.746280616230746,SI,foul,Swing
2022,Post-Statcast (2022 MVP),5,2,2,-0.16889657499640953,2.4335049172514243,SI,foul,Swing
2022,Post-Statcast (2022 MVP),5,2,2,0.06344525854417249,2.612182430028031,SI,hit_into_play,Swing
2022,Post-Statcast (2022 MVP),5,2,2,0.2282157352937733,2.837347416562071,SI,swinging_strike,Swing
2022,Post-Statcast (2022 MVP),4,1,2,-0.42129032409595846,2.2659459118385445,SI,foul,Swing
2022,Post-Statcast (2022 MVP),7,1,1,-0.3032256515420464,1.6725762016383658,SI,foul,Swing
2022,Post-Statcast (2022 MVP),8,2,1,0.12765566744749357,1.5449998687851356,SI,called_strike,Take (Called Strike)
2022,Post-Statcast (2022 MVP),8,2,1,-0.02922910728962235,1.6866668200644468,ST,foul,Swing
2022,Post-Statcast (2022 MVP),2,2,3,0.15733756803617494,3.254899081468637,FF,foul,Swing
2022,Post-Statcast (2022 MVP),6,3,2,0.3893817084274021,2.3051572842689803,SI,foul,Swing
2022,Post-Statcast (2022 MVP),8,2,1,0.02640858305015864,2.132821689378397,ST,called_strike,Take (Called Strike)
2022,Post-Statcast (2022 MVP),7,1,1,-0.385640322878135,1.82372067726293,ST,swinging_strike,Swing
2022,Post-Statcast (2022 MVP),7,1,1,-0.4881759502227133,1.8907886501716331,SI,swinging_strike,Swing
2022,Post-Statcast (2022 MVP),5,2,2,-0.19868249154262807,2.214645440163841,SL,foul,Swing
2022,Post-Statcast (2022 MVP),2,2,3,0.16762674109519038,3.1451113706050053,SL,called_strike,Take (Called Strike)
2022,Post-Statcast (2022 MVP),8,2,1,0.0916533116607971,2.0209227380365333,FF,hit_into_play,Swing
2022,Post-Statcast (2022 MVP),6,3,2,0.3767615386536042,2.4275663579913185,FF,foul,Swing
2022,Post-Statcast (2022 MVP),8,2,1,0.10861171482665832,1.8527837315058204,CH,foul,Swing
2022,Post-Statcast (2022 MVP),2,2,3,0.21294259900345247,3.143824075381027,CU,hit_into_play,Swing
2022,Post-Statcast (2022 MVP),5,2,2,-0.09211530100337484,2.9917923047557196,SI,called_strike,Take (Called Strike)
2022,Post-Statcast (2022 MVP),5,2,2,-0.01457252154054394,2.949817265673138,CU,called_strike,Take (Called Strike)
2022,Post-Statcast (2022 MVP),2,2,3,-0.11491360222585588,3.5886607519444502,FC,hit_into_play,Swing
2022,Post-Statcast (2022 MVP),5,2,2,-0.2078847393750636,2.723376181555857,CH,hit_into_play,Swing
2022,Post-Statcast (2022 MVP),5,2,2,-0.10846125349541214,2.202801705320662,SI,called_strike,Take (Called Strike)
2022,Post-Statcast (2022 MVP),5,2,2,0.02059686730570376,2.3054657346497556,SL,swinging_strike,Swing
2022,Post-Statcast (2022 MVP),4,1,2,-0.5701631430348741,2.369586512226014,SL,foul,Swing
2022,Post-Statcast (2022 MVP),2,2,3,-0.21082298403485988,3.104835221514809,SL,called_strike,Take (Called Strike)
2022,Post-Statcast (2022 MVP),8,2,1,0.252398284632894,2.154140918171468,KC,hit_into_play,Swing
2022,Post-Statcast (2022 MVP),9,3,1,0.5615702378610848,1.9444999103925111,SL,foul,Swing
2022,Post-Statcast (2022 MVP),4,1,2,-0.6159752203090525,2.879617410762649,SI,foul,Swing
2022,Post-Statcast (2022 MVP),8,2,1,-0.1680145815989984,1.9507946822601965,SL,called_strike,Take (Called Strike)
2022,Post-Statcast (2022 MVP),8,2,1,-0.17306697331198728,1.8028520958378895,FF,hit_into_play,Swing
2022,Post-Statcast (2022 MVP),3,3,3,0.6090490694722698,3.414502804297011,FF,foul_tip,Swing
2022,Post-Statcast (2022 MVP),3,3,3,0.5912153588798167,3.095649708290736,FF,called_strike,Take (Called Strike)
2022,Post-Statcast (2022 MVP),6,3,2,0.32398892360073783,2.8782914186609747,SI,hit_into_play,Swing
2022,Post-Statcast (2022 MVP),8,2,1,0.1372709638716948,1.6616780127014523,CU,hit_into_play,Swing
2022,Post-Statcast (2022 MVP),5,2,2,0.2733041175523224,2.4407708416587446,FF,called_strike,Take (Called Strike)
2022,Post-Statcast (2022 MVP),8,2,1,0.24397090850790393,2.0186760937219694,CH,hit_into_play,Swing
2022,Post-Statcast (2022 MVP),8,2,1,0.24397908216828124,1.9846547117476647,CH,foul_tip,Swing
2022,Post-Statcast (2022 MVP),4,1,2,-0.6567074418250799,2.703179623480486,SI,hit_into_play,Swing
2022,Post-Statcast (2022 MVP),4,1,2,-0.43900562262993104,2.3466704576748247,CU,called_strike,Take (Called Strike)
2022,Post-Statcast (2022 MVP),2,2,3,-0.02997399751523286,3.2661963884466503,FC,hit_into_play,Swing
2022,Post-Statcast (2022 MVP),9,3,1,0.3842055194045879,1.719604901024392,ST,called_strike,Take (Called Strike)
2022,Post-Statcast (2022 MVP),8,2,1,-0.02551517572138084,1.9688267793822056,SL,hit_into_play,Swing
2022,Post-Statcast (2022 MVP),3,3,3,0.767962446422815,3.580391058239898,FF,ball,Take (Called Strike)
2022,Post-Statcast (2022 MVP),8,2,1,-0.05983508522537695,1.9887177312864808,SL,swinging_strike,Swing
2022,Post-Statcast (2022 MVP),5,2,2,-0.07234907437041516,2.6359251972277704,FF,called_strike,Take (Called Strike)
2022,Post-Statcast (2022 MVP),6,3,2,0.7824401553917352,2.3235139089447623,SL,called_strike,Take (Called Strike)
2022,Post-Statcast (2022 MVP),3,3,3,0.33892421751789126,3.170975976375931,FF,foul,Swing
2022,Post-Statcast (2022 MVP),2,2,3,0.2204096216299376,3.0592231581777085,FC,hit_into_play,Swing
2022,Post-Statcast (2022 MVP),3,3,3,0.37581642215944794,3.076657097108992,FC,swinging_strike,Swing
2022,Post-Statcast (2022 MVP),6,3,2,0.33197064895007894,2.682060796820319,FC,foul_tip,Swing
2022,Post-Statcast (2022 MVP),3,3,3,0.7785147331867972,3.306010569429702,FC,swinging_strike,Swing
2022,Post-Statcast (2022 MVP),9,3,1,0.6944809854961843,2.041086674680848,FC,foul,Swing
2022,Post-Statcast (2022 MVP),9,3,1,0.6635489204130606,2.205407943484768,FC,foul,Swing
2022,Post-Statcast (2022 MVP),9,3,1,0.820656149058741,1.9711993204866085,FC,swinging_strike,Swing
2022,Post-Statcast (2022 MVP),4,1,2,-0.38512898632553205,2.7903999589266135,FF,hit_into_play,Swing
2022,Post-Statcast (2022 MVP),9,3,1,0.3843574495894944,2.000488716442503,SL,foul,Swing
2022,Post-Statcast (2022 MVP),8,2,1,-0.03666853367142198,1.8995943344010875,FF,called_strike,Take (Called Strike)
2022,Post-Statcast (2022 MVP),5,2,2,-0.16636028365692068,2.520125361391819,FF,hit_into_play,Swing
2022,Post-Statcast (2022 MVP),9,3,1,0.6153145029329576,1.90186631026561,FF,called_strike,Take (Called Strike)
2022,Post-Statcast (2022 MVP),8,2,1,-0.11143724590096382,2.06445582634849,ST,called_strike,Take (Called Strike)
2022,Post-Statcast (2022 MVP),5,2,2,0.06209951391770141,2.831285900803425,FF,foul,Swing
2022,Post-Statcast (2022 MVP),9,3,1,0.7396922136608546,1.7032753572410244,FF,ball,Take (Called Strike)
2022,Post-Statcast (2022 MVP),8,2,1,-0.07828564300553686,2.068056301135954,CH,foul,Swing
2022,Post-Statcast (2022 MVP),4,1,2,-0.6485925617874118,2.4961670315847666,FF,foul,Swing
2022,Post-Statcast (2022 MVP),5,2,2,0.14087104685735352,2.308394565188099,FF,called_strike,Take (Called Strike)
2022,Post-Statcast (2022 MVP),7,1,1,-0.3467091109527214,2.1428697652848823,FF,called_strike,Take (Called Strike)
2022,Post-Statcast (2022 MVP),8,2,1,-0.25418610198062086,1.7749841693190174,CH,hit_into_play,Swing
2022,Post-Statcast (2022 MVP),6,3,2,0.2799280870192715,2.5033981541741985,FF,foul,Swing
2022,Post-Statcast (2022 MVP),9,3,1,0.3558819839346812,2.2110572949938936,ST,called_strike,Take (Called Strike)
2022,Post-Statcast (2022 MVP),6,3,2,0.336457361793123,2.7729761899363754,SL,hit_into_play,Swing
2022,Post-Statcast (2022 MVP),3,3,3,0.6393073146187036,3.009127455009204,FC,foul,Swing
2022,Post-Statcast (2022 MVP),9,3,1,0.616816353393465,1.7667863016394154,KC,ball,Take (Called Strike)
2022,Post-Statcast (2022 MVP),6,3,2,0.29175970204973223,2.2927307943786657,SL,swinging_strike,Swing
2022,Post-Statcast (2022 MVP),2,2,3,0.14259979690556351,3.4497721322016037,FF,hit_into_play,Swing
2022,Post-Statcast (2022 MVP),6,3,2,0.5663178073639735,2.845689548732631,CH,called_strike,Take (Called Strike)
2022,Post-Statcast (2022 MVP),2,2,3,-0.2512029175373051,3.5253227591294816,FF,hit_into_play,Swing
2022,Post-Statcast (2022 MVP),9,3,1,0.6503842568578071,2.1727638702005576,FC,foul,Swing
2022,Post-Statcast (2022 MVP),8,2,1,-0.03259665403575882,1.7832967302870033,FC,called_strike,Take (Called Strike)
2022,Post-Statcast (2022 MVP),8,2,1,0.18655881518222617,2.1252693240122893,SI,called_strike,Take (Called Strike)
2022,Post-Statcast (2022 MVP),4,1,2,-0.4859631961625805,2.325202738996567,CH,swinging_strike,Swing
2022,Post-Statcast (2022 MVP),8,2,1,0.08090185081363455,1.9493700430958725,SL,foul,Swing
2022,Post-Statcast (2022 MVP),4,1,2,-0.6528305303516824,2.3953920728109765,FF,hit_into_play,Swing
2022,Post-Statcast (2022 MVP),2,2,3,-0.19936618053924585,3.132687253353371,FF,foul,Swing
2022,Post-Statcast (2022 MVP),5,2,2,0.21135611147908895,2.558261581214512,FF,called_strike,Take (Called Strike)
2022,Post-Statcast (2022 MVP),6,3,2,0.7554051554632023,2.4706068837195234,SL,swinging_strike,Swing
2022,Post-Statcast (2022 MVP),6,3,2,0.5605873907031654,2.8312855130193206,FF,hit_into_play,Swing
2022,Post-Statcast (2022 MVP),2,2,3,0.04351595981472256,3.239365409090532,SL,called_strike,Take (Called Strike)
2022,Post-Statcast (2022 MVP),9,3,1,0.6519915797427556,1.7628413870572088,CU,hit_into_play,Swing
2022,Post-Statcast (2022 MVP),6,3,2,0.6597799890951561,2.8314003159790015,SL,called_strike,Take (Called Strike)
2022,Post-Statcast (2022 MVP),9,3,1,0.4058927574214325,1.9825823938150953,FS,hit_into_play,Swing
2022,Post-Statcast (2022 MVP),8,2,1,-0.04721118776183775,1.886439634301012,FF,called_strike,Take (Called Strike)
2022,Post-Statcast (2022 MVP),7,1,1,-0.48802495666044976,2.157320016350706,SI,hit_into_play,Swing
2022,Post-Statcast (2022 MVP),9,3,1,0.3131723670691467,1.826362677475944,FF,foul,Swing
2022,Post-Statcast (2022 MVP),6,3,2,0.3511348549424162,2.5190826329320677,SL,foul,Swing
2022,Post-Statcast (2022 MVP),7,1,1,-0.7131717654005609,2.0351006844187687,SI,foul,Swing
2022,Post-Statcast (2022 MVP),1,1,3,-0.455089413509689,2.988391337008802,SI,called_strike,Take (Called Strike)
2022,Post-Statcast (2022 MVP),3,3,3,0.34513712236870997,3.618300682070924,FF,ball,Take (Called Strike)
2022,Post-Statcast (2022 MVP),6,3,2,0.8094140346756593,2.427162595600997,FF,called_strike,Take (Called Strike)
2022,Post-Statcast (2022 MVP),8,2,1,0.21058149003218296,1.9312947316206204,FF,foul_tip,Swing
2022,Post-Statcast (2022 MVP),9,3,1,0.6428855554372692,1.9785884408058376,SL,hit_into_play,Swing
2022,Post-Statcast (2022 MVP),3,3,3,0.6348129335233292,3.0696911572633296,SI,called_strike,Take (Called Strike)
2022,Post-Statcast (2022 MVP),9,3,1,0.5079182524663461,2.0877391107271728,SL,foul,Swing
2022,Post-Statcast (2022 MVP),8,2,1,0.26071561409028154,1.92529808228398,SI,hit_into_play,Swing
2022,Post-Statcast (2022 MVP),6,3,2,0.29043183017781576,2.5781896675776816,SL,foul,Swing
2022,Post-Statcast (2022 MVP),8,2,1,-0.07835847784612504,2.167391249316206,SI,foul,Swing
2022,Post-Statcast (2022 MVP),5,2,2,-0.19426413227074435,2.553533014038689,SI,swinging_strike,Swing
2022,Post-Statcast (2022 MVP),7,1,1,-0.4343608569734565,1.8061930559560249,SI,hit_into_play,Swing
2022,Post-Statcast (2022 MVP),8,2,1,0.14932116725788624,1.8740292904441849,CU,called_strike,Take (Called Strike)
2022,Post-Statcast (2022 MVP),8,2,1,-0.1669816728262843,2.109761666179195,CH,hit_into_play,Swing
2022,Post-Statcast (2022 MVP),8,2,1,0.2344148601492866,2.0526892346511953,SI,foul,Swing
2022,Post-Statcast (2022 MVP),8,2,1,0.27310408367836814,1.805453552622408,SL,hit_into_play,Swing
2022,Post-Statcast (2022 MVP),2,2,3,-0.06092659875017681,2.8892405307561213,SI,hit_into_play,Swing
2022,Post-Statcast (2022 MVP),6,3,2,0.6019826118925374,2.382921630348892,SL,swinging_strike,Swing
2022,Post-Statcast (2022 MVP),8,2,1,-0.07470873602741601,1.8038484457523825,SL,hit_into_play,Swing
2022,Post-Statcast (2022 MVP),8,2,1,-0.22908957977479627,1.6408326752442346,FF,called_strike,Take (Called Strike)
2022,Post-Statcast (2022 MVP),8,2,1,-0.14532269046514634,1.952579977868592,SI,called_strike,Take (Called Strike)
2022,Post-Statcast (2022 MVP),8,2,1,0.12448249990411207,2.041077333462326,CH,called_strike,Take (Called Strike)
2022,Post-Statcast (2022 MVP),3,3,3,0.30879396901854583,3.1012311886077586,FF,called_strike,Take (Called Strike)
2022,Post-Statcast (2022 MVP),6,3,2,0.33363765995272265,2.550533489273893,CU,hit_into_play,Swing
2022,Post-Statcast (2022 MVP),6,3,2,0.6301362806252913,2.800924227186379,FF,called_strike,Take (Called Strike)
2022,Post-Statcast (2022 MVP),5,2,2,-0.2574205974970407,2.318813631095762,SI,hit_into_play,Swing
2022,Post-Statcast (2022 MVP),2,2,3,-0.16642324310101597,2.951363715825755,SI,hit_into_play,Swing
2022,Post-Statcast (2022 MVP),9,3,1,0.4328956994540474,2.3432819587716702,SI,called_strike,Take (Called Strike)
2022,Post-Statcast (2022 MVP),5,2,2,-0.23413998181736295,2.8864433489793964,FF,called_strike,Take (Called Strike)
2022,Post-Statcast (2022 MVP),1,1,3,-0.6099632563913806,3.4810971579132337,SI,called_strike,Take (Called Strike)
2022,Post-Statcast (2022 MVP),4,1,2,-0.5061319493060847,2.4615694154219687,FF,hit_into_play,Swing
2022,Post-Statcast (2022 MVP),2,2,3,0.1575410823709927,3.2899274817127555,FF,foul,Swing
2022,Post-Statcast (2022 MVP),2,2,3,0.14268764813062915,3.4947587545751184,FF,hit_into_play,Swing
2022,Post-Statcast (2022 MVP),7,1,1,-0.3896190013582187,1.726150527847408,SL,foul,Swing
2022,Post-Statcast (2022 MVP),6,3,2,0.48368099863433023,2.3615654127004992,SL,foul,Swing
2022,Post-Statcast (2022 MVP),8,2,1,0.23864689247203943,2.0123352194185844,SL,called_strike,Take (Called Strike)
2022,Post-Statcast (2022 MVP),5,2,2,-0.16327977344583133,2.873823431843713,FF,swinging_strike,Swing
2022,Post-Statcast (2022 MVP),8,2,1,0.07705480943541632,1.5994185799449174,SL,foul,Swing
2022,Post-Statcast (2022 MVP),7,1,1,-0.5167305647822475,2.0568983859765764,FF,foul,Swing
2022,Post-Statcast (2022 MVP),6,3,2,0.3781954771964268,2.5200267258608338,SL,called_strike,Take (Called Strike)
2022,Post-Statcast (2022 MVP),7,1,1,-0.4082004646730174,1.9581839904429936,SL,foul,Swing
2022,Post-Statcast (2022 MVP),6,3,2,0.8001754114667743,2.252182114538777,FF,foul,Swing
2022,Post-Statcast (2022 MVP),9,3,1,0.7613596035734533,1.845007663366728,SL,called_strike,Take (Called Strike)
2022,Post-Statcast (2022 MVP),5,2,2,0.01995440807001869,2.666859790128652,FF,hit_into_play,Swing
2022,Post-Statcast (2022 MVP),4,1,2,-0.38323444793755135,2.3761078588871043,CH,hit_into_play,Swing
2022,Post-Statcast (2022 MVP),3,3,3,0.5099153610183949,2.968408871120777,SL,hit_into_play,Swing
2022,Post-Statcast (2022 MVP),1,1,3,-0.6089570030449452,3.315167368598045,CH,called_strike,Take (Called Strike)
2022,Post-Statcast (2022 MVP),5,2,2,0.150308761089903,2.530309007287789,SI,foul_tip,Swing
2022,Post-Statcast (2022 MVP),5,2,2,-0.08013462895522716,2.7425633373980647,FF,hit_into_play,Swing
2022,Post-Statcast (2022 MVP),9,3,1,0.535158713055689,1.923648638122731,SL,called_strike,Take (Called Strike)
2022,Post-Statcast (2022 MVP),5,2,2,-0.07667544523887737,2.23620615967207,FF,called_strike,Take (Called Strike)
2022,Post-Statcast (2022 MVP),6,3,2,0.4700825473754919,2.3230880969194367,SL,called_strike,Take (Called Strike)
2022,Post-Statcast (2022 MVP),2,2,3,-0.2194582584054973,3.0357961522794588,FF,hit_into_play,Swing
2022,Post-Statcast (2022 MVP),4,1,2,-0.6850616251590453,2.33567650460795,FF,swinging_strike,Swing
2022,Post-Statcast (2022 MVP),1,1,3,-0.3624114222651783,3.0765944196936235,FF,foul,Swing
2022,Post-Statcast (2022 MVP),3,3,3,0.4446129814099413,3.3440300005638046,FF,called_strike,Take (Called Strike)
2022,Post-Statcast (2022 MVP),2,2,3,0.09910733532632932,2.9525887304298815,FF,swinging_strike,Swing
2022,Post-Statcast (2022 MVP),9,3,1,0.6317502738647347,1.9837934805761557,CU,called_strike,Take (Called Strike)
2022,Post-Statcast (2022 MVP),2,2,3,-0.2524081366985941,3.036310043405596,FF,foul,Swing
2022,Post-Statcast (2022 MVP),2,2,3,-0.23074465791048435,3.1011937610324303,FC,hit_into_play,Swing
2022,Post-Statcast (2022 MVP),7,1,1,-0.27756224613782,1.5026074509007763,CU,called_strike,Take (Called Strike)
2022,Post-Statcast (2022 MVP),6,3,2,0.5901051909746207,2.2460302862843964,SI,called_strike,Take (Called Strike)
2022,Post-Statcast (2022 MVP),5,2,2,-0.08791090111902666,2.858337267664053,CU,called_strike,Take (Called Strike)
2022,Post-Statcast (2022 MVP),8,2,1,-0.06742956561487899,2.041952866975998,FC,hit_into_play,Swing
2022,Post-Statcast (2022 MVP),8,2,1,-0.1539974716497654,1.947862338495665,SI,called_strike,Take (Called Strike)
2022,Post-Statcast (2022 MVP),8,2,1,-0.2436209646061338,1.625337295982146,CH,hit_into_play,Swing
2022,Post-Statcast (2022 MVP),9,3,1,0.7889412782634964,1.9633957406014924,CH,foul,Swing
2022,Post-Statcast (2022 MVP),2,2,3,-0.1024765557907764,3.440277397708593,SL,called_strike,Take (Called Strike)
2022,Post-Statcast (2022 MVP),6,3,2,0.7066680671880224,2.5875747284907056,SL,hit_into_play,Swing
2022,Post-Statcast (2022 MVP),5,2,2,-0.22157687411923133,2.4224653536123135,FF,called_strike,Take (Called Strike)
2022,Post-Statcast (2022 MVP),1,1,3,-0.6958897963077674,3.4979600226648477,FF,hit_into_play,Swing
2022,Post-Statcast (2022 MVP),1,1,3,-0.29892839970043017,3.258986188291575,SL,hit_into_play,Swing
2022,Post-Statcast (2022 MVP),5,2,2,0.03397073787736895,2.387563229121125,FF,hit_into_play,Swing
2022,Post-Statcast (2022 MVP),4,1,2,-0.7736287925813539,2.2467846957321767,FF,called_strike,Take (Called Strike)
2022,Post-Statcast (2022 MVP),7,1,1,-0.4522699462307536,2.1098778354845935,FF,hit_into_play,Swing
2022,Post-Statcast (2022 MVP),9,3,1,0.396260849684482,1.883094993714561,FF,hit_into_play,Swing
2022,Post-Statcast (2022 MVP),5,2,2,-0.24041123093572653,2.326161711356338,FF,called_strike,Take (Called Strike)
2022,Post-Statcast (2022 MVP),2,2,3,-0.13041680277608672,3.41767764475306,FF,called_strike,Take (Called Strike)
2022,Post-Statcast (2022 MVP),8,2,1,-0.25846858998410993,2.056759775341783,ST,foul,Swing
2022,Post-Statcast (2022 MVP),7,1,1,-0.4300272029104638,1.5855211374892295,FF,called_strike,Take (Called Strike)
2022,Post-Statcast (2022 MVP),1,1,3,-0.32468024003984236,3.2132765691967338,FF,hit_into_play,Swing
2022,Post-Statcast (2022 MVP),8,2,1,0.03142033168261959,2.219855535418106,SI,hit_into_play,Swing
2022,Post-Statcast (2022 MVP),2,2,3,-0.11643965664421696,3.436294852203601,SI,called_strike,Take (Called Strike)
2022,Post-Statcast (2022 MVP),3,3,3,0.40743983457826466,3.15990646733852,FC,hit_into_play,Swing
2022,Post-Statcast (2022 MVP),6,3,2,0.3768368812364266,2.274498076724986,SL,foul,Swing
2022,Post-Statcast (2022 MVP),2,2,3,0.27215377161975385,2.9679258432626985,SL,foul,Swing
2022,Post-Statcast (2022 MVP),3,3,3,0.6611646215327679,3.272969468688908,FC,called_strike,Take (Called Strike)
2022,Post-Statcast (2022 MVP),8,2,1,0.14899889656958604,1.6593420331963675,SL,called_strike,Take (Called Strike)
2022,Post-Statcast (2022 MVP),2,2,3,-0.00407954229972573,3.2490722170905975,SI,called_strike,Take (Called Strike)
2022,Post-Statcast (2022 MVP),6,3,2,0.751812848896757,2.4403502586678,FF,swinging_strike,Swing
2022,Post-Statcast (2022 MVP),9,3,1,0.7716435448989747,1.7584327122883552,FF,ball,Take (Called Strike)
2022,Post-Statcast (2022 MVP),2,2,3,-0.05728634393134368,3.1861603801464793,FC,foul_tip,Swing
2022,Post-Statcast (2022 MVP),8,2,1,-0.17890098714910346,1.973359947772548,SL,hit_into_play,Swing
2022,Post-Statcast (2022 MVP),3,3,3,0.4128089970305479,2.9514724829729206,FC,swinging_strike,Swing
2022,Post-Statcast (2022 MVP),3,3,3,0.4768102657776401,2.819924139960727,SL,called_strike,Take (Called Strike)
2022,Post-Statcast (2022 MVP),8,2,1,-0.08608673157319474,1.9583319384450424,FC,foul,Swing
2022,Post-Statcast (2022 MVP),8,2,1,0.09573200604055764,1.6108642226888463,SL,called_strike,Take (Called Strike)
2022,Post-Statcast (2022 MVP),9,3,1,0.8280807819347695,2.0364273608278025,SV,foul,Swing
2022,Post-Statcast (2022 MVP),6,3,2,0.5590914226022168,2.635401552960265,SI,foul,Swing
2022,Post-Statcast (2022 MVP),1,1,3,-0.727916838446167,3.5557748609994984,SV,ball,Take (Called Strike)
2022,Post-Statcast (2022 MVP),7,1,1,-0.5331882942719399,1.8810631992853089,SV,called_strike,Take (Called Strike)
2022,Post-Statcast (2022 MVP),9,3,1,0.3240595570419927,2.0552393986456727,FS,called_strike,Take (Called Strike)
2022,Post-Statcast (2022 MVP),9,3,1,0.5518066562007583,1.862008761751264,SL,foul,Swing
2022,Post-Statcast (2022 MVP),9,3,1,0.6806496910641133,1.7952603833581264,SL,called_strike,Take (Called Strike)
2022,Post-Statcast (2022 MVP),2,2,3,0.0081322771016683,3.3463623234576487,FF,called_strike,Take (Called Strike)
2022,Post-Statcast (2022 MVP),7,1,1,-0.5034706196432361,1.678300407376518,FS,hit_into_play,Swing
2022,Post-Statcast (2022 MVP),5,2,2,-0.1330522246638126,2.698479549639929,SL,foul,Swing
2022,Post-Statcast (2022 MVP),5,2,2,0.07176677015699484,2.7176489319182298,SL,foul,Swing
2022,Post-Statcast (2022 MVP),5,2,2,0.1904146294347986,2.454320759871928,SV,hit_into_play,Swing
2022,Post-Statcast (2022 MVP),6,3,2,0.3601442536353512,2.524553463333967,SI,swinging_strike,Swing
2022,Post-Statcast (2022 MVP),4,1,2,-0.488489078515416,2.4665294308984347,FF,hit_into_play,Swing
2022,Post-Statcast (2022 MVP),1,1,3,-0.5974151651398005,3.626572306775373,SI,swinging_strike,Swing
2022,Post-Statcast (2022 MVP),5,2,2,0.12948546032978836,2.242397995636111,SI,called_strike,Take (Called Strike)
2022,Post-Statcast (2022 MVP),6,3,2,0.8051740303663167,2.247237276009002,FF,called_strike,Take (Called Strike)
2022,Post-Statcast (2022 MVP),5,2,2,0.1946931856288947,2.8003217760557204,FF,foul,Swing
2022,Post-Statcast (2022 MVP),5,2,2,0.19412690277962036,2.2336633434738364,SL,called_strike,Take (Called Strike)
2022,Post-Statcast (2022 MVP),9,3,1,0.6035080512050096,1.9132223131316928,ST,called_strike,Take (Called Strike)
2022,Post-Statcast (2022 MVP),7,1,1,-0.7441792913761711,1.8761005106462203,SI,foul,Swing
2022,Post-Statcast (2022 MVP),7,1,1,-0.3304781768635922,2.1263880088199336,FC,hit_into_play,Swing
2022,Post-Statcast (2022 MVP),8,2,1,-0.26107930606510643,1.8401718063089367,ST,called_strike,Take (Called Strike)
2022,Post-Statcast (2022 MVP),8,2,1,-0.1870232626498768,2.0540275940676005,FF,foul,Swing
2022,Post-Statcast (2022 MVP),6,3,2,0.4229690866889738,2.362360144051075,CU,foul,Swing
2022,Post-Statcast (2022 MVP),2,2,3,-0.14437760027098306,3.316841044236362,FC,called_strike,Take (Called Strike)
2022,Post-Statcast (2022 MVP),5,2,2,0.06489754244291968,2.4583065885956508,FF,hit_into_play,Swing
2022,Post-Statcast (2022 MVP),1,1,3,-0.5112162007217138,3.126538110215126,SI,swinging_strike,Swing
2022,Post-Statcast (2022 MVP),7,1,1,-0.4931049413174412,1.7390251461945645,FF,called_strike,Take (Called Strike)
2022,Post-Statcast (2022 MVP),9,3,1,0.4129608373519085,1.6086692049512092,SL,ball,Take (Called Strike)
2022,Post-Statcast (2022 MVP),6,3,2,0.8075133913746562,2.756553381476619,CU,called_strike,Take (Called Strike)
2022,Post-Statcast (2022 MVP),9,3,1,0.771330015427908,1.846097236525036,ST,called_strike,Take (Called Strike)
2022,Post-Statcast (2022 MVP),2,2,3,-0.221167997351418,3.56344663006067,SL,called_strike,Take (Called Strike)
2022,Post-Statcast (2022 MVP),9,3,1,0.3933657069827664,1.575411060919016,ST,swinging_strike,Swing
2022,Post-Statcast (2022 MVP),6,3,2,0.5186354322175819,2.55825775821783,FF,foul,Swing
2022,Post-Statcast (2022 MVP),4,1,2,-0.5306949382731323,2.4263546626954566,CU,hit_into_play,Swing
2022,Post-Statcast (2022 MVP),9,3,1,0.7895747475408664,2.226939491005731,FF,called_strike,Take (Called Strike)
2022,Post-Statcast (2022 MVP),2,2,3,0.18574907874701624,3.3696078087539765,FF,hit_into_play,Swing
2022,Post-Statcast (2022 MVP),9,3,1,0.6631242113151565,2.015295931009173,FF,foul,Swing
2022,Post-Statcast (2022 MVP),9,3,1,0.3689838585275098,1.6257626236200209,FC,foul,Swing
2022,Post-Statcast (2022 MVP),6,3,2,0.7259933893053554,2.4037550824453517,ST,called_strike,Take (Called Strike)
2022,Post-Statcast (2022 MVP),5,2,2,-0.1573857800211565,2.4716508009804414,FC,hit_into_play,Swing
2022,Post-Statcast (2022 MVP),7,1,1,-0.6087326623287045,2.1012810662207846,SI,foul,Swing
2022,Post-Statcast (2022 MVP),6,3,2,0.576971494949453,2.335544524610006,FC,foul,Swing
2022,Post-Statcast (2022 MVP),9,3,1,0.5680197435587535,1.9759952915061776,SL,hit_into_play,Swing
2022,Post-Statcast (2022 MVP),6,3,2,0.47277319041260224,2.5839268343895405,FC,foul,Swing
2022,Post-Statcast (2022 MVP),9,3,1,0.5518289620451431,1.822602685276072,FC,foul,Swing
2022,Post-Statcast (2022 MVP),4,1,2,-0.6744221678919309,2.6736539604600567,SL,called_strike,Take (Called Strike)
2022,Post-Statcast (2022 MVP),3,3,3,0.7594712456845967,3.2056362580834534,FF,hit_into_play,Swing
2022,Post-Statcast (2022 MVP),3,3,3,0.6090549653013754,3.1903572502326316,FF,foul,Swing
2022,Post-Statcast (2022 MVP),8,2,1,0.22350413628560029,1.849218769531052,CH,called_strike,Take (Called Strike)
2022,Post-Statcast (2022 MVP),3,3,3,0.37603000318667906,3.233190609664489,FF,called_strike,Take (Called Strike)
2022,Post-Statcast (2022 MVP),7,1,1,-0.45024492599923954,1.829410506906061,SL,hit_into_play,Swing
2022,Post-Statcast (2022 MVP),7,1,1,-0.43764770900713823,1.7870027502016423,CU,called_strike,Take (Called Strike)
2022,Post-Statcast (2022 MVP),8,2,1,0.14683984064274447,1.9996007367275048,SI,hit_into_play,Swing
2022,Post-Statcast (2022 MVP),2,2,3,-0.15671750325970202,3.409089358096379,SI,called_strike,Take (Called Strike)
2022,Post-Statcast (2022 MVP),4,1,2,-0.5715638230908898,2.7187459348923335,SI,hit_into_play,Swing
2022,Post-Statcast (2022 MVP),2,2,3,-0.0741636720247616,2.9200123520305783,FF,hit_into_play,Swing
2022,Post-Statcast (2022 MVP),9,3,1,0.4285931187412262,1.6668730248777623,SI,called_strike,Take (Called Strike)
2022,Post-Statcast (2022 MVP),2,2,3,-0.02538818354107008,3.180879503756966,FF,called_strike,Take (Called Strike)
2022,Post-Statcast (2022 MVP),5,2,2,-0.10065414785383364,2.7802956996651123,FF,hit_into_play,Swing
2022,Post-Statcast (2022 MVP),6,3,2,0.30222551589837643,2.553188531474843,FF,swinging_strike,Swing
2022,Post-Statcast (2022 MVP),8,2,1,0.0644372065417802,1.8792023905639876,CH,swinging_strike,Swing
2022,Post-Statcast (2022 MVP),3,3,3,0.29852512927016733,3.035183122318436,FF,foul,Swing
2022,Post-Statcast (2022 MVP),2,2,3,-0.19506891937427456,3.3035285946819206,SL,swinging_strike,Swing
2022,Post-Statcast (2022 MVP),5,2,2,-0.12160904286602792,2.5262600380092657,SI,foul,Swing
2022,Post-Statcast (2022 MVP),3,3,3,0.4182130582316118,2.8999933352222196,SL,called_strike,Take (Called Strike)
2022,Post-Statcast (2022 MVP),7,1,1,-0.33155879574688085,2.089256044874524,FF,foul,Swing
2022,Post-Statcast (2022 MVP),7,1,1,-0.3283936687609087,1.8629763163761113,FF,called_strike,Take (Called Strike)
2022,Post-Statcast (2022 MVP),6,3,2,0.6529784413214934,2.317146495533174,CH,hit_into_play,Swing
2022,Post-Statcast (2022 MVP),2,2,3,0.2139696624182364,3.023988889737313,SL,called_strike,Take (Called Strike)
2022,Post-Statcast (2022 MVP),6,3,2,0.6336695636364589,2.4077665892497477,CH,foul,Swing
2022,Post-Statcast (2022 MVP),3,3,3,0.37266053294263535,3.551299145110728,FF,foul,Swing
2022,Post-Statcast (2022 MVP),3,3,3,0.6403048846144537,3.4301791155889916,FF,foul,Swing
2022,Post-Statcast (2022 MVP),1,1,3,-0.6370063946597156,3.428058076469392,FF,hit_into_play,Swing
2022,Post-Statcast (2022 MVP),5,2,2,-0.02672680969371155,2.8193541861307434,FF,swinging_strike,Swing
2022,Post-Statcast (2022 MVP),6,3,2,0.41601984326014874,2.7442566781754207,SI,called_strike,Take (Called Strike)
2022,Post-Statcast (2022 MVP),2,2,3,-0.07243032733628739,3.1957407015101076,FC,foul,Swing
2022,Post-Statcast (2022 MVP),9,3,1,0.315945556202817,1.8996360008116588,CU,called_strike,Take (Called Strike)
2022,Post-Statcast (2022 MVP),5,2,2,0.0239399901498919,2.781032962448737,SI,foul_tip,Swing
2022,Post-Statcast (2022 MVP),7,1,1,-0.46342302245085815,2.1610304279581527,SL,called_strike,Take (Called Strike)
2022,Post-Statcast (2022 MVP),2,2,3,0.04281166193658947,3.3206758234256157,FF,hit_into_play,Swing
2022,Post-Statcast (2022 MVP),8,2,1,-0.01436879396033608,2.1559202356033675,FF,swinging_strike,Swing
2022,Post-Statcast (2022 MVP),5,2,2,-0.11008009840183508,2.749900512258858,FF,swinging_strike,Swing
2022,Post-Statcast (2022 MVP),6,3,2,0.7961723778349636,2.515578111979728,FF,called_strike,Take (Called Strike)
2022,Post-Statcast (2022 MVP),8,2,1,0.2715509949562711,1.621087040277569,FS,foul,Swing
2022,Post-Statcast (2022 MVP),5,2,2,-0.1373152812995584,2.278323445913198,FS,swinging_strike,Swing
2022,Post-Statcast (2022 MVP),2,2,3,-0.18326357161845164,3.360862152978822,FF,foul,Swing
2022,Post-Statcast (2022 MVP),1,1,3,-0.3589481589383098,3.444885109038538,FF,swinging_strike,Swing
2022,Post-Statcast (2022 MVP),1,1,3,-0.4728182856712419,3.2752282253049136,SI,called_strike,Take (Called Strike)
2022,Post-Statcast (2022 MVP),4,1,2,-0.33273396849124226,2.5687231974716287,SV,foul,Swing
2022,Post-Statcast (2022 MVP),1,1,3,-0.6741279797631377,3.0269023068450416,FF,foul,Swing
2022,Post-Statcast (2022 MVP),8,2,1,0.15595614166889837,2.179182281000399,SI,foul,Swing
2022,Post-Statcast (2022 MVP),7,1,1,-0.7119059647178203,1.8528234012869755,SV,called_strike,Take (Called Strike)
2022,Post-Statcast (2022 MVP),9,3,1,0.6367958882249135,1.9395900826251575,SV,foul,Swing
2022,Post-Statcast (2022 MVP),3,3,3,0.392302722130184,3.400267910057027,FF,hit_into_play,Swing
2022,Post-Statcast (2022 MVP),1,1,3,-0.3909540567529999,3.4680990441246182,FF,foul,Swing
2022,Post-Statcast (2022 MVP),7,1,1,-0.5325066966765448,1.7421980866485425,SI,called_strike,Take (Called Strike)
2022,Post-Statcast (2022 MVP),9,3,1,0.6568540875204749,1.7662104403570014,SI,called_strike,Take (Called Strike)
2022,Post-Statcast (2022 MVP),7,1,1,-0.3654939504280715,1.9952928381771888,SL,hit_into_play,Swing
2022,Post-Statcast (2022 MVP),7,1,1,-0.7337463497820471,1.896709140386262,SI,called_strike,Take (Called Strike)
2022,Post-Statcast (2022 MVP),6,3,2,0.335606316822949,2.928207546688008,CU,called_strike,Take (Called Strike)
2022,Post-Statcast (2022 MVP),1,1,3,-0.36473563125061514,3.1753389543187716,FF,foul,Swing
2022,Post-Statcast (2022 MVP),6,3,2,0.7987442786588141,2.3497753321791537,CU,called_strike,Take (Called Strike)
2022,Post-Statcast (2022 MVP),9,3,1,0.5036370376455229,1.8070499404353095,CU,called_strike,Take (Called Strike)
2022,Post-Statcast (2022 MVP),7,1,1,-0.3906875919035256,2.006144179764703,SL,hit_into_play,Swing
2022,Post-Statcast (2022 MVP),8,2,1,0.09866318637680982,2.01385976790652,CH,foul,Swing
2022,Post-Statcast (2022 MVP),8,2,1,-0.2104744586803163,1.7226682073970898,CU,called_strike,Take (Called Strike)
2022,Post-Statcast (2022 MVP),8,2,1,-0.09784785550887976,2.0236638585579554,SI,hit_into_play,Swing
2022,Post-Statcast (2022 MVP),5,2,2,-0.21667614996685247,2.8425350943380043,FF,hit_into_play,Swing
2022,Post-Statcast (2022 MVP),8,2,1,0.14492436043645152,2.1292349644160606,CU,called_strike,Take (Called Strike)
2022,Post-Statcast (2022 MVP),9,3,1,0.3515060691066184,1.6383228375441274,SI,called_strike,Take (Called Strike)
2022,Post-Statcast (2022 MVP),4,1,2,-0.4880851042066159,2.464421610020591,FF,hit_into_play,Swing
2022,Post-Statcast (2022 MVP),9,3,1,0.5127598239806439,1.8844847825104507,SL,foul,Swing
2022,Post-Statcast (2022 MVP),5,2,2,-0.2541433964098829,2.5234430698285077,SL,called_strike,Take (Called Strike)
2022,Post-Statcast (2022 MVP),8,2,1,-0.2706244862181079,1.8621331037417,SI,hit_into_play,Swing
2022,Post-Statcast (2022 MVP),6,3,2,0.6638723608296622,2.455916216946292,FF,hit_into_play,Swing
2022,Post-Statcast (2022 MVP),4,1,2,-0.49125185852918185,2.827008870695659,FF,hit_into_play,Swing
2022,Post-Statcast (2022 MVP),5,2,2,-0.14371369950793844,2.42143525829062,ST,hit_into_play,Swing
2022,Post-Statcast (2022 MVP),5,2,2,0.00785128990486688,2.547393908670694,SL,called_strike,Take (Called Strike)
2022,Post-Statcast (2022 MVP),8,2,1,-0.07753188380279408,1.5567923417463705,CU,called_strike,Take (Called Strike)
2022,Post-Statcast (2022 MVP),4,1,2,-0.4980780405007914,2.2579707006254495,FF,foul,Swing
2022,Post-Statcast (2022 MVP),1,1,3,-0.3659376586705346,2.923133762711679,SL,called_strike,Take (Called Strike)
2022,Post-Statcast (2022 MVP),4,1,2,-0.37087404435952,2.9225390881124533,SI,hit_into_play,Swing
2022,Post-Statcast (2022 MVP),9,3,1,0.30228702687967246,1.9729974349921076,SI,called_strike,Take (Called Strike)
2022,Post-Statcast (2022 MVP),4,1,2,-0.6022018319863612,2.710093853551034,FF,hit_into_play,Swing
2022,Post-Statcast (2022 MVP),4,1,2,-0.7125582891980632,2.2500644094145876,SL,called_strike,Take (Called Strike)
2022,Post-Statcast (2022 MVP),5,2,2,0.26016040527736284,2.7956125445501145,FF,called_strike,Take (Called Strike)
2022,Post-Statcast (2022 MVP),4,1,2,-0.29333784385981687,2.4930514641329893,CH,swinging_strike,Swing
2022,Post-Statcast (2022 MVP),6,3,2,0.4664471311009564,2.6063204915520433,FF,called_strike,Take (Called Strike)
2022,Post-Statcast (2022 MVP),2,2,3,-0.2137751297101227,3.4002982489954436,FF,hit_into_play,Swing
2022,Post-Statcast (2022 MVP),8,2,1,0.11073212189091496,1.991611502128171,SI,called_strike,Take (Called Strike)
2022,Post-Statcast (2022 MVP),5,2,2,0.00256837616065586,2.554084436884742,SI,hit_into_play,Swing
2022,Post-Statcast (2022 MVP),7,1,1,-0.5099184943199768,1.5948629857395111,FF,ball,Take (Called Strike)
2022,Post-Statcast (2022 MVP),5,2,2,-0.0815799029989226,2.7366526876187365,SL,called_strike,Take (Called Strike)
2022,Post-Statcast (2022 MVP),6,3,2,0.7643384680228947,2.6130699167578393,SL,hit_into_play,Swing
2022,Post-Statcast (2022 MVP),8,2,1,0.18855856354671777,2.019429172167105,SL,foul,Swing
2022,Post-Statcast (2022 MVP),1,1,3,-0.8094454766240905,3.519535271538462,FF,hit_into_play,Swing
2022,Post-Statcast (2022 MVP),8,2,1,0.02693918078098622,2.056160545053177,SI,called_strike,Take (Called Strike)
2022,Post-Statcast (2022 MVP),1,1,3,-0.49299365151380814,3.038175219923022,FF,hit_into_play,Swing
2022,Post-Statcast (2022 MVP),5,2,2,0.240499434399009,2.33514628311579,SL,swinging_strike,Swing
2022,Post-Statcast (2022 MVP),7,1,1,-0.5219504187005066,1.5910672102823349,SI,foul,Swing
2022,Post-Statcast (2022 MVP),8,2,1,-0.21252466962714123,1.9511134445222489,SL,called_strike,Take (Called Strike)
2022,Post-Statcast (2022 MVP),4,1,2,-0.6235917187627065,2.4594792622638475,SI,hit_into_play,Swing
2022,Post-Statcast (2022 MVP),5,2,2,-0.2722268237342209,2.7618022717623125,FF,called_strike,Take (Called Strike)
2022,Post-Statcast (2022 MVP),6,3,2,0.8000006742187721,2.556894596785195,FF,hit_into_play,Swing
2022,Post-Statcast (2022 MVP),2,2,3,-0.2672068931669634,3.389160386271697,SL,swinging_strike,Swing
2022,Post-Statcast (2022 MVP),9,3,1,0.729857839935018,1.6887254778303376,FF,ball,Take (Called Strike)
2022,Post-Statcast (2022 MVP),4,1,2,-0.46361190437075017,2.552746481710968,FF,foul,Swing
2022,Post-Statcast (2022 MVP),6,3,2,0.6903630824269221,2.6437293576732763,FF,hit_into_play,Swing
2022,Post-Statcast (2022 MVP),5,2,2,-0.263256520340609,2.619757602901947,FF,hit_into_play,Swing
2022,Post-Statcast (2022 MVP),1,1,3,-0.3590383933826924,3.0550275623913783,SL,called_strike,Take (Called Strike)
2022,Post-Statcast (2022 MVP),8,2,1,-0.194323998551035,2.1573592407301905,SL,hit_into_play,Swing
2022,Post-Statcast (2022 MVP),5,2,2,-0.0959633608459124,2.635656439847883,FF,swinging_strike,Swing
2022,Post-Statcast (2022 MVP),5,2,2,-0.0707182213424758,2.7478286382480435,SL,called_strike,Take (Called Strike)
2022,Post-Statcast (2022 MVP),7,1,1,-0.626289079124898,1.7633818894169124,FF,hit_into_play,Swing
2022,Post-Statcast (2022 MVP),4,1,2,-0.6456409680003506,2.441117060253909,FF,hit_into_play,Swing
2022,Post-Statcast (2022 MVP),6,3,2,0.4638199595079291,2.548796399361102,ST,hit_into_play,Swing
2022,Post-Statcast (2022 MVP),8,2,1,-0.06847993208413883,2.1624166095937327,ST,called_strike,Take (Called Strike)
2022,Post-Statcast (2022 MVP),8,2,1,0.00548903408499823,1.9296457274361425,ST,called_strike,Take (Called Strike)
2022,Post-Statcast (2022 MVP),8,2,1,-0.1473681615296969,1.9688137547802609,ST,hit_into_play,Swing
2022,Post-Statcast (2022 MVP),9,3,1,0.8287888781516017,1.9033771351566684,ST,called_strike,Take (Called Strike)
2022,Post-Statcast (2022 MVP),8,2,1,-0.03587839140328747,2.033598846901976,SL,hit_into_play,Swing
2022,Post-Statcast (2022 MVP),7,1,1,-0.44136076136567715,2.154473552182545,FF,called_strike,Take (Called Strike)
2022,Post-Statcast (2022 MVP),8,2,1,0.1751764720064366,1.6798604258449097,ST,called_strike,Take (Called Strike)
2022,Post-Statcast (2022 MVP),8,2,1,0.2501905244225515,1.8902954648182544,SI,called_strike,Take (Called Strike)
2022,Post-Statcast (2022 MVP),5,2,2,0.12892854538754062,2.8611409397018095,SI,hit_into_play,Swing
2022,Post-Statcast (2022 MVP),7,1,1,-0.2853415297539972,1.7667641772280538,SI,swinging_strike,Swing
2022,Post-Statcast (2022 MVP),5,2,2,0.21328647756062735,2.5726381088299615,SI,hit_into_play,Swing
2022,Post-Statcast (2022 MVP),4,1,2,-0.8141495816501017,2.5652960337800117,SI,foul,Swing
2022,Post-Statcast (2022 MVP),7,1,1,-0.5542529495344328,2.1947518445671896,SI,hit_into_play,Swing
2022,Post-Statcast (2022 MVP),9,3,1,0.7301347372406677,1.77710082227681,ST,foul,Swing
2022,Post-Statcast (2022 MVP),7,1,1,-0.6039137668880674,1.932949176979582,SI,foul,Swing
2022,Post-Statcast (2022 MVP),8,2,1,-0.13357214904629156,2.2157897499848103,SI,swinging_strike,Swing
2022,Post-Statcast (2022 MVP),4,1,2,-0.3813829628491676,2.72328353695425,SL,hit_into_play,Swing
2022,Post-Statcast (2022 MVP),8,2,1,-0.07754672424916109,2.0482051822290233,SL,called_strike,Take (Called Strike)
2022,Post-Statcast (2022 MVP),9,3,1,0.8040993572102599,1.940944562392904,SL,hit_into_play,Swing
2022,Post-Statcast (2022 MVP),5,2,2,0.12593841663636585,2.843405754587472,FF,swinging_strike,Swing
2022,Post-Statcast (2022 MVP),4,1,2,-0.357639452047805,2.3925517510902425,FF,foul,Swing
2022,Post-Statcast (2022 MVP),7,1,1,-0.31310212062475884,1.9237219614173844,CH,called_strike,Take (Called Strike)
2022,Post-Statcast (2022 MVP),5,2,2,0.11781240745870812,2.789556155733978,FF,called_strike,Take (Called Strike)
2022,Post-Statcast (2022 MVP),4,1,2,-0.683051155581908,2.396262329179707,FF,hit_into_play,Swing
2022,Post-Statcast (2022 MVP),9,3,1,0.3412677923917916,1.910966211734134,FF,called_strike,Take (Called Strike)
2022,Post-Statcast (2022 MVP),8,2,1,0.02498784450522184,2.1159154941797915,SI,foul,Swing
2022,Post-Statcast (2022 MVP),9,3,1,0.5700796843412876,2.095770806251399,SI,called_strike,Take (Called Strike)
2022,Post-Statcast (2022 MVP),5,2,2,-0.03055313921696723,2.844855397458199,ST,hit_into_play,Swing
2022,Post-Statcast (2022 MVP),8,2,1,0.05232362671174809,2.164095520624184,FF,called_strike,Take (Called Strike)
2022,Post-Statcast (2022 MVP),4,1,2,-0.5728811527239108,2.6966694620393117,FF,called_strike,Take (Called Strike)
2022,Post-Statcast (2022 MVP),7,1,1,-0.6964741341730087,1.8812620028729667,ST,hit_into_play,Swing
2022,Post-Statcast (2022 MVP),6,3,2,0.6071397464692294,2.6647948801482184,FF,called_strike,Take (Called Strike)
2022,Post-Statcast (2022 MVP),5,2,2,0.15633218152741257,2.6938031638052133,CH,called_strike,Take (Called Strike)
2022,Post-Statcast (2022 MVP),6,3,2,0.7618128680440763,2.748273204149898,FC,foul,Swing
2022,Post-Statcast (2022 MVP),6,3,2,0.679752212398411,2.779307750426652,ST,foul,Swing
2022,Post-Statcast (2022 MVP),1,1,3,-0.3236527554566788,3.3882463210529563,SL,called_strike,Take (Called Strike)
2022,Post-Statcast (2022 MVP),6,3,2,0.480672690939419,2.6527787343952842,FF,called_strike,Take (Called Strike)
2022,Post-Statcast (2022 MVP),7,1,1,-0.3669768755500107,2.0135310176291,CU,called_strike,Take (Called Strike)
2022,Post-Statcast (2022 MVP),5,2,2,0.1823044190227993,2.511422415553265,CU,hit_into_play,Swing
2022,Post-Statcast (2022 MVP),4,1,2,-0.442572858763406,2.629064199409358,FF,called_strike,Take (Called Strike)
2022,Post-Statcast (2022 MVP),9,3,1,0.3080871464017385,1.951498371840916,SI,foul_tip,Swing
2022,Post-Statcast (2022 MVP),9,3,1,0.6232981017210998,1.8486216158532376,ST,hit_into_play,Swing
2022,Post-Statcast (2022 MVP),1,1,3,-0.689566387375379,3.236608663044171,SI,called_strike,Take (Called Strike)
2022,Post-Statcast (2022 MVP),9,3,1,0.7033558340966071,1.5176839387577332,ST,called_strike,Take (Called Strike)
2022,Post-Statcast (2022 MVP),8,2,1,-0.02670681441142064,1.8747072354376484,ST,foul,Swing
2022,Post-Statcast (2022 MVP),7,1,1,-0.4517479656177896,2.133173710784134,SI,called_strike,Take (Called Strike)
2022,Post-Statcast (2022 MVP),8,2,1,-0.182246755871346,2.198302043463256,SL,hit_into_play,Swing
2022,Post-Statcast (2022 MVP),9,3,1,0.4061709478749138,1.6802647194500129,SL,called_strike,Take (Called Strike)
2022,Post-Statcast (2022 MVP),7,1,1,-0.48742158238267475,1.775748035810765,FC,foul,Swing
2022,Post-Statcast (2022 MVP),4,1,2,-0.7667473882452651,2.5518165052648554,SI,hit_into_play,Swing
2022,Post-Statcast (2022 MVP),6,3,2,0.8267402746263784,2.4640546693847005,SL,called_strike,Take (Called Strike)
2022,Post-Statcast (2022 MVP),9,3,1,0.537487455317371,1.8006625308808963,SI,called_strike,Take (Called Strike)
2022,Post-Statcast (2022 MVP),6,3,2,0.7241467896997325,2.3885276039063843,ST,hit_into_play,Swing
2022,Post-Statcast (2022 MVP),6,3,2,0.6089729378129622,2.6195222761731487,SI,called_strike,Take (Called Strike)
2022,Post-Statcast (2022 MVP),9,3,1,0.7659113237973667,1.7048811256129222,ST,called_strike,Take (Called Strike)
2022,Post-Statcast (2022 MVP),6,3,2,0.612817601855467,2.2972375123565665,SI,called_strike,Take (Called Strike)
2022,Post-Statcast (2022 MVP),7,1,1,-0.8152656353625765,2.0634038588053327,FF,hit_into_play,Swing
2022,Post-Statcast (2022 MVP),9,3,1,0.5384427807925628,1.6736080493564476,CH,called_strike,Take (Called Strike)
2022,Post-Statcast (2022 MVP),4,1,2,-0.8245128291144024,2.631185682449605,ST,called_strike,Take (Called Strike)
2022,Post-Statcast (2022 MVP),5,2,2,-0.18017826006935944,2.503070040955359,SI,called_strike,Take (Called Strike)
2022,Post-Statcast (2022 MVP),6,3,2,0.37843499059801544,2.6706885510052576,SL,called_strike,Take (Called Strike)
2022,Post-Statcast (2022 MVP),6,3,2,0.8288984614395374,2.8151845659204,SI,ball,Take (Called Strike)
2022,Post-Statcast (2022 MVP),3,3,3,0.5936215966152807,3.203937341992582,SL,called_strike,Take (Called Strike)
2022,Post-Statcast (2022 MVP),2,2,3,0.08330223801544467,3.2973708704305427,SI,foul,Swing
2022,Post-Statcast (2022 MVP),8,2,1,0.2188735531736633,1.8269573347338257,KC,called_strike,Take (Called Strike)
2022,Post-Statcast (2022 MVP),2,2,3,-0.1438464569985365,3.3266001819993662,SI,called_strike,Take (Called Strike)
2022,Post-Statcast (2022 MVP),3,3,3,0.6520203289615571,2.969224710841519,FF,ball,Take (Called Strike)
2022,Post-Statcast (2022 MVP),8,2,1,0.08550762402468376,1.8490216004039544,SL,foul,Swing
2022,Post-Statcast (2022 MVP),5,2,2,-0.1779998615247384,2.8009330485518342,SL,called_strike,Take (Called Strike)
2022,Post-Statcast (2022 MVP),5,2,2,-0.17216941636290772,2.513855203759336,FF,hit_into_play,Swing
2022,Post-Statcast (2022 MVP),6,3,2,0.4801320217555358,2.2206158023152867,SI,swinging_strike,Swing
2022,Post-Statcast (2022 MVP),1,1,3,-0.29288042002803905,3.0175591720489257,SI,foul,Swing
2022,Post-Statcast (2022 MVP),2,2,3,0.15985312563810616,3.14852857780401,SI,foul,Swing
2022,Post-Statcast (2022 MVP),5,2,2,-0.09621648621445612,2.6570384650637813,SL,foul,Swing
2022,Post-Statcast (2022 MVP),7,1,1,-0.621179196733754,2.1290790593637334,CU,hit_into_play,Swing
2022,Post-Statcast (2022 MVP),8,2,1,0.02520514033812204,1.6469072051160711,CH,swinging_strike,Swing
2022,Post-Statcast (2022 MVP),1,1,3,-0.4510969692879938,3.431956967740927,SL,foul,Swing
2022,Post-Statcast (2022 MVP),8,2,1,0.1969939413943762,1.9246728371500872,FF,hit_into_play,Swing
2022,Post-Statcast (2022 MVP),8,2,1,0.22074115653786908,2.2632093929965498,CU,called_strike,Take (Called Strike)
2022,Post-Statcast (2022 MVP),4,1,2,-0.4910301407079082,2.67624348217987,SI,swinging_strike,Swing
2022,Post-Statcast (2022 MVP),5,2,2,-0.2616542339034878,2.255812479661331,SL,called_strike,Take (Called Strike)
2022,Post-Statcast (2022 MVP),5,2,2,0.23757462530309223,2.8444184232551466,FF,foul,Swing
2022,Post-Statcast (2022 MVP),8,2,1,0.15834509919913314,1.541317074905296,FF,hit_into_play,Swing
2022,Post-Statcast (2022 MVP),5,2,2,-0.1672842631387812,2.4581297169307508,SI,hit_into_play,Swing
2022,Post-Statcast (2022 MVP),5,2,2,0.02607971776681827,2.2094948930074527,SL,called_strike,Take (Called Strike)
2022,Post-Statcast (2022 MVP),2,2,3,-0.12352960547105651,3.526893204375648,FF,foul,Swing
2022,Post-Statcast (2022 MVP),9,3,1,0.3692668295865621,1.634866273482972,SL,called_strike,Take (Called Strike)
2022,Post-Statcast (2022 MVP),5,2,2,-0.0370554976731183,2.406148972044285,FF,called_strike,Take (Called Strike)
2022,Post-Statcast (2022 MVP),5,2,2,0.10290204460600284,2.239968628670568,FF,foul,Swing
2022,Post-Statcast (2022 MVP),3,3,3,0.3055593322953225,3.42926056549676,FF,called_strike,Take (Called Strike)
2022,Post-Statcast (2022 MVP),8,2,1,-0.2686003639105878,1.5899783374290473,SL,called_strike,Take (Called Strike)
2022,Post-Statcast (2022 MVP),6,3,2,0.30297938298225774,2.6216008874227867,SL,called_strike,Take (Called Strike)
2022,Post-Statcast (2022 MVP),6,3,2,0.30901949090715913,2.5385282959850635,FF,hit_into_play,Swing
2022,Post-Statcast (2022 MVP),3,3,3,0.5513346380873203,3.0378918343152823,SL,called_strike,Take (Called Strike)
2022,Post-Statcast (2022 MVP),7,1,1,-0.4141892911860406,2.1975343978490542,FF,foul,Swing
2022,Post-Statcast (2022 MVP),2,2,3,0.13021015782879342,2.9403265977790074,SI,foul_tip,Swing
2022,Post-Statcast (2022 MVP),4,1,2,-0.7081437904332908,2.8781000571837256,SL,called_strike,Take (Called Strike)
2022,Post-Statcast (2022 MVP),9,3,1,0.4224296059349377,2.1000926530763007,SI,called_strike,Take (Called Strike)
2022,Post-Statcast (2022 MVP),2,2,3,0.11268167612925126,2.920012967049893,SL,hit_into_play,Swing
2022,Post-Statcast (2022 MVP),5,2,2,-0.13682709235767265,2.8375591927203594,CU,called_strike,Take (Called Strike)
2022,Post-Statcast (2022 MVP),8,2,1,0.1990851398827637,2.047542884700039,FF,hit_into_play,Swing
2022,Post-Statcast (2022 MVP),3,3,3,0.7455904009555131,3.165658609951618,FF,foul,Swing
2022,Post-Statcast (2022 MVP),6,3,2,0.54023611634925,2.687608072484139,FF,foul,Swing
2022,Post-Statcast (2022 MVP),8,2,1,-0.03240308712005907,2.1076321988950957,SL,called_strike,Take (Called Strike)
2022,Post-Statcast (2022 MVP),5,2,2,-0.1526678610725195,2.7444912250091256,SL,hit_into_play,Swing
2022,Post-Statcast (2022 MVP),6,3,2,0.7005848284099925,2.50509222222516,FF,called_strike,Take (Called Strike)
2022,Post-Statcast (2022 MVP),6,3,2,0.7564114098692282,2.325880764951001,FF,called_strike,Take (Called Strike)
2022,Post-Statcast (2022 MVP),6,3,2,0.7434087677008434,2.410385732812784,FF,called_strike,Take (Called Strike)
2022,Post-Statcast (2022 MVP),6,3,2,0.5997147648854604,2.548339680928539,FF,hit_into_play,Swing
2022,Post-Statcast (2022 MVP),8,2,1,0.0626377880117519,1.8773209399324544,CH,foul,Swing
2022,Post-Statcast (2022 MVP),1,1,3,-0.5630826376169467,3.0452596391608338,FF,foul,Swing
2022,Post-Statcast (2022 MVP),4,1,2,-0.6094651878204214,2.474926293149984,CH,foul,Swing
2022,Post-Statcast (2022 MVP),6,3,2,0.6594983074678237,2.6082582857557504,FF,foul,Swing
2022,Post-Statcast (2022 MVP),5,2,2,0.1945288659897892,2.7192779840318937,FC,swinging_strike,Swing
2022,Post-Statcast (2022 MVP),5,2,2,-0.17422291010650082,2.583231726466905,FF,foul,Swing
2022,Post-Statcast (2022 MVP),9,3,1,0.332697017094009,2.1707399734077866,SI,called_strike,Take (Called Strike)
2022,Post-Statcast (2022 MVP),3,3,3,0.6518450147626164,3.103157675181059,FF,called_strike,Take (Called Strike)
2022,Post-Statcast (2022 MVP),2,2,3,0.0273949676568963,3.1023494904336357,FF,called_strike,Take (Called Strike)
2022,Post-Statcast (2022 MVP),4,1,2,-0.631214863448165,2.494203600484734,FF,foul,Swing
2022,Post-Statcast (2022 MVP),8,2,1,-0.1571356906427921,2.075356605040919,SI,hit_into_play,Swing
2022,Post-Statcast (2022 MVP),2,2,3,0.17754507211848047,3.2257350893846297,FF,foul,Swing
2022,Post-Statcast (2022 MVP),9,3,1,0.4424756510033921,1.749552343937754,FC,foul,Swing
2022,Post-Statcast (2022 MVP),7,1,1,-0.5194467068192359,1.6299629388385035,CU,called_strike,Take (Called Strike)
2022,Post-Statcast (2022 MVP),8,2,1,-0.19159160458773705,1.7552983641241058,CH,foul,Swing
2022,Post-Statcast (2022 MVP),7,1,1,-0.4536407588778868,1.9857740662437335,FF,called_strike,Take (Called Strike)
2022,Post-Statcast (2022 MVP),3,3,3,0.2845771309890754,2.8888586509316996,FF,hit_into_play,Swing
2022,Post-Statcast (2022 MVP),3,3,3,0.6206375011208427,3.2174461288022123,FF,called_strike,Take (Called Strike)
2022,Post-Statcast (2022 MVP),4,1,2,-0.4510937768409313,2.361843491367504,SI,hit_into_play,Swing
2022,Post-Statcast (2022 MVP),2,2,3,-0.2763401515592343,3.432092014308453,SI,ball,Take (Called Strike)
2022,Post-Statcast (2022 MVP),2,2,3,0.1395880155512953,3.18540477211479,FF,hit_into_play,Swing
2022,Post-Statcast (2022 MVP),5,2,2,0.018565687394543,2.5724690492500413,FF,foul,Swing
2022,Post-Statcast (2022 MVP),4,1,2,-0.4887922553962969,2.7997394595247376,CU,called_strike,Take (Called Strike)
2022,Post-Statcast (2022 MVP),4,1,2,-0.33139917839974453,2.637785748216036,SI,called_strike,Take (Called Strike)
2022,Post-Statcast (2022 MVP),7,1,1,-0.6473516061098539,1.717244733809652,CU,hit_into_play,Swing
2022,Post-Statcast (2022 MVP),7,1,1,-0.6326884638564739,1.9338551807228055,FF,swinging_strike,Swing
2022,Post-Statcast (2022 MVP),8,2,1,-0.12937643343756172,1.9921889294180144,FF,called_strike,Take (Called Strike)
2022,Post-Statcast (2022 MVP),8,2,1,0.05669380441752639,2.0876620995765083,SL,hit_into_play,Swing
2022,Post-Statcast (2022 MVP),7,1,1,-0.3992907325041614,1.8360258699640664,FF,foul,Swing
2022,Post-Statcast (2022 MVP),1,1,3,-0.68528398439975,3.1026906964276857,SL,foul,Swing
2022,Post-Statcast (2022 MVP),6,3,2,0.44463936534020165,2.939141572703926,FF,called_strike,Take (Called Strike)
2022,Post-Statcast (2022 MVP),8,2,1,-0.11263588366396078,1.719966911587122,SL,foul,Swing
2022,Post-Statcast (2022 MVP),9,3,1,0.6808777952892544,1.9685419866662264,SL,foul,Swing
2022,Post-Statcast (2022 MVP),6,3,2,0.8256238459364158,2.5919705438735683,FF,foul,Swing
2022,Post-Statcast (2022 MVP),2,2,3,0.12319902388899878,3.1622844237915437,FF,swinging_strike,Swing
2022,Post-Statcast (2022 MVP),6,3,2,0.7198127568611519,2.184817117598248,SL,hit_into_play,Swing
2022,Post-Statcast (2022 MVP),1,1,3,-0.5435059470607257,2.966600608336716,FF,called_strike,Take (Called Strike)
2022,Post-Statcast (2022 MVP),5,2,2,-0.12827816904650835,2.5840504128811492,FF,foul,Swing
2022,Post-Statcast (2022 MVP),2,2,3,0.08001262431057582,2.9787784534839146,FC,hit_into_play,Swing
2022,Post-Statcast (2022 MVP),6,3,2,0.4540996282351208,2.213677705429427,CU,called_strike,Take (Called Strike)
2022,Post-Statcast (2022 MVP),1,1,3,-0.7119360991880481,3.473405978996057,CU,ball,Take (Called Strike)
2022,Post-Statcast (2022 MVP),2,2,3,0.08463808354437519,2.964203743391354,FF,swinging_strike,Swing
2022,Post-Statcast (2022 MVP),8,2,1,0.14954850420574697,1.8272206436419485,SL,called_strike,Take (Called Strike)
2022,Post-Statcast (2022 MVP),8,2,1,0.21708872525744824,1.7826460797299712,SL,hit_into_play,Swing
2022,Post-Statcast (2022 MVP),9,3,1,0.7252107330858866,1.8170326538641743,ST,called_strike,Take (Called Strike)
2022,Post-Statcast (2022 MVP),4,1,2,-0.44998888907791834,2.173255471373757,SI,foul,Swing
2022,Post-Statcast (2022 MVP),6,3,2,0.4352355482618504,2.580010061259566,SI,called_strike,Take (Called Strike)
2022,Post-Statcast (2022 MVP),5,2,2,-0.00579311028881757,2.6345598874420753,SI,called_strike,Take (Called Strike)
2022,Post-Statcast (2022 MVP),9,3,1,0.8244433420747623,1.6719638284210785,SL,hit_into_play,Swing
2022,Post-Statcast (2022 MVP),6,3,2,0.5775438126025003,2.4544298591035885,SL,swinging_strike,Swing
2022,Post-Statcast (2022 MVP),4,1,2,-0.6765574801831022,2.269542510972851,CU,called_strike,Take (Called Strike)
2022,Post-Statcast (2022 MVP),4,1,2,-0.5809731963467845,2.617954922296695,FF,hit_into_play,Swing
2022,Post-Statcast (2022 MVP),2,2,3,-0.21842253791596788,2.927150846845094,FF,foul,Swing
2022,Post-Statcast (2022 MVP),8,2,1,-3.1392662351414e-4,1.9926796196502383,FS,called_strike,Take (Called Strike)
2022,Post-Statcast (2022 MVP),6,3,2,0.7286318430269481,2.8249983533989518,FF,ball,Take (Called Strike)
2022,Post-Statcast (2022 MVP),7,1,1,-0.3755318490157859,2.045432368630301,CH,hit_into_play,Swing
2022,Post-Statcast (2022 MVP),9,3,1,0.5991244408225204,2.1871875056884305,CU,called_strike,Take (Called Strike)
2022,Post-Statcast (2022 MVP),8,2,1,-0.05661199226367075,1.8309738685202257,CU,hit_into_play,Swing
2022,Post-Statcast (2022 MVP),6,3,2,0.5816821426344534,2.8251556457914777,SI,foul,Swing
2022,Post-Statcast (2022 MVP),1,1,3,-0.5879976859267395,3.343165629574054,FF,swinging_strike,Swing
2022,Post-Statcast (2022 MVP),7,1,1,-0.7397461238277729,1.506944573970821,CU,foul,Swing
2022,Post-Statcast (2022 MVP),2,2,3,-0.22973071344179852,2.902209794189448,FF,foul,Swing
2022,Post-Statcast (2022 MVP),5,2,2,-0.14057196892050697,2.6631751183922256,CU,called_strike,Take (Called Strike)
2022,Post-Statcast (2022 MVP),2,2,3,-0.07186577772705394,3.103357553916444,FF,hit_into_play,Swing
2022,Post-Statcast (2022 MVP),1,1,3,-0.38179199622844856,2.9363988592128076,CU,called_strike,Take (Called Strike)
2022,Post-Statcast (2022 MVP),9,3,1,0.3929992936340544,1.658006373116374,SL,swinging_strike,Swing
2022,Post-Statcast (2022 MVP),4,1,2,-0.6863094792836384,2.576989274686456,FF,hit_into_play,Swing
2022,Post-Statcast (2022 MVP),4,1,2,-0.5723143730992677,2.7784232321742013,FF,hit_into_play,Swing
2022,Post-Statcast (2022 MVP),9,3,1,0.5900584434856024,2.0395362370561516,SL,called_strike,Take (Called Strike)
2022,Post-Statcast (2022 MVP),9,3,1,0.59390314928553,1.6035740120924615,FS,ball,Take (Called Strike)
2022,Post-Statcast (2022 MVP),4,1,2,-0.582625763594493,2.6359600755174335,FF,hit_into_play,Swing
2022,Post-Statcast (2022 MVP),5,2,2,0.24308694161167788,2.2400891445783344,FF,swinging_strike,Swing
2022,Post-Statcast (2022 MVP),6,3,2,0.5411791732812181,2.7286515103622597,SL,hit_into_play,Swing
2022,Post-Statcast (2022 MVP),5,2,2,-0.18699378248767015,2.8935053723919535,SL,called_strike,Take (Called Strike)
2022,Post-Statcast (2022 MVP),3,3,3,0.5321341244879534,3.2287641526034303,FF,ball,Take (Called Strike)
2022,Post-Statcast (2022 MVP),9,3,1,0.6720842174135057,1.8575675924616095,SL,foul,Swing
2022,Post-Statcast (2022 MVP),4,1,2,-0.6267348933128948,2.7010939819509026,SL,hit_into_play,Swing
2022,Post-Statcast (2022 MVP),1,1,3,-0.5053488508109903,2.9438957882757513,FF,foul,Swing
2022,Post-Statcast (2022 MVP),8,2,1,0.2578560085696637,2.057316684486688,SL,hit_into_play,Swing
2022,Post-Statcast (2022 MVP),9,3,1,0.5271956006259738,1.7816475525190176,SL,hit_into_play,Swing
2022,Post-Statcast (2022 MVP),5,2,2,-0.05083910686215109,2.6488746728457846,FF,swinging_strike,Swing
2022,Post-Statcast (2022 MVP),3,3,3,0.33842099732761255,3.281719032879741,FF,hit_into_play,Swing
2022,Post-Statcast (2022 MVP),4,1,2,-0.4275683091184208,2.7259110413868486,FF,hit_into_play,Swing
2022,Post-Statcast (2022 MVP),8,2,1,0.10258277322255949,1.5610370135313696,FF,called_strike,Take (Called Strike)
2022,Post-Statcast (2022 MVP),9,3,1,0.6586574242720791,1.75567359923476,FF,called_strike,Take (Called Strike)
2022,Post-Statcast (2022 MVP),2,2,3,0.21516926014060428,2.9368050183053747,FC,hit_into_play,Swing
2022,Post-Statcast (2022 MVP),7,1,1,-0.4095621813123496,1.919295215087819,CH,swinging_strike,Swing
2022,Post-Statcast (2022 MVP),8,2,1,-0.09974745576997834,1.5232614749229136,FF,swinging_strike,Swing
2022,Post-Statcast (2022 MVP),9,3,1,0.6638440898389575,1.573566723478187,FF,ball,Take (Called Strike)
2022,Post-Statcast (2022 MVP),9,3,1,0.5178005840357945,1.6043113432785543,FC,called_strike,Take (Called Strike)
2022,Post-Statcast (2022 MVP),9,3,1,0.2848372559467328,1.6183408505426105,FC,foul,Swing
2022,Post-Statcast (2022 MVP),9,3,1,0.8155729585299949,1.7102257551655686,FF,called_strike,Take (Called Strike)
2022,Post-Statcast (2022 MVP),6,3,2,0.5428801507548858,2.201928542015727,SL,called_strike,Take (Called Strike)
2022,Post-Statcast (2022 MVP),4,1,2,-0.5826413063163971,2.2776765346256047,SL,foul,Swing
2022,Post-Statcast (2022 MVP),4,1,2,-0.4316308727123137,2.51417404460353,SL,called_strike,Take (Called Strike)
2022,Post-Statcast (2022 MVP),5,2,2,-0.1444015388055393,2.582727353020614,SI,hit_into_play,Swing
2022,Post-Statcast (2022 MVP),4,1,2,-0.7087014602228501,2.2289686008393232,FF,hit_into_play,Swing
2022,Post-Statcast (2022 MVP),7,1,1,-0.5759352853497653,1.737231209876919,SL,called_strike,Take (Called Strike)
2022,Post-Statcast (2022 MVP),6,3,2,0.31615187157496205,2.2669863795514957,SI,called_strike,Take (Called Strike)
2022,Post-Statcast (2022 MVP),4,1,2,-0.4011409465892877,2.5903932878991944,SL,hit_into_play,Swing
2022,Post-Statcast (2022 MVP),3,3,3,0.44073949451472694,3.2749217495140948,FF,called_strike,Take (Called Strike)
2022,Post-Statcast (2022 MVP),7,1,1,-0.8126439440374046,1.8273999117635904,SL,swinging_strike,Swing
2022,Post-Statcast (2022 MVP),3,3,3,0.31744863222771696,3.351826694131372,CU,called_strike,Take (Called Strike)
2022,Post-Statcast (2022 MVP),4,1,2,-0.6963924612237467,2.3339818878149443,SL,swinging_strike,Swing
2022,Post-Statcast (2022 MVP),2,2,3,-0.21589078706216697,3.117981280970895,FF,hit_into_play,Swing
2022,Post-Statcast (2022 MVP),9,3,1,0.7443517804565128,1.5762445543141044,CH,ball,Take (Called Strike)
2022,Post-Statcast (2022 MVP),6,3,2,0.7248401466277615,2.3064842640085272,SL,foul,Swing
2022,Post-Statcast (2022 MVP),3,3,3,0.4025967750105487,2.758803051225568,SL,called_strike,Take (Called Strike)
2022,Post-Statcast (2022 MVP),6,3,2,0.6607936243789039,2.4807749382508555,FF,foul,Swing
2022,Post-Statcast (2022 MVP),4,1,2,-0.6079415289158483,2.4391984108885216,SL,called_strike,Take (Called Strike)
2022,Post-Statcast (2022 MVP),4,1,2,-0.34785552080792626,2.510634510657191,FF,swinging_strike,Swing
2022,Post-Statcast (2022 MVP),1,1,3,-0.5637630218298108,3.044897019216291,SI,hit_into_play,Swing
2022,Post-Statcast (2022 MVP),9,3,1,0.2933280456551728,1.769170945454344,FF,called_strike,Take (Called Strike)
2022,Post-Statcast (2022 MVP),5,2,2,-0.15464800750878616,2.2861150264894974,SI,foul,Swing
2022,Post-Statcast (2022 MVP),9,3,1,0.5288723378716735,2.101271644454262,ST,hit_into_play,Swing
2022,Post-Statcast (2022 MVP),5,2,2,-0.1847723700037298,2.3041967379519948,FF,called_strike,Take (Called Strike)
2022,Post-Statcast (2022 MVP),1,1,3,-0.6389479623691348,3.579852416363604,SI,foul,Swing
2022,Post-Statcast (2022 MVP),3,3,3,0.6073437480526388,3.0127702575659985,SL,called_strike,Take (Called Strike)
2022,Post-Statcast (2022 MVP),5,2,2,0.00844338243194087,2.2162055606997244,FF,hit_into_play,Swing
2022,Post-Statcast (2022 MVP),4,1,2,-0.2988544861865803,2.2076117270089917,SI,swinging_strike,Swing
2022,Post-Statcast (2022 MVP),2,2,3,0.19952477163345017,3.5181617790572135,FF,ball,Take (Called Strike)
2022,Post-Statcast (2022 MVP),7,1,1,-0.3719782006865511,1.9387601306969309,SI,hit_into_play,Swing
2022,Post-Statcast (2022 MVP),5,2,2,0.25205017123888207,2.4132593808301728,SI,called_strike,Take (Called Strike)
2022,Post-Statcast (2022 MVP),5,2,2,0.05545459053015444,2.480490320802674,SI,called_strike,Take (Called Strike)
2022,Post-Statcast (2022 MVP),8,2,1,-0.03296193702757,2.253959622728944,FF,called_strike,Take (Called Strike)
2022,Post-Statcast (2022 MVP),7,1,1,-0.5635719025359449,2.01391569945974,CH,foul,Swing
2022,Post-Statcast (2022 MVP),6,3,2,0.46634844144921794,2.4391074282297565,FF,foul,Swing
2022,Post-Statcast (2022 MVP),7,1,1,-0.2882577185401576,2.1558555951135747,SI,hit_into_play,Swing
2022,Post-Statcast (2022 MVP),4,1,2,-0.4058670523154516,2.5505346892290683,SL,called_strike,Take (Called Strike)
2022,Post-Statcast (2022 MVP),7,1,1,-0.7773797107634504,1.6503004337543792,ST,hit_into_play,Swing
2022,Post-Statcast (2022 MVP),8,2,1,0.2348604775118699,2.0691307641920176,CH,called_strike,Take (Called Strike)
2022,Post-Statcast (2022 MVP),2,2,3,0.25470455368792755,3.1161401157283,FF,hit_into_play,Swing
2022,Post-Statcast (2022 MVP),5,2,2,-0.1907864614317192,2.5116406767379686,SI,called_strike,Take (Called Strike)
2022,Post-Statcast (2022 MVP),1,1,3,-0.4574558511867127,3.178504765462986,FF,foul,Swing
2022,Post-Statcast (2022 MVP),1,1,3,-0.6267645960630119,3.0807687902974643,FF,foul,Swing
2022,Post-Statcast (2022 MVP),9,3,1,0.7980404868839035,1.7475483251341335,SL,ball,Take (Called Strike)
2022,Post-Statcast (2022 MVP),7,1,1,-0.5294889425374034,1.6920703540121498,CH,ball,Take (Called Strike)
2022,Post-Statcast (2022 MVP),2,2,3,-0.1965230767823124,3.1113702429233516,FF,foul,Swing
2022,Post-Statcast (2022 MVP),9,3,1,0.5344023088306358,1.9351078847978744,SL,called_strike,Take (Called Strike)
2022,Post-Statcast (2022 MVP),5,2,2,-0.13774625962812936,2.7913276546833763,SL,hit_into_play,Swing
2022,Post-Statcast (2022 MVP),2,2,3,-0.02189676319664935,2.903798730581988,FF,foul,Swing
2022,Post-Statcast (2022 MVP),9,3,1,0.6365330033665527,2.184640583316933,SL,called_strike,Take (Called Strike)
2022,Post-Statcast (2022 MVP),4,1,2,-0.4319006447999621,2.1990601199219304,SI,called_strike,Take (Called Strike)
2022,Post-Statcast (2022 MVP),9,3,1,0.37923299919929576,1.8443924388135744,SL,called_strike,Take (Called Strike)
2022,Post-Statcast (2022 MVP),6,3,2,0.40711078213803353,2.3327849505352303,SI,swinging_strike,Swing
2022,Post-Statcast (2022 MVP),8,2,1,0.0027373980439927,1.9923764549886824,FF,called_strike,Take (Called Strike)
2022,Post-Statcast (2022 MVP),7,1,1,-0.4290515090741027,1.4989950951966116,SI,foul,Swing
2022,Post-Statcast (2022 MVP),6,3,2,0.42444984458120794,2.8129856985337955,FF,called_strike,Take (Called Strike)
2022,Post-Statcast (2022 MVP),4,1,2,-0.8120528888894475,2.6187964527851904,FF,hit_into_play,Swing
2022,Post-Statcast (2022 MVP),6,3,2,0.34886896000399154,2.553693069948051,SL,foul_tip,Swing
2022,Post-Statcast (2022 MVP),4,1,2,-0.6979450524096081,2.188837361510142,SL,called_strike,Take (Called Strike)
2022,Post-Statcast (2022 MVP),8,2,1,-0.14567764993427956,1.617008007306198,ST,hit_into_play,Swing
2022,Post-Statcast (2022 MVP),8,2,1,-0.08716573869671229,1.4781966519049448,ST,called_strike,Take (Called Strike)
2022,Post-Statcast (2022 MVP),7,1,1,-0.5003335030306013,1.9631219663562185,SL,called_strike,Take (Called Strike)
2022,Post-Statcast (2022 MVP),9,3,1,0.35894472805694544,1.6115083375234556,CU,hit_into_play,Swing
2022,Post-Statcast (2022 MVP),6,3,2,0.6189704743436888,2.8394053018789656,CH,called_strike,Take (Called Strike)
2022,Post-Statcast (2022 MVP),1,1,3,-0.28436105734967304,3.433082085833785,FC,called_strike,Take (Called Strike)
2022,Post-Statcast (2022 MVP),6,3,2,0.5723639086226837,2.7408909422710033,SL,called_strike,Take (Called Strike)
2022,Post-Statcast (2022 MVP),5,2,2,-0.2099501726644976,2.7995418809448296,FF,hit_into_play,Swing
2022,Post-Statcast (2022 MVP),8,2,1,0.2296740221262259,2.2509165243626104,FF,called_strike,Take (Called Strike)
2022,Post-Statcast (2022 MVP),7,1,1,-0.49055180986053815,1.840261778660475,SI,hit_into_play,Swing
2022,Post-Statcast (2022 MVP),2,2,3,0.17720527814763343,3.1411646295171245,CU,called_strike,Take (Called Strike)
2022,Post-Statcast (2022 MVP),2,2,3,0.18031486345007453,3.089625025960711,FF,foul,Swing
2022,Post-Statcast (2022 MVP),5,2,2,-0.25461909330042043,2.186679794471379,CH,called_strike,Take (Called Strike)
2022,Post-Statcast (2022 MVP),8,2,1,-0.05581164495336754,1.6278949624216985,CU,called_strike,Take (Called Strike)
2022,Post-Statcast (2022 MVP),4,1,2,-0.3925967267416189,2.2426582968408297,SL,hit_into_play,Swing
2022,Post-Statcast (2022 MVP),7,1,1,-0.7409678639353526,1.5271168206530112,FF,foul,Swing
2022,Post-Statcast (2022 MVP),1,1,3,-0.6033308151383369,3.4703457825027524,CU,foul,Swing
2022,Post-Statcast (2022 MVP),6,3,2,0.3609454738014124,2.6419614011524546,FF,swinging_strike,Swing
2022,Post-Statcast (2022 MVP),6,3,2,0.4989821417930662,2.2896746502957965,CU,called_strike,Take (Called Strike)
2022,Post-Statcast (2022 MVP),2,2,3,0.03534744346330176,3.4873377713787517,FF,hit_into_play,Swing
2022,Post-Statcast (2022 MVP),5,2,2,-0.13355514909071486,2.3385729244538327,FF,called_strike,Take (Called Strike)
2022,Post-Statcast (2022 MVP),4,1,2,-0.4105259554359486,2.8515148072905143,SI,foul,Swing
2022,Post-Statcast (2022 MVP),8,2,1,-0.2654663395541299,1.912664451604615,CH,foul,Swing
2022,Post-Statcast (2022 MVP),9,3,1,0.6063985115295958,1.979656207059182,SI,hit_into_play,Swing
2022,Post-Statcast (2022 MVP),1,1,3,-0.7007875706369322,3.3703220255707276,CH,called_strike,Take (Called Strike)
2022,Post-Statcast (2022 MVP),9,3,1,0.4807329367137731,1.643756978254588,FF,called_strike,Take (Called Strike)
2022,Post-Statcast (2022 MVP),5,2,2,0.07747963890840803,2.4135502257051726,SI,hit_into_play,Swing
2022,Post-Statcast (2022 MVP),6,3,2,0.45020778912567194,2.336040347669056,SL,called_strike,Take (Called Strike)
2022,Post-Statcast (2022 MVP),3,3,3,0.6640982800496822,3.0684365273263245,SL,hit_into_play,Swing
2022,Post-Statcast (2022 MVP),5,2,2,-0.04982280095388614,2.63394238252177,FF,swinging_strike,Swing
2022,Post-Statcast (2022 MVP),9,3,1,0.4807857604942237,1.7488306690800886,FF,ball,Take (Called Strike)
2022,Post-Statcast (2022 MVP),5,2,2,0.22320425400757127,2.5426721940113426,FF,called_strike,Take (Called Strike)
2022,Post-Statcast (2022 MVP),5,2,2,-0.22657040170499876,2.335430706787556,FF,called_strike,Take (Called Strike)
2022,Post-Statcast (2022 MVP),4,1,2,-0.7168317545030328,2.4446755975483274,FF,hit_into_play,Swing
2022,Post-Statcast (2022 MVP),4,1,2,-0.8255892956587713,2.7124450781057208,SL,hit_into_play,Swing
2022,Post-Statcast (2022 MVP),4,1,2,-0.6280304260892693,2.6919789235568303,ST,hit_into_play,Swing
2022,Post-Statcast (2022 MVP),6,3,2,0.7451336014724007,2.745863083256623,SI,called_strike,Take (Called Strike)
2022,Post-Statcast (2022 MVP),6,3,2,0.4876176908064567,2.2545660328888206,FF,called_strike,Take (Called Strike)
2022,Post-Statcast (2022 MVP),3,3,3,0.59236946879287955,3.128820869820334,FF,swinging_strike,Swing
2022,Post-Statcast (2022 MVP),6,3,2,0.5553499555382779,2.6464236950863933,FF,swinging_strike,Swing
2022,Post-Statcast (2022 MVP),2,2,3,-0.1711726841837495,2.967879306878684,FF,hit_into_play,Swing
2022,Post-Statcast (2022 MVP),3,3,3,0.4358672155589446,3.403118975080149,FF,foul,Swing
2022,Post-Statcast (2022 MVP),9,3,1,0.3023214225554174,1.5616220796718985,CH,swinging_strike,Swing
2022,Post-Statcast (2022 MVP),6,3,2,0.4212954193258225,2.460795085007463,FF,foul,Swing
2022,Post-Statcast (2022 MVP),7,1,1,-0.7196491259393993,1.5198757064014867,FF,ball,Take (Called Strike)
2022,Post-Statcast (2022 MVP),9,3,1,0.3149029679650288,1.5125176549121395,FF,called_strike,Take (Called Strike)
2022,Post-Statcast (2022 MVP),1,1,3,-0.600707896687684,3.4176620325930487,KC,foul_tip,Swing
2022,Post-Statcast (2022 MVP),4,1,2,-0.7983108537619092,2.3269848052083097,KC,foul,Swing
2022,Post-Statcast (2022 MVP),9,3,1,0.561521966975795,2.128407286411335,FF,foul,Swing
2022,Post-Statcast (2022 MVP),4,1,2,-0.4986817474089564,2.7094841816042416,FF,called_strike,Take (Called Strike)
2022,Post-Statcast (2022 MVP),6,3,2,0.3836056339672998,2.529647379472,SL,called_strike,Take (Called Strike)
2022,Post-Statcast (2022 MVP),7,1,1,-0.4903125692693424,1.4869053010874234,SI,hit_into_play,Swing
2022,Post-Statcast (2022 MVP),6,3,2,0.3904593149694152,2.340858868622505,FF,hit_into_play,Swing
2022,Post-Statcast (2022 MVP),8,2,1,0.2563873388813064,1.706626875636787,FF,foul,Swing
2022,Post-Statcast (2022 MVP),7,1,1,-0.43908560972704613,1.9462540211905055,FF,foul,Swing
2022,Post-Statcast (2022 MVP),5,2,2,0.02724005713721333,2.39910916928252,SI,hit_into_play,Swing
2022,Post-Statcast (2022 MVP),5,2,2,0.04368950978814925,2.248755878084164,CU,hit_into_play,Swing
2022,Post-Statcast (2022 MVP),4,1,2,-0.6992830510438945,2.6284051461237703,FF,called_strike,Take (Called Strike)
2022,Post-Statcast (2022 MVP),5,2,2,0.03754920261650507,2.614108499195205,FF,foul,Swing
2022,Post-Statcast (2022 MVP),7,1,1,-0.7363640859470363,1.8171345729518855,FF,foul,Swing
2022,Post-Statcast (2022 MVP),6,3,2,0.534704837782195,2.7723192162326837,FF,foul,Swing
2022,Post-Statcast (2022 MVP),1,1,3,-0.5330766626301394,3.081090950271158,FF,foul,Swing
2022,Post-Statcast (2022 MVP),7,1,1,-0.3630694328751919,1.951189937054442,FF,hit_into_play,Swing
2022,Post-Statcast (2022 MVP),9,3,1,0.8258200439897443,2.1575466651914574,FC,swinging_strike,Swing
2022,Post-Statcast (2022 MVP),8,2,1,0.02050886788630995,1.9690265228639263,SL,foul_tip,Swing
2022,Post-Statcast (2022 MVP),8,2,1,0.10697547184499157,2.132497909072151,FF,called_strike,Take (Called Strike)
