year,era,zone,x,y,plate_x,plate_z,pitch_type,description,outcome
2014,Pre-Statcast (2014 Breakout),6,3,2,0.6525954374997438,2.934875247294628,SL,hit_into_play,Swing
2014,Pre-Statcast (2014 Breakout),5,2,2,-0.05717273526640593,2.7024005962827182,SL,swinging_strike,Swing
2014,Pre-Statcast (2014 Breakout),6,3,2,0.710308894839945,2.2669048035156525,CU,hit_into_play,Swing
2014,Pre-Statcast (2014 Breakout),9,3,1,0.4484336575546799,1.83264909923886,SL,hit_into_play,Swing
2014,Pre-Statcast (2014 Breakout),8,2,1,0.13986297167461392,1.835886595627371,SL,foul,Swing
2014,Pre-Statcast (2014 Breakout),9,3,1,0.5892893109186549,2.3159397007654814,FF,called_strike,Take (Called Strike)
2014,Pre-Statcast (2014 Breakout),6,3,2,0.6693815097043383,2.302565929293337,FF,foul,Swing
2014,Pre-Statcast (2014 Breakout),7,1,1,-0.5202175720622648,2.18913320247491,FF,foul,Swing
2014,Pre-Statcast (2014 Breakout),8,2,1,-0.20436442881858752,1.7735636964793606,SL,swinging_strike,Swing
2014,Pre-Statcast (2014 Breakout),9,3,1,0.46630758974527386,2.126673813836502,SL,hit_into_play,Swing
2014,Pre-Statcast (2014 Breakout),7,1,1,-0.6927084399378965,2.0285524015432626,FF,foul,Swing
2014,Pre-Statcast (2014 Breakout),4,1,2,-0.5899785927434958,2.587466118065851,FF,hit_into_play,Swing
2014,Pre-Statcast (2014 Breakout),8,2,1,-0.0678932206829812,2.0865785939586416,SL,swinging_strike,Swing
2014,Pre-Statcast (2014 Breakout),3,3,3,0.6315243884651771,3.0133773541466846,FF,hit_into_play,Swing
2014,Pre-Statcast (2014 Breakout),3,3,3,0.554187436069984,3.298662958050197,SL,called_strike,Take (Called Strike)
2014,Pre-Statcast (2014 Breakout),2,2,3,-0.12346864527571444,3.375484245513193,FF,hit_into_play,Swing
2014,Pre-Statcast (2014 Breakout),4,1,2,-0.3185324301812703,2.8419317354007965,FF,swinging_strike,Swing
2014,Pre-Statcast (2014 Breakout),6,3,2,0.5267862593957214,2.316063552143103,CU,hit_into_play,Swing
2014,Pre-Statcast (2014 Breakout),8,2,1,0.14050154799839282,2.1822864533720265,FF,foul,Swing
2014,Pre-Statcast (2014 Breakout),5,2,2,0.15175764560487837,2.8452944441410946,FF,hit_into_play,Swing
2014,Pre-Statcast (2014 Breakout),4,1,2,-0.3775903429685259,2.6120708857144175,FF,swinging_strike,Swing
2014,Pre-Statcast (2014 Breakout),8,2,1,0.07837649615064946,1.9266622088568788,CH,hit_into_play,Swing
2014,Pre-Statcast (2014 Breakout),6,3,2,0.505822219582158,2.272734875732391,CH,hit_into_play,Swing
2014,Pre-Statcast (2014 Breakout),5,2,2,0.1255821669701267,2.8717628690449617,SL,foul,Swing
2014,Pre-Statcast (2014 Breakout),8,2,1,-0.0556314593867917,2.0581889287392925,CH,foul,Swing
2014,Pre-Statcast (2014 Breakout),1,1,3,-0.5815349816533468,3.1583775881807075,SI,swinging_strike,Swing
2014,Pre-Statcast (2014 Breakout),5,2,2,-0.06220413324599483,2.364067728117506,SL,called_strike,Take (Called Strike)
2014,Pre-Statcast (2014 Breakout),4,1,2,-0.47182211333107055,2.2400279821403086,SL,hit_into_play,Swing
2014,Pre-Statcast (2014 Breakout),3,3,3,0.607008037664995,3.1805659084337794,FF,hit_into_play,Swing
2014,Pre-Statcast (2014 Breakout),8,2,1,0.212682887196654,1.7421531124390164,FC,swinging_strike,Swing
2014,Pre-Statcast (2014 Breakout),8,2,1,0.2148780022041168,1.7014935826921764,SI,foul,Swing
2014,Pre-Statcast (2014 Breakout),3,3,3,0.5436432921245253,3.039539173140244,FC,foul,Swing
2014,Pre-Statcast (2014 Breakout),4,1,2,-0.7624984847765948,2.836682979093023,SI,foul,Swing
2014,Pre-Statcast (2014 Breakout),6,3,2,0.6250020063177055,2.517688207593832,SI,called_strike,Take (Called Strike)
2014,Pre-Statcast (2014 Breakout),1,1,3,-0.5870281106944617,3.2008846987211887,SI,called_strike,Take (Called Strike)
2014,Pre-Statcast (2014 Breakout),5,2,2,0.15199675773126364,2.835266363458017,CU,hit_into_play,Swing
2014,Pre-Statcast (2014 Breakout),9,3,1,0.5562219944619853,1.8701350672793169,FF,called_strike,Take (Called Strike)
2014,Pre-Statcast (2014 Breakout),1,1,3,-0.38228739912189735,3.396175296307452,SI,called_strike,Take (Called Strike)
2014,Pre-Statcast (2014 Breakout),9,3,1,0.4111388066373469,1.6900920908674488,FF,ball,Take (Called Strike)
2014,Pre-Statcast (2014 Breakout),7,1,1,-0.6064756008481467,2.215805765058163,SI,hit_into_play,Swing
2014,Pre-Statcast (2014 Breakout),6,3,2,0.30506059622413995,2.468645309436834,SL,hit_into_play,Swing
2014,Pre-Statcast (2014 Breakout),5,2,2,-0.12403896559676976,2.3607312205904067,CU,swinging_strike,Swing
2014,Pre-Statcast (2014 Breakout),5,2,2,0.18662036932070147,2.3297116188338207,SL,called_strike,Take (Called Strike)
2014,Pre-Statcast (2014 Breakout),6,3,2,0.6290622391993581,2.643288757776652,SI,called_strike,Take (Called Strike)
2014,Pre-Statcast (2014 Breakout),8,2,1,-0.26137045094071854,2.2283785134235226,SI,hit_into_play,Swing
2014,Pre-Statcast (2014 Breakout),8,2,1,-0.03461531630794612,1.8552018253018927,SI,called_strike,Take (Called Strike)
2014,Pre-Statcast (2014 Breakout),2,2,3,0.05449821078810168,3.5572188052274156,SI,ball,Take (Called Strike)
2014,Pre-Statcast (2014 Breakout),5,2,2,-0.1674570353878818,2.629026921087391,FF,foul,Swing
2014,Pre-Statcast (2014 Breakout),5,2,2,-0.11340482589826006,2.702531097265054,FF,foul,Swing
2014,Pre-Statcast (2014 Breakout),4,1,2,-0.4074860076793436,2.752181586693168,SI,called_strike,Take (Called Strike)
2014,Pre-Statcast (2014 Breakout),8,2,1,-0.1073292551443999,1.512860815729092,KC,swinging_strike,Swing
2014,Pre-Statcast (2014 Breakout),5,2,2,0.16146774605651854,2.3037384536622363,KC,hit_into_play,Swing
2014,Pre-Statcast (2014 Breakout),2,2,3,0.19009719024780297,3.240284836250468,FC,called_strike,Take (Called Strike)
2014,Pre-Statcast (2014 Breakout),6,3,2,0.7889931119227765,2.7749411114045204,FF,swinging_strike,Swing
2014,Pre-Statcast (2014 Breakout),9,3,1,0.4325479144851776,1.7709666603749177,KC,foul_tip,Swing
2014,Pre-Statcast (2014 Breakout),5,2,2,-0.19516802152345525,2.795467914899855,CH,foul,Swing
2014,Pre-Statcast (2014 Breakout),9,3,1,0.6356402287773849,1.5258932732732964,FF,ball,Take (Called Strike)
2014,Pre-Statcast (2014 Breakout),9,3,1,0.5542647493570927,1.6176761709433962,CH,foul,Swing
2014,Pre-Statcast (2014 Breakout),9,3,1,0.7313158272550424,2.011294607211936,CH,swinging_strike,Swing
2014,Pre-Statcast (2014 Breakout),9,3,1,0.6201680825680127,1.5640513245844216,KC,called_strike,Take (Called Strike)
2014,Pre-Statcast (2014 Breakout),9,3,1,0.5222865086714836,1.983220878239779,CH,hit_into_play,Swing
2014,Pre-Statcast (2014 Breakout),7,1,1,-0.4838729569335596,2.026343637613671,CH,called_strike,Take (Called Strike)
2014,Pre-Statcast (2014 Breakout),7,1,1,-0.38471031021030416,2.185930686623899,SL,hit_into_play,Swing
2014,Pre-Statcast (2014 Breakout),4,1,2,-0.495244084795137,2.599819067778919,CU,hit_into_play,Swing
2014,Pre-Statcast (2014 Breakout),6,3,2,0.2824457341039084,2.7379512520296103,SI,called_strike,Take (Called Strike)
2014,Pre-Statcast (2014 Breakout),4,1,2,-0.6223825425856273,2.913174305622254,SI,hit_into_play,Swing
2014,Pre-Statcast (2014 Breakout),9,3,1,0.35307288578076934,2.162784923926153,SL,foul,Swing
2014,Pre-Statcast (2014 Breakout),2,2,3,0.1110591793138338,3.2216798750335807,SI,called_strike,Take (Called Strike)
2014,Pre-Statcast (2014 Breakout),7,1,1,-0.2926348548731187,1.7835609462855095,SI,hit_into_play,Swing
2014,Pre-Statcast (2014 Breakout),6,3,2,0.46304155793817214,2.2904208264736043,CU,hit_into_play,Swing
2014,Pre-Statcast (2014 Breakout),1,1,3,-0.3698076687188373,3.4430396634331455,FF,called_strike,Take (Called Strike)
2014,Pre-Statcast (2014 Breakout),5,2,2,-0.0672645478791738,2.2508607812132153,SL,hit_into_play,Swing
2014,Pre-Statcast (2014 Breakout),5,2,2,0.01746822676983317,2.254946759581782,FF,foul,Swing
2014,Pre-Statcast (2014 Breakout),4,1,2,-0.6289642083440056,2.82182133509028,FF,foul,Swing
2014,Pre-Statcast (2014 Breakout),9,3,1,0.5020132082844136,2.150032187974984,SL,foul,Swing
2014,Pre-Statcast (2014 Breakout),7,1,1,-0.43213233574923177,1.5187769185425892,FF,foul,Swing
2014,Pre-Statcast (2014 Breakout),8,2,1,-0.07831819266930151,2.012136264838631,CU,foul,Swing
2014,Pre-Statcast (2014 Breakout),3,3,3,0.3498097521144835,3.4701607244093147,FF,called_strike,Take (Called Strike)
2014,Pre-Statcast (2014 Breakout),6,3,2,0.33939336425693223,2.825517364727564,SI,hit_into_play,Swing
2014,Pre-Statcast (2014 Breakout),8,2,1,-0.21927880968755345,1.7815273612699534,FF,hit_into_play,Swing
2014,Pre-Statcast (2014 Breakout),9,3,1,0.5116339977348099,1.8313993398309507,SL,called_strike,Take (Called Strike)
2014,Pre-Statcast (2014 Breakout),6,3,2,0.6748562266295121,2.7802755980898346,FC,foul,Swing
2014,Pre-Statcast (2014 Breakout),6,3,2,0.5354252513164235,2.620847472711155,FF,called_strike,Take (Called Strike)
2014,Pre-Statcast (2014 Breakout),6,3,2,0.735786371198925,2.975262368053657,FF,called_strike,Take (Called Strike)
2014,Pre-Statcast (2014 Breakout),7,1,1,-0.729714440788585,2.0716868895440834,FF,hit_into_play,Swing
2014,Pre-Statcast (2014 Breakout),6,3,2,0.4039244951017016,2.6185511866367137,CH,hit_into_play,Swing
2014,Pre-Statcast (2014 Breakout),6,3,2,0.30579718800160427,2.661172747726395,KC,foul,Swing
2014,Pre-Statcast (2014 Breakout),9,3,1,0.5160830636890834,2.053010664899496,CH,swinging_strike,Swing
2014,Pre-Statcast (2014 Breakout),5,2,2,-0.0966587260845374,2.6917759041035834,FF,foul,Swing
2014,Pre-Statcast (2014 Breakout),6,3,2,0.686899124732784,2.559314256019264,FF,called_strike,Take (Called Strike)
2014,Pre-Statcast (2014 Breakout),5,2,2,0.27265445265756827,2.777481635510787,FF,called_strike,Take (Called Strike)
2014,Pre-Statcast (2014 Breakout),8,2,1,0.18459604126309603,2.069985818714767,FF,foul,Swing
2014,Pre-Statcast (2014 Breakout),3,3,3,0.4706689837676877,3.399567170397781,FC,swinging_strike,Swing
2014,Pre-Statcast (2014 Breakout),5,2,2,-0.25030328888393555,2.754183401436009,FC,foul,Swing
2014,Pre-Statcast (2014 Breakout),2,2,3,-0.08287870483067017,3.1870870231878587,FC,called_strike,Take (Called Strike)
2014,Pre-Statcast (2014 Breakout),9,3,1,0.46457015607996177,2.204346039303737,SL,hit_into_play,Swing
2014,Pre-Statcast (2014 Breakout),4,1,2,-0.8091459577624613,2.329905336697122,SI,hit_into_play,Swing
2014,Pre-Statcast (2014 Breakout),8,2,1,-0.0609783981812832,2.0193568941734843,SL,hit_into_play,Swing
2014,Pre-Statcast (2014 Breakout),8,2,1,0.12414972844387928,2.2277001292715974,CU,hit_into_play,Swing
2014,Pre-Statcast (2014 Breakout),6,3,2,0.4800715225211253,2.389347450376046,CU,foul,Swing
2014,Pre-Statcast (2014 Breakout),4,1,2,-0.796277367261667,2.868535719298603,CU,called_strike,Take (Called Strike)
2014,Pre-Statcast (2014 Breakout),7,1,1,-0.6972986450288633,1.5928101606922975,CH,swinging_strike,Swing
2014,Pre-Statcast (2014 Breakout),8,2,1,-0.04938240874526922,1.7337998718317862,KC,foul,Swing
2014,Pre-Statcast (2014 Breakout),4,1,2,-0.5660833515139774,2.2992047941513016,CH,foul,Swing
2014,Pre-Statcast (2014 Breakout),4,1,2,-0.5190954436332635,2.7251081908820516,FC,foul,Swing
2014,Pre-Statcast (2014 Breakout),5,2,2,-0.13826674948773263,2.723355589026485,FF,hit_into_play,Swing
2014,Pre-Statcast (2014 Breakout),9,3,1,0.7325382370403972,2.010856299564897,CH,swinging_strike,Swing
2014,Pre-Statcast (2014 Breakout),5,2,2,0.08390119471641799,2.9831961600656225,FF,hit_into_play,Swing
2014,Pre-Statcast (2014 Breakout),4,1,2,-0.7197918793449256,2.5751820114478727,FF,hit_into_play,Swing
2014,Pre-Statcast (2014 Breakout),1,1,3,-0.4434214186693223,3.100964982297534,FF,swinging_strike,Swing
2014,Pre-Statcast (2014 Breakout),8,2,1,0.0965048345137468,1.596241758659294,FC,hit_into_play,Swing
2014,Pre-Statcast (2014 Breakout),7,1,1,-0.3648886396394158,2.20797904423498,CH,foul_tip,Swing
2014,Pre-Statcast (2014 Breakout),5,2,2,-0.2152837919832624,2.6670642360409085,CH,foul,Swing
2014,Pre-Statcast (2014 Breakout),3,3,3,0.8022839025982558,3.1936000824491644,FC,foul,Swing
2014,Pre-Statcast (2014 Breakout),7,1,1,-0.3384700524757326,2.1782465822939763,SL,swinging_strike,Swing
2014,Pre-Statcast (2014 Breakout),1,1,3,-0.35041597448832396,3.1344684828033262,FF,hit_into_play,Swing
2014,Pre-Statcast (2014 Breakout),8,2,1,-0.1664881778775502,1.6116938254235895,SI,ball,Take (Called Strike)
2014,Pre-Statcast (2014 Breakout),8,2,1,0.0950320120306114,2.0979535778127465,SL,foul,Swing
2014,Pre-Statcast (2014 Breakout),9,3,1,0.7056985091969394,2.1944867692562005,SL,swinging_strike,Swing
2014,Pre-Statcast (2014 Breakout),7,1,1,-0.43381385068017697,1.878162146852848,FF,hit_into_play,Swing
2014,Pre-Statcast (2014 Breakout),5,2,2,-0.02785744742220575,2.4533370171824025,SI,hit_into_play,Swing
2014,Pre-Statcast (2014 Breakout),7,1,1,-0.3362296737160296,2.1210513905646997,FF,called_strike,Take (Called Strike)
2014,Pre-Statcast (2014 Breakout),6,3,2,0.7458801353655667,2.380305903516848,CU,swinging_strike,Swing
2014,Pre-Statcast (2014 Breakout),7,1,1,-0.5799751771803459,1.7393977947662909,SI,hit_into_play,Swing
2014,Pre-Statcast (2014 Breakout),4,1,2,-0.43337780600611486,2.674844518218971,CU,called_strike,Take (Called Strike)
2014,Pre-Statcast (2014 Breakout),9,3,1,0.7859849643147214,2.0571493831585466,FC,called_strike,Take (Called Strike)
2014,Pre-Statcast (2014 Breakout),4,1,2,-0.7497379100923616,2.3832229945973027,SI,hit_into_play,Swing
2014,Pre-Statcast (2014 Breakout),5,2,2,0.08468217632089181,2.406830611019639,SI,foul,Swing
2014,Pre-Statcast (2014 Breakout),8,2,1,-0.003469168073853,1.963540931012732,SI,foul,Swing
2014,Pre-Statcast (2014 Breakout),1,1,3,-0.40574515442377446,3.4406801475573157,FF,foul,Swing
2014,Pre-Statcast (2014 Breakout),7,1,1,-0.3748224442141983,1.8712108934905192,SI,called_strike,Take (Called Strike)
2014,Pre-Statcast (2014 Breakout),6,3,2,0.7799776672155286,2.304058793079945,CU,hit_into_play,Swing
2014,Pre-Statcast (2014 Breakout),5,2,2,0.25797166639972935,2.619353506616855,FF,foul,Swing
2014,Pre-Statcast (2014 Breakout),6,3,2,0.6297581770926268,2.3783145164066575,FC,called_strike,Take (Called Strike)
2014,Pre-Statcast (2014 Breakout),8,2,1,0.0269813482617709,1.8736382744789408,CU,hit_into_play,Swing
2014,Pre-Statcast (2014 Breakout),5,2,2,0.05659059260712384,2.446661731979954,FF,foul,Swing
2014,Pre-Statcast (2014 Breakout),4,1,2,-0.4065644095927717,2.2821457413241135,FC,hit_into_play,Swing
2014,Pre-Statcast (2014 Breakout),4,1,2,-0.5980795565328259,2.9028689902125793,FF,foul,Swing
2014,Pre-Statcast (2014 Breakout),4,1,2,-0.6214442658871222,2.768509734236427,FF,swinging_strike,Swing
2014,Pre-Statcast (2014 Breakout),9,3,1,0.4057385506292244,1.9336823218136685,SL,hit_into_play,Swing
2014,Pre-Statcast (2014 Breakout),6,3,2,0.44182329462500514,2.8779267006388793,SL,called_strike,Take (Called Strike)
2014,Pre-Statcast (2014 Breakout),6,3,2,0.615094384712865,2.906499881115781,FF,swinging_strike,Swing
2014,Pre-Statcast (2014 Breakout),9,3,1,0.3457090817452716,2.068786202694657,SL,foul,Swing
2014,Pre-Statcast (2014 Breakout),3,3,3,0.45170940479580635,3.4195581866990454,FF,foul,Swing
2014,Pre-Statcast (2014 Breakout),8,2,1,0.09770764079815014,1.9773340569959292,CU,foul,Swing
2014,Pre-Statcast (2014 Breakout),9,3,1,0.7217173041207631,1.7339855464902485,FF,called_strike,Take (Called Strike)
2014,Pre-Statcast (2014 Breakout),8,2,1,-0.10235255285103084,1.6964175213082513,FF,hit_into_play,Swing
2014,Pre-Statcast (2014 Breakout),8,2,1,-0.22705971814524167,1.9699219441934472,FC,foul,Swing
2014,Pre-Statcast (2014 Breakout),4,1,2,-0.2948440963063519,2.8094035133369255,FF,called_strike,Take (Called Strike)
2014,Pre-Statcast (2014 Breakout),7,1,1,-0.48733613539346066,1.7355284686372578,CH,swinging_strike,Swing
2014,Pre-Statcast (2014 Breakout),7,1,1,-0.6368828157784912,1.8588288486276752,FF,hit_into_play,Swing
2014,Pre-Statcast (2014 Breakout),8,2,1,0.11627420431353674,1.918337826973908,FC,called_strike,Take (Called Strike)
2014,Pre-Statcast (2014 Breakout),8,2,1,-0.0995337458836888,1.767163838335312,CH,swinging_strike,Swing
2014,Pre-Statcast (2014 Breakout),6,3,2,0.6563558305108974,2.3534001902548036,SL,hit_into_play,Swing
2014,Pre-Statcast (2014 Breakout),3,3,3,0.3452127783863216,3.3756485182934775,SI,swinging_strike,Swing
2014,Pre-Statcast (2014 Breakout),2,2,3,-0.2226073414523435,3.1179736290391693,CU,foul,Swing
2014,Pre-Statcast (2014 Breakout),1,1,3,-0.6388239815868328,3.323750917404031,SL,called_strike,Take (Called Strike)
2014,Pre-Statcast (2014 Breakout),1,1,3,-0.650438610243921,3.251818155889768,FF,foul,Swing
2014,Pre-Statcast (2014 Breakout),9,3,1,0.39623685732843367,1.372282346982927,SL,ball,Take (Called Strike)
2014,Pre-Statcast (2014 Breakout),2,2,3,0.07373999503976186,3.5321938439874216,FF,swinging_strike,Swing
2014,Pre-Statcast (2014 Breakout),6,3,2,0.5671528868082119,2.995738131964127,FF,swinging_strike,Swing
2014,Pre-Statcast (2014 Breakout),6,3,2,0.5821558719280615,2.507144077240966,FF,called_strike,Take (Called Strike)
2014,Pre-Statcast (2014 Breakout),1,1,3,-0.4095781574428067,3.20787567154797,FF,foul,Swing
2014,Pre-Statcast (2014 Breakout),5,2,2,-0.04989269650733385,2.6277768905621475,FF,called_strike,Take (Called Strike)
2014,Pre-Statcast (2014 Breakout),4,1,2,-0.6574869129714196,2.5150650512650494,CH,called_strike,Take (Called Strike)
2014,Pre-Statcast (2014 Breakout),4,1,2,-0.2879181849266639,2.589375023289223,SL,foul,Swing
2014,Pre-Statcast (2014 Breakout),4,1,2,-0.4146646437911241,2.5032112018492834,CH,foul,Swing
2014,Pre-Statcast (2014 Breakout),6,3,2,0.5518477197548183,2.6156199686101034,SL,hit_into_play,Swing
2014,Pre-Statcast (2014 Breakout),5,2,2,0.15262744190486754,2.703588770692699,SL,foul,Swing
2014,Pre-Statcast (2014 Breakout),6,3,2,0.38359257307745886,2.550888238344096,FF,hit_into_play,Swing
2014,Pre-Statcast (2014 Breakout),6,3,2,0.48550840787763894,2.6468964198158536,SL,foul,Swing
2014,Pre-Statcast (2014 Breakout),4,1,2,-0.5919449532200571,2.4190955734162314,SI,hit_into_play,Swing
2014,Pre-Statcast (2014 Breakout),6,3,2,0.5709128537395679,2.4069542418431107,FF,hit_into_play,Swing
2014,Pre-Statcast (2014 Breakout),1,1,3,-0.485931516906938,3.421987742610279,SL,ball,Take (Called Strike)
2014,Pre-Statcast (2014 Breakout),5,2,2,-0.27241275467193526,2.7204489646181504,CU,called_strike,Take (Called Strike)
2014,Pre-Statcast (2014 Breakout),8,2,1,-0.13388401086990998,2.2184874555411107,SI,swinging_strike,Swing
2014,Pre-Statcast (2014 Breakout),6,3,2,0.4549082238328952,2.796140416926896,FF,foul,Swing
2014,Pre-Statcast (2014 Breakout),6,3,2,0.5640709102877637,2.6847816495898336,FF,swinging_strike,Swing
2014,Pre-Statcast (2014 Breakout),9,3,1,0.543627454948274,1.759235102118823,CU,swinging_strike,Swing
2014,Pre-Statcast (2014 Breakout),9,3,1,0.487849392676851,1.7194609905850222,SL,swinging_strike,Swing
2014,Pre-Statcast (2014 Breakout),4,1,2,-0.6374670703497514,2.855815473491514,SI,hit_into_play,Swing
2014,Pre-Statcast (2014 Breakout),9,3,1,0.8236691448841967,2.2279924009980183,SL,called_strike,Take (Called Strike)
2014,Pre-Statcast (2014 Breakout),9,3,1,0.554072881822818,2.2015570206434942,FF,called_strike,Take (Called Strike)
2014,Pre-Statcast (2014 Breakout),5,2,2,0.05686998622606776,2.874040837317158,FF,foul,Swing
2014,Pre-Statcast (2014 Breakout),1,1,3,-0.3084649790684332,3.120683901460618,FF,foul,Swing
2014,Pre-Statcast (2014 Breakout),5,2,2,0.01962388667048921,2.4494629092939157,FF,swinging_strike,Swing
2014,Pre-Statcast (2014 Breakout),4,1,2,-0.8040207395868187,2.658727137130807,FF,hit_into_play,Swing
2014,Pre-Statcast (2014 Breakout),9,3,1,0.32195475562657305,2.235738353409926,FF,called_strike,Take (Called Strike)
2014,Pre-Statcast (2014 Breakout),7,1,1,-0.4359354082898904,1.5394047333955858,SI,swinging_strike,Swing
2014,Pre-Statcast (2014 Breakout),6,3,2,0.33484180255239915,2.8445592703655502,SI,swinging_strike,Swing
2014,Pre-Statcast (2014 Breakout),4,1,2,-0.6740234138000194,2.292478869408512,SI,foul,Swing
2014,Pre-Statcast (2014 Breakout),2,2,3,0.25862127478710506,3.2286753488580597,SI,foul,Swing
2014,Pre-Statcast (2014 Breakout),6,3,2,0.6649260250877767,2.408551189834161,CH,foul,Swing
2014,Pre-Statcast (2014 Breakout),8,2,1,-0.21720085379012757,1.9442746967881788,SI,hit_into_play,Swing
2014,Pre-Statcast (2014 Breakout),6,3,2,0.3703081876545875,2.4070718590855513,CH,hit_into_play,Swing
2014,Pre-Statcast (2014 Breakout),5,2,2,0.14676690755336974,2.8003193031009044,SI,swinging_strike,Swing
2014,Pre-Statcast (2014 Breakout),8,2,1,0.09151548453683488,2.2008055193082323,SL,foul,Swing
2014,Pre-Statcast (2014 Breakout),9,3,1,0.6478552002698876,2.0793853657789896,SL,called_strike,Take (Called Strike)
2014,Pre-Statcast (2014 Breakout),2,2,3,0.15715925539082276,3.607177699400461,CH,swinging_strike,Swing
2014,Pre-Statcast (2014 Breakout),6,3,2,0.3505373091720616,2.4998630322962905,CH,foul,Swing
2014,Pre-Statcast (2014 Breakout),4,1,2,-0.4527194893779565,2.3734011885526867,SL,foul,Swing
2014,Pre-Statcast (2014 Breakout),5,2,2,0.1098718443455613,2.7688615879572747,SL,hit_into_play,Swing
2014,Pre-Statcast (2014 Breakout),1,1,3,-0.4154243896316405,2.9908106545283273,SI,foul,Swing
2014,Pre-Statcast (2014 Breakout),6,3,2,0.409411799512303,2.542789811883665,SI,called_strike,Take (Called Strike)
2014,Pre-Statcast (2014 Breakout),4,1,2,-0.8274376787313045,2.7274634500307338,CH,swinging_strike,Swing
2014,Pre-Statcast (2014 Breakout),5,2,2,0.24563654495575984,2.2053713902991454,SL,called_strike,Take (Called Strike)
2014,Pre-Statcast (2014 Breakout),9,3,1,0.6575065232038664,1.9935099759812431,FC,hit_into_play,Swing
2014,Pre-Statcast (2014 Breakout),1,1,3,-0.5110557213814999,3.051141689960552,FF,hit_into_play,Swing
2014,Pre-Statcast (2014 Breakout),3,3,3,0.6457808802446194,3.0873839949136004,FF,swinging_strike,Swing
2014,Pre-Statcast (2014 Breakout),4,1,2,-0.33615123059455865,2.5798789152304087,FF,foul,Swing
2014,Pre-Statcast (2014 Breakout),2,2,3,-0.1878316916339332,3.1737149221584873,SL,swinging_strike,Swing
2014,Pre-Statcast (2014 Breakout),4,1,2,-0.4661727128991809,2.667401332041627,SL,foul,Swing
2014,Pre-Statcast (2014 Breakout),2,2,3,-0.2341147121185838,3.114983843301932,FF,foul_tip,Swing
2014,Pre-Statcast (2014 Breakout),1,1,3,-0.41119027250821694,3.5471984532394143,SI,called_strike,Take (Called Strike)
2014,Pre-Statcast (2014 Breakout),2,2,3,-0.25502687226473714,3.6186870006312426,FC,ball,Take (Called Strike)
2014,Pre-Statcast (2014 Breakout),7,1,1,-0.7917842791477543,1.7331976200830828,SI,hit_into_play,Swing
2014,Pre-Statcast (2014 Breakout),5,2,2,-0.15151237904242287,2.5775142856898388,SI,swinging_strike,Swing
2014,Pre-Statcast (2014 Breakout),9,3,1,0.7507796165637892,1.6337952103414135,CU,hit_into_play,Swing
2014,Pre-Statcast (2014 Breakout),9,3,1,0.5190277043604357,2.1529113668189086,SI,called_strike,Take (Called Strike)
2014,Pre-Statcast (2014 Breakout),4,1,2,-0.5813482437821035,2.482115443156813,SI,hit_into_play,Swing
2014,Pre-Statcast (2014 Breakout),5,2,2,-0.13427565479874182,2.9187853056900392,FF,hit_into_play,Swing
2014,Pre-Statcast (2014 Breakout),4,1,2,-0.8198160164258016,2.4115575573829027,FF,ball,Take (Called Strike)
2014,Pre-Statcast (2014 Breakout),3,3,3,0.7909110493800369,3.1606414550283035,SL,called_strike,Take (Called Strike)
2014,Pre-Statcast (2014 Breakout),7,1,1,-0.5725435697124793,1.7137612368783604,FS,foul,Swing
2014,Pre-Statcast (2014 Breakout),8,2,1,-0.03580403218463557,1.52278239765392,FS,hit_into_play,Swing
2014,Pre-Statcast (2014 Breakout),4,1,2,-0.4765669144545792,2.5611728173316934,FS,foul,Swing
2014,Pre-Statcast (2014 Breakout),4,1,2,-0.4908018852472221,2.6050729386658458,FS,swinging_strike,Swing
2014,Pre-Statcast (2014 Breakout),5,2,2,-0.06417147336500317,2.362816486194171,SI,called_strike,Take (Called Strike)
2014,Pre-Statcast (2014 Breakout),4,1,2,-0.3858267606222277,2.6918222886145844,SL,called_strike,Take (Called Strike)
2014,Pre-Statcast (2014 Breakout),9,3,1,0.35102596982401146,1.558961377829776,FS,ball,Take (Called Strike)
2014,Pre-Statcast (2014 Breakout),2,2,3,-0.02314447633538896,3.2325966114005773,SL,foul,Swing
2014,Pre-Statcast (2014 Breakout),9,3,1,0.7198931659221558,2.150250226468329,SL,swinging_strike,Swing
2014,Pre-Statcast (2014 Breakout),8,2,1,0.03281079170699164,2.0069237353378133,FF,called_strike,Take (Called Strike)
2014,Pre-Statcast (2014 Breakout),1,1,3,-0.6932030651840424,3.1676018118244755,CU,hit_into_play,Swing
2014,Pre-Statcast (2014 Breakout),8,2,1,0.1479021954072659,1.5630076558432853,CU,swinging_strike,Swing
2014,Pre-Statcast (2014 Breakout),1,1,3,-0.3619093612991572,3.280263608154723,CU,called_strike,Take (Called Strike)
2014,Pre-Statcast (2014 Breakout),3,3,3,0.47769657045624137,3.0474817130307517,SL,foul,Swing
2014,Pre-Statcast (2014 Breakout),1,1,3,-0.5884554463937139,3.0682975257351357,FF,swinging_strike,Swing
2014,Pre-Statcast (2014 Breakout),9,3,1,0.34659346802217283,2.1172930158952026,CU,called_strike,Take (Called Strike)
2014,Pre-Statcast (2014 Breakout),8,2,1,-0.06648875938195353,1.5635808985988362,SL,swinging_strike,Swing
2014,Pre-Statcast (2014 Breakout),4,1,2,-0.5052921573433256,2.888593885029139,FF,hit_into_play,Swing
2014,Pre-Statcast (2014 Breakout),6,3,2,0.48600411312336966,2.3617520624715898,FC,hit_into_play,Swing
2014,Pre-Statcast (2014 Breakout),8,2,1,0.05160665924498997,2.2254796789994495,SI,hit_into_play,Swing
2014,Pre-Statcast (2014 Breakout),7,1,1,-0.36949097860687696,1.7039475491223408,SI,swinging_strike,Swing
2014,Pre-Statcast (2014 Breakout),7,1,1,-0.4914822947337607,1.6799478275402866,SI,ball,Take (Called Strike)
2014,Pre-Statcast (2014 Breakout),4,1,2,-0.37309636252276346,2.256383176299086,SI,called_strike,Take (Called Strike)
2014,Pre-Statcast (2014 Breakout),5,2,2,-0.10032251247503424,2.9117894681008427,FF,hit_into_play,Swing
2014,Pre-Statcast (2014 Breakout),7,1,1,-0.6277487710496267,2.079227479610034,SI,foul,Swing
2014,Pre-Statcast (2014 Breakout),1,1,3,-0.7807912089373138,3.0281174180174992,CH,foul,Swing
2014,Pre-Statcast (2014 Breakout),9,3,1,0.6713408685398159,2.223188991502397,SL,foul,Swing
2014,Pre-Statcast (2014 Breakout),7,1,1,-0.3462591512740285,1.9014094764984664,FF,hit_into_play,Swing
2014,Pre-Statcast (2014 Breakout),9,3,1,0.7126188782164243,2.1366456688476374,SL,called_strike,Take (Called Strike)
2014,Pre-Statcast (2014 Breakout),8,2,1,0.21021657130745552,1.5246192788300883,SI,ball,Take (Called Strike)
2014,Pre-Statcast (2014 Breakout),3,3,3,0.48324549705746134,3.096421862203303,FF,called_strike,Take (Called Strike)
2014,Pre-Statcast (2014 Breakout),6,3,2,0.4360830076319394,2.5262475411307954,CU,hit_into_play,Swing
2014,Pre-Statcast (2014 Breakout),6,3,2,0.7686391262414198,2.805592491510378,SI,called_strike,Take (Called Strike)
2014,Pre-Statcast (2014 Breakout),7,1,1,-0.6444763871302815,1.999030657609055,SL,called_strike,Take (Called Strike)
2014,Pre-Statcast (2014 Breakout),2,2,3,-0.06306420709628437,3.4913995899080916,FF,swinging_strike,Swing
2014,Pre-Statcast (2014 Breakout),2,2,3,-0.17003494736145963,3.1044995653229805,SL,foul,Swing
2014,Pre-Statcast (2014 Breakout),6,3,2,0.6753463548240777,2.655810351633851,SL,hit_into_play,Swing
2014,Pre-Statcast (2014 Breakout),5,2,2,-0.06225840126104487,2.781180346846501,SI,foul,Swing
2014,Pre-Statcast (2014 Breakout),2,2,3,-0.06673820005623021,3.0788963961726212,FF,foul,Swing
2014,Pre-Statcast (2014 Breakout),1,1,3,-0.5466730139456663,3.1866890340246075,FF,hit_into_play,Swing
2014,Pre-Statcast (2014 Breakout),5,2,2,-0.14125577563148717,2.4321599450141296,SL,hit_into_play,Swing
2014,Pre-Statcast (2014 Breakout),8,2,1,-0.07137853819980702,1.8360257685114476,SL,hit_into_play,Swing
2014,Pre-Statcast (2014 Breakout),2,2,3,-0.16701092491430714,3.0749923079731594,FF,hit_into_play,Swing
2014,Pre-Statcast (2014 Breakout),9,3,1,0.44446786160027074,1.9353751406150752,FF,called_strike,Take (Called Strike)
2014,Pre-Statcast (2014 Breakout),6,3,2,0.3651270647017924,2.377519626753291,FC,hit_into_play,Swing
2014,Pre-Statcast (2014 Breakout),5,2,2,0.16882248852749596,2.928927012626391,FF,foul,Swing
2014,Pre-Statcast (2014 Breakout),9,3,1,0.6104594895287658,1.7016860223032004,SL,hit_into_play,Swing
2014,Pre-Statcast (2014 Breakout),5,2,2,-0.17177299177556432,2.9513753307894772,SL,swinging_strike,Swing
2014,Pre-Statcast (2014 Breakout),4,1,2,-0.5987866942173202,2.715024016095227,FF,hit_into_play,Swing
2014,Pre-Statcast (2014 Breakout),9,3,1,0.4224730381872246,1.698936431777877,FF,called_strike,Take (Called Strike)
2014,Pre-Statcast (2014 Breakout),7,1,1,-0.709572177744058,2.2181314554093454,FF,foul,Swing
2014,Pre-Statcast (2014 Breakout),6,3,2,0.5445115265546843,2.8461781826810406,SI,hit_into_play,Swing
2014,Pre-Statcast (2014 Breakout),1,1,3,-0.4370522836691398,3.473216012192418,CH,foul,Swing
2014,Pre-Statcast (2014 Breakout),5,2,2,0.119875941136116,2.74807995046325,FF,swinging_strike,Swing
2014,Pre-Statcast (2014 Breakout),6,3,2,0.4617327237716628,2.6268879799573233,SL,hit_into_play,Swing
2014,Pre-Statcast (2014 Breakout),5,2,2,0.05029504979361676,2.6787102103289553,CH,foul,Swing
2014,Pre-Statcast (2014 Breakout),6,3,2,0.6572311036740013,2.9898127280764166,FF,foul,Swing
2014,Pre-Statcast (2014 Breakout),2,2,3,-0.03538238050330006,3.2619334767691255,FF,called_strike,Take (Called Strike)
2014,Pre-Statcast (2014 Breakout),9,3,1,0.502785909354549,1.790406755778606,FF,called_strike,Take (Called Strike)
2014,Pre-Statcast (2014 Breakout),7,1,1,-0.4263531647660197,1.777084045699742,CH,swinging_strike,Swing
2014,Pre-Statcast (2014 Breakout),9,3,1,0.3171407683861047,1.968402792549978,SI,foul,Swing
2014,Pre-Statcast (2014 Breakout),7,1,1,-0.30382394689182246,1.5899157892540052,FF,foul,Swing
2014,Pre-Statcast (2014 Breakout),7,1,1,-0.6747034607223267,2.204360132334174,FS,foul,Swing
2014,Pre-Statcast (2014 Breakout),4,1,2,-0.5115798369752006,2.7056503539591765,FF,hit_into_play,Swing
2014,Pre-Statcast (2014 Breakout),2,2,3,0.21945099202894383,3.143150483725604,FF,hit_into_play,Swing
2014,Pre-Statcast (2014 Breakout),4,1,2,-0.6528379690986298,2.5479766295272928,FS,foul,Swing
2014,Pre-Statcast (2014 Breakout),1,1,3,-0.7801621479064451,3.3409196313095535,SL,called_strike,Take (Called Strike)
2014,Pre-Statcast (2014 Breakout),4,1,2,-0.3907475699412344,2.4553938601578533,SL,called_strike,Take (Called Strike)
2014,Pre-Statcast (2014 Breakout),3,3,3,0.742476879701313,3.7083142498855457,FF,foul,Swing
2014,Pre-Statcast (2014 Breakout),5,2,2,0.2721302296802053,2.8574446319120073,SL,foul,Swing
2014,Pre-Statcast (2014 Breakout),6,3,2,0.5768212021261633,2.5302674235353657,FF,swinging_strike,Swing
2014,Pre-Statcast (2014 Breakout),6,3,2,0.4009168357353743,2.8365485393221,SL,called_strike,Take (Called Strike)
2014,Pre-Statcast (2014 Breakout),9,3,1,0.6094418090188636,1.911427491577439,SL,swinging_strike,Swing
2014,Pre-Statcast (2014 Breakout),6,3,2,0.4508567320487019,2.6138459760101753,SL,foul,Swing
2014,Pre-Statcast (2014 Breakout),5,2,2,0.0888763440606507,2.6006083233653428,SL,foul,Swing
2014,Pre-Statcast (2014 Breakout),4,1,2,-0.5836553497202372,2.8699365347972705,FF,hit_into_play,Swing
2014,Pre-Statcast (2014 Breakout),3,3,3,0.4496564800468157,3.2605494901875858,FF,swinging_strike,Swing
2014,Pre-Statcast (2014 Breakout),3,3,3,0.34441793794874287,3.286607300084139,FF,swinging_strike,Swing
2014,Pre-Statcast (2014 Breakout),1,1,3,-0.6999430428509154,3.1035285068524323,FF,foul,Swing
2014,Pre-Statcast (2014 Breakout),4,1,2,-0.543566373647107,2.3849028327809867,CU,hit_into_play,Swing
2014,Pre-Statcast (2014 Breakout),4,1,2,-0.7428495065805538,2.557215053848622,FF,hit_into_play,Swing
2014,Pre-Statcast (2014 Breakout),8,2,1,0.27455864672690256,2.054638872791341,SL,hit_into_play,Swing
2014,Pre-Statcast (2014 Breakout),4,1,2,-0.6004005850207674,2.2458431182003196,SL,foul,Swing
2014,Pre-Statcast (2014 Breakout),6,3,2,0.5911962509115898,2.981166474823942,FF,hit_into_play,Swing
2014,Pre-Statcast (2014 Breakout),6,3,2,0.45664568927220983,2.886574111632014,FC,hit_into_play,Swing
2014,Pre-Statcast (2014 Breakout),3,3,3,0.4661639637664745,3.0095699043114252,SI,ball,Take (Called Strike)
2014,Pre-Statcast (2014 Breakout),2,2,3,-0.14518347240701113,3.0515978067695273,FC,called_strike,Take (Called Strike)
2014,Pre-Statcast (2014 Breakout),1,1,3,-0.5733394257623671,3.2325307079236776,SL,hit_into_play,Swing
2014,Pre-Statcast (2014 Breakout),7,1,1,-0.3051946905752757,2.0221554631522074,SL,swinging_strike,Swing
2014,Pre-Statcast (2014 Breakout),6,3,2,0.4426101881065277,2.7296990845984097,SL,called_strike,Take (Called Strike)
2014,Pre-Statcast (2014 Breakout),8,2,1,0.22053196552014365,2.0454910629471192,SI,hit_into_play,Swing
2014,Pre-Statcast (2014 Breakout),2,2,3,0.15808887252935566,3.6261812540198446,SL,ball,Take (Called Strike)
2014,Pre-Statcast (2014 Breakout),5,2,2,-0.1981781637404314,2.752318873489136,SI,foul,Swing
2014,Pre-Statcast (2014 Breakout),8,2,1,-0.02209006107850641,2.070584378270119,FF,hit_into_play,Swing
2014,Pre-Statcast (2014 Breakout),7,1,1,-0.49665854423463374,2.064828234731582,FF,hit_into_play,Swing
2014,Pre-Statcast (2014 Breakout),1,1,3,-0.8130021996035979,3.1786196454188635,FF,foul,Swing
2014,Pre-Statcast (2014 Breakout),1,1,3,-0.4398319667682462,3.613600871722842,FF,swinging_strike,Swing
2014,Pre-Statcast (2014 Breakout),8,2,1,-0.03536829563245303,2.188646281530239,FF,foul,Swing
2014,Pre-Statcast (2014 Breakout),7,1,1,-0.30884735737935165,2.162046483987634,FF,hit_into_play,Swing
2014,Pre-Statcast (2014 Breakout),6,3,2,0.37279115739163426,2.6257850591943175,CH,hit_into_play,Swing
2014,Pre-Statcast (2014 Breakout),8,2,1,0.10894748243286244,2.2206833233285543,FF,foul,Swing
2014,Pre-Statcast (2014 Breakout),4,1,2,-0.7415812282838156,2.382126362416723,FF,foul,Swing
2014,Pre-Statcast (2014 Breakout),7,1,1,-0.7459941302734108,2.1395946684451888,FF,foul,Swing
2014,Pre-Statcast (2014 Breakout),4,1,2,-0.7608257851569145,2.2672269068966484,FF,called_strike,Take (Called Strike)
2014,Pre-Statcast (2014 Breakout),5,2,2,0.19954442939988515,2.648206275616413,FF,called_strike,Take (Called Strike)
2014,Pre-Statcast (2014 Breakout),4,1,2,-0.7772933567879645,2.555774699864906,FC,hit_into_play,Swing
2014,Pre-Statcast (2014 Breakout),5,2,2,0.12191321625705626,2.417395359683642,FC,foul,Swing
2014,Pre-Statcast (2014 Breakout),2,2,3,0.07470789434344527,3.386746082365206,FC,called_strike,Take (Called Strike)
2014,Pre-Statcast (2014 Breakout),3,3,3,0.6972252819522019,3.638579659486873,CH,ball,Take (Called Strike)
2014,Pre-Statcast (2014 Breakout),4,1,2,-0.30801356836696775,2.48129151519229,SL,hit_into_play,Swing
2014,Pre-Statcast (2014 Breakout),8,2,1,0.05975605598753136,1.6124997311827194,SL,swinging_strike,Swing
2014,Pre-Statcast (2014 Breakout),5,2,2,0.0237038727331369,2.808848043657412,FF,called_strike,Take (Called Strike)
2014,Pre-Statcast (2014 Breakout),4,1,2,-0.4483883854393148,2.575014037200802,SI,hit_into_play,Swing
2014,Pre-Statcast (2014 Breakout),6,3,2,0.4832510407920455,2.8089619838872104,KC,called_strike,Take (Called Strike)
2014,Pre-Statcast (2014 Breakout),8,2,1,-0.2631435369914358,1.5650762411060961,SI,foul,Swing
2014,Pre-Statcast (2014 Breakout),9,3,1,0.6998367370206958,1.5684942138728006,CH,foul_tip,Swing
2014,Pre-Statcast (2014 Breakout),8,2,1,0.21188840411881715,1.9318657786255176,SI,foul,Swing
2014,Pre-Statcast (2014 Breakout),8,2,1,0.24647075713029587,1.7927538674223853,FF,hit_into_play,Swing
2014,Pre-Statcast (2014 Breakout),1,1,3,-0.4130274920736115,3.089485975595061,SI,swinging_strike,Swing
2014,Pre-Statcast (2014 Breakout),7,1,1,-0.379723588317502,2.1950529772318395,KC,hit_into_play,Swing
2014,Pre-Statcast (2014 Breakout),5,2,2,-0.25847977012800516,2.382779741080042,KC,foul,Swing
2014,Pre-Statcast (2014 Breakout),9,3,1,0.40583544838112606,2.0252860561018258,FC,foul,Swing
2014,Pre-Statcast (2014 Breakout),1,1,3,-0.7742883647127026,3.6915560713766777,SI,ball,Take (Called Strike)
2014,Pre-Statcast (2014 Breakout),5,2,2,0.04882248438708328,2.6423558317524223,SL,called_strike,Take (Called Strike)
2014,Pre-Statcast (2014 Breakout),7,1,1,-0.8039616916833152,1.7337346805738902,SI,foul,Swing
2014,Pre-Statcast (2014 Breakout),7,1,1,-0.5789408715183224,2.056254797121555,SI,swinging_strike,Swing
2014,Pre-Statcast (2014 Breakout),8,2,1,-0.06401937744505892,1.9702246735311368,KC,hit_into_play,Swing
2014,Pre-Statcast (2014 Breakout),4,1,2,-0.7542014333096906,2.336285905619197,FC,hit_into_play,Swing
2014,Pre-Statcast (2014 Breakout),5,2,2,-0.03517675708204315,2.492697901086015,CH,hit_into_play,Swing
2014,Pre-Statcast (2014 Breakout),7,1,1,-0.28318518133325754,1.8970177114808415,SI,called_strike,Take (Called Strike)
2014,Pre-Statcast (2014 Breakout),5,2,2,-0.07122587666248548,2.3057841853496654,SI,foul,Swing
2014,Pre-Statcast (2014 Breakout),5,2,2,-0.24727891015099823,2.885292194342142,SI,foul,Swing
2014,Pre-Statcast (2014 Breakout),9,3,1,0.6089807259519113,1.6928739264340862,SI,ball,Take (Called Strike)
2014,Pre-Statcast (2014 Breakout),6,3,2,0.5636032930832199,2.5821440910887596,SI,called_strike,Take (Called Strike)
2014,Pre-Statcast (2014 Breakout),7,1,1,-0.4730261101398474,2.1102614407619997,SI,called_strike,Take (Called Strike)
2014,Pre-Statcast (2014 Breakout),6,3,2,0.37367299076529537,2.579136020910328,SI,called_strike,Take (Called Strike)
2014,Pre-Statcast (2014 Breakout),4,1,2,-0.28358639951069153,2.665863891768223,SI,foul,Swing
2014,Pre-Statcast (2014 Breakout),9,3,1,0.6214138926790382,1.7291734370283602,SI,called_strike,Take (Called Strike)
2014,Pre-Statcast (2014 Breakout),6,3,2,0.44412291064555687,2.5521810316706097,FC,foul,Swing
2014,Pre-Statcast (2014 Breakout),7,1,1,-0.8059053875653168,2.1639232225778597,SI,hit_into_play,Swing
2014,Pre-Statcast (2014 Breakout),6,3,2,0.7494991502118524,2.3847287852586314,FC,called_strike,Take (Called Strike)
2014,Pre-Statcast (2014 Breakout),9,3,1,0.8213729137822514,1.83214112113142,FC,ball,Take (Called Strike)
2014,Pre-Statcast (2014 Breakout),5,2,2,-0.05254043958892601,2.403899711435469,FC,hit_into_play,Swing
2014,Pre-Statcast (2014 Breakout),9,3,1,0.776229715359843,1.546409375171537,FC,ball,Take (Called Strike)
2014,Pre-Statcast (2014 Breakout),8,2,1,0.01137425910691636,1.9512609561017933,SV,called_strike,Take (Called Strike)
2014,Pre-Statcast (2014 Breakout),2,2,3,-0.27426461330678914,3.268927566140128,KN,swinging_strike,Swing
2014,Pre-Statcast (2014 Breakout),8,2,1,0.20845737937158204,1.6854590145267396,EP,foul,Swing
2014,Pre-Statcast (2014 Breakout),8,2,1,0.2562477883879345,1.7206887558207145,KN,hit_into_play,Swing
2014,Pre-Statcast (2014 Breakout),8,2,1,0.22188748391944196,2.0610176622818672,EP,called_strike,Take (Called Strike)
2014,Pre-Statcast (2014 Breakout),6,3,2,0.6967012500677401,2.933382010870282,KN,hit_into_play,Swing
2014,Pre-Statcast (2014 Breakout),5,2,2,0.2605617291758624,2.6804698582193462,FF,hit_into_play,Swing
2014,Pre-Statcast (2014 Breakout),6,3,2,0.3301011487282218,2.3400299981301287,SL,hit_into_play,Swing
2014,Pre-Statcast (2014 Breakout),9,3,1,0.3484922147178081,1.7227180665640662,SL,swinging_strike,Swing
2014,Pre-Statcast (2014 Breakout),7,1,1,-0.3656242086922575,1.7404469878384097,CU,called_strike,Take (Called Strike)
2014,Pre-Statcast (2014 Breakout),8,2,1,0.2524886418092682,1.9765543568543769,CH,hit_into_play,Swing
2014,Pre-Statcast (2014 Breakout),8,2,1,0.21023426144676585,1.8220426044310656,CH,foul,Swing
2014,Pre-Statcast (2014 Breakout),8,2,1,-0.2550524354897874,1.7962251429784826,CH,swinging_strike,Swing
2014,Pre-Statcast (2014 Breakout),2,2,3,-0.26748328275417355,3.3945562823700985,FF,swinging_strike,Swing
2014,Pre-Statcast (2014 Breakout),2,2,3,0.1501183046431014,3.475079535164427,FF,swinging_strike,Swing
2014,Pre-Statcast (2014 Breakout),5,2,2,0.2714189279110236,2.5908576774159973,FF,foul,Swing
2014,Pre-Statcast (2014 Breakout),8,2,1,0.1929581716876616,1.8979839784680683,CH,hit_into_play,Swing
2014,Pre-Statcast (2014 Breakout),4,1,2,-0.6865543756091745,2.736650129870001,SI,hit_into_play,Swing
2014,Pre-Statcast (2014 Breakout),7,1,1,-0.7817867178461082,2.156386370020546,SI,hit_into_play,Swing
2014,Pre-Statcast (2014 Breakout),9,3,1,0.5594930778263534,1.5928847312825698,SL,swinging_strike,Swing
2014,Pre-Statcast (2014 Breakout),2,2,3,-0.12744008256065686,3.4217719476206767,SL,foul,Swing
2014,Pre-Statcast (2014 Breakout),8,2,1,0.22173493423275423,1.6032559915678566,SL,hit_into_play,Swing
2014,Pre-Statcast (2014 Breakout),5,2,2,0.19814511686288683,2.8207924970658604,FF,called_strike,Take (Called Strike)
2014,Pre-Statcast (2014 Breakout),9,3,1,0.32268689569181175,2.0289395803721115,CU,hit_into_play,Swing
2014,Pre-Statcast (2014 Breakout),6,3,2,0.4392114658065357,2.741485727272631,FF,swinging_strike,Swing
2014,Pre-Statcast (2014 Breakout),4,1,2,-0.540908771523842,2.477059307757612,FF,called_strike,Take (Called Strike)
2014,Pre-Statcast (2014 Breakout),2,2,3,0.14337707769059838,3.1669422987956386,FC,swinging_strike,Swing
2014,Pre-Statcast (2014 Breakout),7,1,1,-0.6960156541339291,2.075623323352789,SI,called_strike,Take (Called Strike)
2014,Pre-Statcast (2014 Breakout),9,3,1,0.6520475244265718,1.9124817784999828,FC,hit_into_play,Swing
2014,Pre-Statcast (2014 Breakout),9,3,1,0.6617420888417354,2.233625109951478,FF,foul,Swing
2014,Pre-Statcast (2014 Breakout),7,1,1,-0.6051387240515892,1.7963264758050237,SI,foul,Swing
2014,Pre-Statcast (2014 Breakout),9,3,1,0.5243106597711398,2.112417327375992,SL,foul,Swing
2014,Pre-Statcast (2014 Breakout),6,3,2,0.3442523024038584,2.5004891633952875,FS,hit_into_play,Swing
2014,Pre-Statcast (2014 Breakout),7,1,1,-0.722164661455763,2.0492907972218792,FS,foul,Swing
2014,Pre-Statcast (2014 Breakout),4,1,2,-0.5529948580834352,2.477292265161098,FC,hit_into_play,Swing
2014,Pre-Statcast (2014 Breakout),6,3,2,0.8291074474931153,2.8239311862764853,FF,foul,Swing
2014,Pre-Statcast (2014 Breakout),8,2,1,0.207303201828952,2.106980848971748,FS,called_strike,Take (Called Strike)
2014,Pre-Statcast (2014 Breakout),8,2,1,-0.17820921497663544,2.2112084686938513,ST,hit_into_play,Swing
2014,Pre-Statcast (2014 Breakout),3,3,3,0.5320196926156613,3.219585903810956,FF,called_strike,Take (Called Strike)
2014,Pre-Statcast (2014 Breakout),3,3,3,0.7324777938108883,3.485984742975577,FF,ball,Take (Called Strike)
2014,Pre-Statcast (2014 Breakout),8,2,1,0.06116591462830523,2.1255578515970974,FF,hit_into_play,Swing
2014,Pre-Statcast (2014 Breakout),7,1,1,-0.570032418224694,1.553608120036829,FF,called_strike,Take (Called Strike)
2014,Pre-Statcast (2014 Breakout),5,2,2,0.11336078169443375,2.9733863790228896,FF,foul,Swing
2014,Pre-Statcast (2014 Breakout),8,2,1,-0.00597367290867489,2.1459631222028976,FF,hit_into_play,Swing
2014,Pre-Statcast (2014 Breakout),9,3,1,0.33794295087584514,2.0753221282623935,FF,called_strike,Take (Called Strike)
2014,Pre-Statcast (2014 Breakout),8,2,1,0.23795761407438776,1.9476793024663572,SI,foul,Swing
2014,Pre-Statcast (2014 Breakout),6,3,2,0.8093248247770015,2.3790611038026928,SI,hit_into_play,Swing
2014,Pre-Statcast (2014 Breakout),8,2,1,-0.02041259716572929,1.8962462984993635,CU,hit_into_play,Swing
2014,Pre-Statcast (2014 Breakout),2,2,3,0.08316063846787605,3.451996713516575,FF,foul,Swing
2014,Pre-Statcast (2014 Breakout),5,2,2,-0.00951874782559031,2.454045431001434,SL,foul,Swing
2014,Pre-Statcast (2014 Breakout),2,2,3,-0.12037838851934002,3.2614522220370215,CU,hit_into_play,Swing
2014,Pre-Statcast (2014 Breakout),7,1,1,-0.3548488423511753,1.8628102612980593,FF,foul,Swing
2014,Pre-Statcast (2014 Breakout),5,2,2,-0.02027538050468813,2.584309760944099,FF,hit_into_play,Swing
2014,Pre-Statcast (2014 Breakout),6,3,2,0.7529964931277492,2.654928786266086,FF,foul,Swing
2014,Pre-Statcast (2014 Breakout),8,2,1,-0.24589341785669283,1.7524323728451212,CH,foul,Swing
2014,Pre-Statcast (2014 Breakout),4,1,2,-0.5344763732509301,2.386319374852204,CH,foul,Swing
2014,Pre-Statcast (2014 Breakout),1,1,3,-0.6125276527894276,3.340594387274638,FF,swinging_strike,Swing
2014,Pre-Statcast (2014 Breakout),3,3,3,0.3723403774724061,3.3795689142109993,CU,called_strike,Take (Called Strike)
2014,Pre-Statcast (2014 Breakout),1,1,3,-0.2809477076674165,3.855437713143478,SL,ball,Take (Called Strike)
2014,Pre-Statcast (2014 Breakout),4,1,2,-0.3197835704432891,2.5294710980307817,SL,foul,Swing
2014,Pre-Statcast (2014 Breakout),8,2,1,-0.08143517482767071,1.900183494624379,CH,foul,Swing
2014,Pre-Statcast (2014 Breakout),7,1,1,-0.5840047991408603,2.0741428507496025,CH,foul,Swing
2014,Pre-Statcast (2014 Breakout),1,1,3,-0.4846946561503138,3.006368843446114,CH,foul,Swing
2014,Pre-Statcast (2014 Breakout),9,3,1,0.6054818025909212,2.0259073034762194,SL,foul,Swing
2014,Pre-Statcast (2014 Breakout),5,2,2,-0.02982053364383419,2.480397467198925,FF,hit_into_play,Swing
2014,Pre-Statcast (2014 Breakout),4,1,2,-0.37947059916293047,2.787506675932993,FF,swinging_strike,Swing
2014,Pre-Statcast (2014 Breakout),2,2,3,-0.14139090841483426,3.3647769714067675,FF,hit_into_play,Swing
2014,Pre-Statcast (2014 Breakout),7,1,1,-0.320152730934397,2.019303779391985,CH,foul,Swing
2014,Pre-Statcast (2014 Breakout),5,2,2,0.090188972736421,2.7759968094590732,FF,swinging_strike,Swing
2014,Pre-Statcast (2014 Breakout),8,2,1,-0.22873130527171,2.141191287136423,CU,hit_into_play,Swing
2014,Pre-Statcast (2014 Breakout),9,3,1,0.6673193513964879,1.9982255093368728,FF,called_strike,Take (Called Strike)
2014,Pre-Statcast (2014 Breakout),5,2,2,0.2245055975357566,2.362308215320762,SI,called_strike,Take (Called Strike)
2014,Pre-Statcast (2014 Breakout),8,2,1,-0.18053912462024524,1.4823408932483348,SI,hit_into_play,Swing
2014,Pre-Statcast (2014 Breakout),8,2,1,0.04917563773629085,1.9295206621794592,CH,swinging_strike,Swing
2014,Pre-Statcast (2014 Breakout),9,3,1,0.8052289887861458,1.959449638281256,CH,hit_into_play,Swing
2014,Pre-Statcast (2014 Breakout),2,2,3,-0.2685463975680066,3.2474406787309844,FF,foul,Swing
2014,Pre-Statcast (2014 Breakout),5,2,2,-0.19311296829286073,2.640798328039855,SI,foul,Swing
2014,Pre-Statcast (2014 Breakout),7,1,1,-0.4158697582815971,2.0788142881745575,SI,foul,Swing
2014,Pre-Statcast (2014 Breakout),8,2,1,-0.23980291489100256,1.9366673123475149,CH,foul,Swing
2014,Pre-Statcast (2014 Breakout),5,2,2,0.04416661110331257,2.5910736756380905,CH,swinging_strike,Swing
2014,Pre-Statcast (2014 Breakout),5,2,2,0.07847890813208913,2.6946709360280967,FF,foul,Swing
2014,Pre-Statcast (2014 Breakout),8,2,1,-0.14617209750549864,1.8275286912211235,SL,swinging_strike,Swing
2014,Pre-Statcast (2014 Breakout),1,1,3,-0.47676873532996633,3.1091780485372276,SL,swinging_strike,Swing
2014,Pre-Statcast (2014 Breakout),2,2,3,2.9591099045322e-4,3.1227595802763592,KC,hit_into_play,Swing
2014,Pre-Statcast (2014 Breakout),9,3,1,0.35849991698739325,1.9885965488571116,CH,hit_into_play,Swing
2014,Pre-Statcast (2014 Breakout),3,3,3,0.4771188598255075,3.4372407401889262,FF,foul,Swing
2014,Pre-Statcast (2014 Breakout),5,2,2,-0.07334596722316067,2.6846888852245785,SL,foul,Swing
2014,Pre-Statcast (2014 Breakout),6,3,2,0.7594126102327365,2.8424748625139875,FF,called_strike,Take (Called Strike)
2014,Pre-Statcast (2014 Breakout),6,3,2,0.31171208021014096,2.9436134477360216,SI,foul,Swing
2014,Pre-Statcast (2014 Breakout),3,3,3,0.5305167621593998,3.0518353791508472,CU,called_strike,Take (Called Strike)
2014,Pre-Statcast (2014 Breakout),1,1,3,-0.33906900943167484,3.0426419729916088,FF,hit_into_play,Swing
2014,Pre-Statcast (2014 Breakout),3,3,3,0.485986431548888,3.178146132197951,SI,swinging_strike,Swing
2014,Pre-Statcast (2014 Breakout),3,3,3,0.6279242663139839,3.048060627828077,SI,foul,Swing
2014,Pre-Statcast (2014 Breakout),6,3,2,0.47809036888633977,2.3089833444572267,SL,hit_into_play,Swing
2014,Pre-Statcast (2014 Breakout),9,3,1,0.3204853451123001,1.6900888514260846,CH,foul,Swing
2014,Pre-Statcast (2014 Breakout),9,3,1,0.7642684041828736,2.1178741101800695,SL,foul,Swing
2014,Pre-Statcast (2014 Breakout),6,3,2,0.4345298393099619,2.7821141687659567,FF,foul,Swing
2014,Pre-Statcast (2014 Breakout),5,2,2,-0.2498643633829988,2.966790315407663,SI,hit_into_play,Swing
2014,Pre-Statcast (2014 Breakout),5,2,2,-0.14586417211933234,2.9741392529745485,FF,foul,Swing
2014,Pre-Statcast (2014 Breakout),8,2,1,-0.02687322711512008,1.801537104633003,SI,hit_into_play,Swing
2014,Pre-Statcast (2014 Breakout),2,2,3,-0.05796405881044014,3.2356759732927953,FF,foul,Swing
2014,Pre-Statcast (2014 Breakout),8,2,1,0.2684431967948189,1.8482570034415895,SL,foul,Swing
2014,Pre-Statcast (2014 Breakout),9,3,1,0.46632130831664176,2.102955824240353,FF,hit_into_play,Swing
2014,Pre-Statcast (2014 Breakout),9,3,1,0.3911126485429194,2.0313902213733366,FF,called_strike,Take (Called Strike)
2014,Pre-Statcast (2014 Breakout),8,2,1,0.22980804251598563,2.0762409759774303,CH,foul,Swing
2014,Pre-Statcast (2014 Breakout),8,2,1,0.11157131200753916,1.7584034972202982,CU,called_strike,Take (Called Strike)
2014,Pre-Statcast (2014 Breakout),5,2,2,0.19605495216476643,2.9133904526903205,FF,foul,Swing
2014,Pre-Statcast (2014 Breakout),5,2,2,-0.04205353349015323,2.882615741158063,FC,foul,Swing
2014,Pre-Statcast (2014 Breakout),4,1,2,-0.5718816130494322,2.7349453743075784,CU,foul,Swing
2014,Pre-Statcast (2014 Breakout),9,3,1,0.5514954001160246,2.19979816646445,FF,foul,Swing
2014,Pre-Statcast (2014 Breakout),9,3,1,0.5668718401843162,1.8774275794314257,SI,hit_into_play,Swing
2014,Pre-Statcast (2014 Breakout),8,2,1,0.10914958459958536,1.8486514587503509,CU,foul,Swing
2014,Pre-Statcast (2014 Breakout),8,2,1,0.04991672249027612,1.7849180663215949,SL,foul,Swing
2014,Pre-Statcast (2014 Breakout),5,2,2,0.27272074482188424,2.663450882021994,SI,called_strike,Take (Called Strike)
2014,Pre-Statcast (2014 Breakout),3,3,3,0.4297815973539081,3.049416843671536,CU,hit_into_play,Swing
2014,Pre-Statcast (2014 Breakout),6,3,2,0.6312349886717161,2.312151368553519,CU,swinging_strike,Swing
2014,Pre-Statcast (2014 Breakout),9,3,1,0.6098340025997179,2.198147576140599,FF,called_strike,Take (Called Strike)
2014,Pre-Statcast (2014 Breakout),6,3,2,0.37526057490059905,2.502203639427223,CH,foul,Swing
2014,Pre-Statcast (2014 Breakout),5,2,2,-0.04475692417055677,2.4996779838982506,FF,foul,Swing
2014,Pre-Statcast (2014 Breakout),6,3,2,0.4224262459399981,2.2906172286441486,SL,foul,Swing
2014,Pre-Statcast (2014 Breakout),1,1,3,-0.32613634392993973,3.713387983757358,SL,foul,Swing
2014,Pre-Statcast (2014 Breakout),2,2,3,-0.26970726880302776,3.1142348279050545,SI,foul,Swing
2014,Pre-Statcast (2014 Breakout),5,2,2,-0.12576903828001296,2.924111567788075,FF,foul,Swing
2014,Pre-Statcast (2014 Breakout),4,1,2,-0.4040876227070187,2.9704835948381145,SL,swinging_strike,Swing
2014,Pre-Statcast (2014 Breakout),2,2,3,-0.01413521537180151,3.076177144140571,SI,foul,Swing
2014,Pre-Statcast (2014 Breakout),4,1,2,-0.5438928773963265,2.856519249728396,CU,hit_into_play,Swing
2014,Pre-Statcast (2014 Breakout),3,3,3,0.5282749396880817,3.2539252317383953,SL,foul,Swing
2014,Pre-Statcast (2014 Breakout),4,1,2,-0.4381129482615521,2.394838973377908,SL,swinging_strike,Swing
2014,Pre-Statcast (2014 Breakout),9,3,1,0.6326920209786154,2.351017345403733,SI,called_strike,Take (Called Strike)
2014,Pre-Statcast (2014 Breakout),9,3,1,0.6122535736679902,2.217729044412765,FF,foul,Swing
2014,Pre-Statcast (2014 Breakout),1,1,3,-0.28146041775041686,3.131914164978417,FF,foul,Swing
2014,Pre-Statcast (2014 Breakout),8,2,1,0.1867375973014739,1.7565135366871762,SL,hit_into_play,Swing
2014,Pre-Statcast (2014 Breakout),6,3,2,0.6194329066073458,2.463501818322112,FF,hit_into_play,Swing
2014,Pre-Statcast (2014 Breakout),5,2,2,-0.13292777198405212,2.696254938014852,SL,swinging_strike,Swing
2014,Pre-Statcast (2014 Breakout),8,2,1,-0.16583760726748564,1.5325312019973598,CU,called_strike,Take (Called Strike)
2014,Pre-Statcast (2014 Breakout),8,2,1,-0.22931862861980723,2.3171137523096723,SI,called_strike,Take (Called Strike)
2014,Pre-Statcast (2014 Breakout),5,2,2,-0.26724229493595486,2.862805894057261,CU,called_strike,Take (Called Strike)
2014,Pre-Statcast (2014 Breakout),8,2,1,0.1825115081066606,1.8493238043463736,CH,foul,Swing
2014,Pre-Statcast (2014 Breakout),6,3,2,0.30943514374346237,2.639571563839348,FF,foul,Swing
2014,Pre-Statcast (2014 Breakout),9,3,1,0.5680821907203154,1.7657408778239656,CH,called_strike,Take (Called Strike)
2014,Pre-Statcast (2014 Breakout),3,3,3,0.6806330839252862,3.3220648849486905,ST,called_strike,Take (Called Strike)
2014,Pre-Statcast (2014 Breakout),7,1,1,-0.7205378940017466,1.5101933401598266,CH,foul,Swing
2014,Pre-Statcast (2014 Breakout),8,2,1,-0.12183382608604382,1.7240428947329312,FF,hit_into_play,Swing
2014,Pre-Statcast (2014 Breakout),5,2,2,-0.08670837235542228,2.282377980642484,FF,foul,Swing
2014,Pre-Statcast (2014 Breakout),9,3,1,0.28422069489020707,1.7632065089931404,FF,ball,Take (Called Strike)
2014,Pre-Statcast (2014 Breakout),6,3,2,0.3954815081018096,2.4658652434984356,FC,called_strike,Take (Called Strike)
2014,Pre-Statcast (2014 Breakout),7,1,1,-0.5431438348903097,1.8213506330338096,CH,hit_into_play,Swing
2014,Pre-Statcast (2014 Breakout),4,1,2,-0.7196019810676615,2.95448561758425,SI,swinging_strike,Swing
2014,Pre-Statcast (2014 Breakout),7,1,1,-0.5823977293089859,2.1550211270142667,CH,swinging_strike,Swing
2014,Pre-Statcast (2014 Breakout),1,1,3,-0.7980762406825612,3.233686087810817,SL,foul,Swing
2014,Pre-Statcast (2014 Breakout),2,2,3,-0.1301814343529637,3.3055049337636904,SL,foul,Swing
2014,Pre-Statcast (2014 Breakout),4,1,2,-0.541649758094696,2.3459336083578943,FF,foul,Swing
2014,Pre-Statcast (2014 Breakout),4,1,2,-0.45827664380817634,2.512897099194179,SL,hit_into_play,Swing
2014,Pre-Statcast (2014 Breakout),7,1,1,-0.5760796339962654,1.6278333902913455,SI,ball,Take (Called Strike)
2014,Pre-Statcast (2014 Breakout),6,3,2,0.5921123131199004,2.349105456379874,FF,swinging_strike,Swing
2014,Pre-Statcast (2014 Breakout),6,3,2,0.4917622269611066,2.3828757821901,FC,foul_tip,Swing
2014,Pre-Statcast (2014 Breakout),5,2,2,0.25506788794640733,2.672194796431684,FF,called_strike,Take (Called Strike)
2014,Pre-Statcast (2014 Breakout),2,2,3,0.1706474512392373,3.354631015743128,SI,hit_into_play,Swing
2014,Pre-Statcast (2014 Breakout),1,1,3,-0.4743632691226609,3.240098899228528,CH,foul,Swing
2014,Pre-Statcast (2014 Breakout),2,2,3,0.01357262224250588,3.3825609729431187,FF,foul,Swing
2014,Pre-Statcast (2014 Breakout),2,2,3,-0.03226566170367551,3.3273475093384537,FF,foul,Swing
2014,Pre-Statcast (2014 Breakout),8,2,1,0.22137522369321985,1.859228372764824,KC,foul,Swing
2014,Pre-Statcast (2014 Breakout),6,3,2,0.5939275908910401,2.699343378867055,FC,called_strike,Take (Called Strike)
2014,Pre-Statcast (2014 Breakout),9,3,1,0.3794695196507301,1.9093810823567112,KC,hit_into_play,Swing
2014,Pre-Statcast (2014 Breakout),9,3,1,0.4106222817863616,2.024488228248411,SI,hit_into_play,Swing
2014,Pre-Statcast (2014 Breakout),1,1,3,-0.47980673481929115,3.1192114016691814,FF,swinging_strike,Swing
2014,Pre-Statcast (2014 Breakout),4,1,2,-0.539381365182041,2.699543649923128,SI,hit_into_play,Swing
2014,Pre-Statcast (2014 Breakout),8,2,1,-0.11212357875306878,1.7706181965037602,FF,called_strike,Take (Called Strike)
2014,Pre-Statcast (2014 Breakout),9,3,1,0.3045296482664789,2.0326814818825056,CU,foul,Swing
2014,Pre-Statcast (2014 Breakout),8,2,1,0.16327911893635094,1.8976822259523587,CH,foul,Swing
2014,Pre-Statcast (2014 Breakout),2,2,3,-0.04598112801107734,3.288808876609534,SI,swinging_strike,Swing
2014,Pre-Statcast (2014 Breakout),4,1,2,-0.5610356165816707,2.9231787682240125,CH,called_strike,Take (Called Strike)
2014,Pre-Statcast (2014 Breakout),6,3,2,0.6176614585652634,2.607511824607562,CU,swinging_strike,Swing
2014,Pre-Statcast (2014 Breakout),8,2,1,-0.250477852823887,1.581021352011887,FF,ball,Take (Called Strike)
2014,Pre-Statcast (2014 Breakout),3,3,3,0.2780790478451818,3.304839815885842,CU,called_strike,Take (Called Strike)
2014,Pre-Statcast (2014 Breakout),2,2,3,0.17413392051360554,3.1083381608474627,CU,swinging_strike,Swing
2014,Pre-Statcast (2014 Breakout),3,3,3,0.4072407492440445,3.2591225456130872,SI,foul,Swing
2014,Pre-Statcast (2014 Breakout),8,2,1,0.093243607781765,1.8436275263614448,CU,called_strike,Take (Called Strike)
2014,Pre-Statcast (2014 Breakout),5,2,2,-0.10146925704478305,2.560990722845651,SL,called_strike,Take (Called Strike)
2014,Pre-Statcast (2014 Breakout),7,1,1,-0.3705935332102899,1.7630139262099394,SL,foul,Swing
2014,Pre-Statcast (2014 Breakout),9,3,1,0.6749324973596158,1.7291889092928816,CH,called_strike,Take (Called Strike)
2014,Pre-Statcast (2014 Breakout),9,3,1,0.4936072034335448,2.0912984619621096,CH,swinging_strike,Swing
2014,Pre-Statcast (2014 Breakout),6,3,2,0.4179309632701044,2.69104989581019,CH,foul,Swing
2014,Pre-Statcast (2014 Breakout),3,3,3,0.6693911747325871,3.0567594953534147,FF,called_strike,Take (Called Strike)
2014,Pre-Statcast (2014 Breakout),7,1,1,-0.5338777414095484,1.8965524412240775,FF,hit_into_play,Swing
2014,Pre-Statcast (2014 Breakout),9,3,1,0.3611396166579516,2.101914790462746,SL,hit_into_play,Swing
2014,Pre-Statcast (2014 Breakout),3,3,3,0.7808283341610414,3.068702783666976,FF,called_strike,Take (Called Strike)
2014,Pre-Statcast (2014 Breakout),5,2,2,0.06119596225670443,2.8911094385270086,SI,called_strike,Take (Called Strike)
2014,Pre-Statcast (2014 Breakout),2,2,3,0.13681009774814634,3.0546268242879115,FF,hit_into_play,Swing
2014,Pre-Statcast (2014 Breakout),7,1,1,-0.6972570648353889,1.8475254536549908,FF,ball,Take (Called Strike)
2014,Pre-Statcast (2014 Breakout),7,1,1,-0.5339230572809526,1.643021863743276,CH,hit_into_play,Swing
2014,Pre-Statcast (2014 Breakout),5,2,2,-0.03425077907190643,2.9667268276099175,SI,foul,Swing
2014,Pre-Statcast (2014 Breakout),7,1,1,-0.6492226237867661,1.766352100763413,CH,foul,Swing
2014,Pre-Statcast (2014 Breakout),3,3,3,0.6761955945165734,3.3793720778184633,FF,foul,Swing
2014,Pre-Statcast (2014 Breakout),5,2,2,0.17273483384950727,2.372071082133034,FF,swinging_strike,Swing
2014,Pre-Statcast (2014 Breakout),7,1,1,-0.7520133387711012,2.094596354768009,CH,called_strike,Take (Called Strike)
2014,Pre-Statcast (2014 Breakout),6,3,2,0.6153062261899768,2.4461571936446527,SL,hit_into_play,Swing
2014,Pre-Statcast (2014 Breakout),9,3,1,0.7881324924532079,2.0854486996554344,SI,called_strike,Take (Called Strike)
2014,Pre-Statcast (2014 Breakout),8,2,1,0.04523770079637557,1.6679870574707572,SL,foul_tip,Swing
2014,Pre-Statcast (2014 Breakout),8,2,1,-0.11622821040761988,1.7166063865703274,SL,foul,Swing
2014,Pre-Statcast (2014 Breakout),6,3,2,0.4616439631883924,2.514688967050817,SI,called_strike,Take (Called Strike)
2014,Pre-Statcast (2014 Breakout),1,1,3,-0.6295183094556551,3.00927059989479,SL,hit_into_play,Swing
2014,Pre-Statcast (2014 Breakout),1,1,3,-0.4792440413622543,3.1018529076184156,SI,foul,Swing
2014,Pre-Statcast (2014 Breakout),9,3,1,0.476498049933868,2.173035975522403,CH,hit_into_play,Swing
2014,Pre-Statcast (2014 Breakout),5,2,2,0.10707979511092912,2.309381106713538,SI,called_strike,Take (Called Strike)
2014,Pre-Statcast (2014 Breakout),1,1,3,-0.6237492644598698,3.5582531200429397,SI,ball,Take (Called Strike)
2014,Pre-Statcast (2014 Breakout),3,3,3,0.4317858460231688,3.453336328786213,FF,foul,Swing
2014,Pre-Statcast (2014 Breakout),5,2,2,-0.03032956175718182,2.560243971270241,SL,hit_into_play,Swing
2014,Pre-Statcast (2014 Breakout),4,1,2,-0.32218715679135235,2.919767757474666,SI,hit_into_play,Swing
2014,Pre-Statcast (2014 Breakout),5,2,2,0.258593752705366,2.3274534589226112,SL,foul,Swing
2014,Pre-Statcast (2014 Breakout),8,2,1,0.14758654688691597,1.5476072963701792,FF,swinging_strike,Swing
2014,Pre-Statcast (2014 Breakout),6,3,2,0.44020422668656023,2.708054986859442,SI,hit_into_play,Swing
2014,Pre-Statcast (2014 Breakout),6,3,2,0.6855972462192161,2.346059927670786,CH,hit_into_play,Swing
2014,Pre-Statcast (2014 Breakout),8,2,1,0.20339001081006347,2.210099964136065,SI,swinging_strike,Swing
2014,Pre-Statcast (2014 Breakout),3,3,3,0.5330420548178934,3.052363680245849,CH,hit_into_play,Swing
2014,Pre-Statcast (2014 Breakout),5,2,2,0.13893285344317874,2.2826586699565565,CH,swinging_strike,Swing
2014,Pre-Statcast (2014 Breakout),7,1,1,-0.7989089424313518,1.8810416158935337,SI,called_strike,Take (Called Strike)
2014,Pre-Statcast (2014 Breakout),7,1,1,-0.3056272778158051,1.8020557426146304,FF,hit_into_play,Swing
2014,Pre-Statcast (2014 Breakout),4,1,2,-0.7538462862503207,2.5360455490258222,FF,hit_into_play,Swing
2014,Pre-Statcast (2014 Breakout),1,1,3,-0.4101224099942997,3.3485176882178327,SI,hit_into_play,Swing
2014,Pre-Statcast (2014 Breakout),7,1,1,-0.6009608161538945,1.768323097175324,FF,called_strike,Take (Called Strike)
2014,Pre-Statcast (2014 Breakout),1,1,3,-0.6726756420161457,3.065656779649131,FF,hit_into_play,Swing
2014,Pre-Statcast (2014 Breakout),4,1,2,-0.6443292059360527,2.802433259885619,SI,foul,Swing
2014,Pre-Statcast (2014 Breakout),9,3,1,0.5837385031115361,2.1190948480730887,SL,ball,Take (Called Strike)
2014,Pre-Statcast (2014 Breakout),6,3,2,0.29531950012976704,2.8040491470648656,SI,hit_into_play,Swing
2014,Pre-Statcast (2014 Breakout),3,3,3,0.28962148984999475,3.651794175424759,SL,ball,Take (Called Strike)
2014,Pre-Statcast (2014 Breakout),5,2,2,0.23716841952686796,3.0356654871999234,SI,called_strike,Take (Called Strike)
2014,Pre-Statcast (2014 Breakout),4,1,2,-0.7685155796598137,2.8411329727495023,FF,hit_into_play,Swing
2014,Pre-Statcast (2014 Breakout),8,2,1,-0.19711219387997425,1.7746324261968955,FF,foul,Swing
2014,Pre-Statcast (2014 Breakout),5,2,2,-0.10179946112779004,2.824395633806973,FF,foul,Swing
2014,Pre-Statcast (2014 Breakout),5,2,2,0.0564019829568998,2.9251139182782904,FF,foul,Swing
2014,Pre-Statcast (2014 Breakout),2,2,3,-0.11698591261763625,3.6365261366178743,FF,foul,Swing
2014,Pre-Statcast (2014 Breakout),8,2,1,0.020854993643864,2.175918710666747,FF,called_strike,Take (Called Strike)
2014,Pre-Statcast (2014 Breakout),9,3,1,0.3304575090855346,1.934408935112412,CU,hit_into_play,Swing
2014,Pre-Statcast (2014 Breakout),8,2,1,-0.15809016001760645,1.9196279481842016,FF,foul,Swing
2014,Pre-Statcast (2014 Breakout),6,3,2,0.7817805638085601,2.911801580313817,FF,called_strike,Take (Called Strike)
2014,Pre-Statcast (2014 Breakout),2,2,3,0.1802472696018,3.470716825720641,CH,called_strike,Take (Called Strike)
2014,Pre-Statcast (2014 Breakout),1,1,3,-0.7170908689133813,3.6213456445501473,FF,ball,Take (Called Strike)
2014,Pre-Statcast (2014 Breakout),6,3,2,0.4974501184783935,2.503372083504246,FF,foul,Swing
2014,Pre-Statcast (2014 Breakout),8,2,1,-0.21132376218251192,1.494758364831439,FS,hit_into_play,Swing
2014,Pre-Statcast (2014 Breakout),3,3,3,0.3361505209298432,3.0149692711826592,FF,foul,Swing
2014,Pre-Statcast (2014 Breakout),9,3,1,0.8082124342521146,1.844543077414144,FF,called_strike,Take (Called Strike)
2014,Pre-Statcast (2014 Breakout),7,1,1,-0.6453795154425461,1.6797905334653234,FF,foul,Swing
2014,Pre-Statcast (2014 Breakout),8,2,1,-0.23085257785579635,1.634877911137489,SL,swinging_strike,Swing
2014,Pre-Statcast (2014 Breakout),4,1,2,-0.7257626567787798,2.9341761607739247,FC,called_strike,Take (Called Strike)
2014,Pre-Statcast (2014 Breakout),1,1,3,-0.664219303739495,3.2884630185472696,FC,called_strike,Take (Called Strike)
2014,Pre-Statcast (2014 Breakout),9,3,1,0.27785778891342516,2.192578882432726,FC,hit_into_play,Swing
2014,Pre-Statcast (2014 Breakout),5,2,2,0.17508191175677856,2.3517038657914564,CU,hit_into_play,Swing
2014,Pre-Statcast (2014 Breakout),9,3,1,0.3295360067214622,2.0292164305905604,SL,foul,Swing
2014,Pre-Statcast (2014 Breakout),5,2,2,0.10966145260914406,2.3126658926322907,FF,foul,Swing
2014,Pre-Statcast (2014 Breakout),4,1,2,-0.3240325881438407,2.2603634903487437,SL,called_strike,Take (Called Strike)
2014,Pre-Statcast (2014 Breakout),5,2,2,-0.26792062124835325,2.44450187811202,CH,hit_into_play,Swing
2014,Pre-Statcast (2014 Breakout),6,3,2,0.6643942533248183,2.2177996573000565,CH,foul,Swing
2014,Pre-Statcast (2014 Breakout),8,2,1,0.12859373902816065,1.5514569391418518,FF,called_strike,Take (Called Strike)
2014,Pre-Statcast (2014 Breakout),9,3,1,0.49743769811432426,1.8269236407878051,SI,hit_into_play,Swing
2014,Pre-Statcast (2014 Breakout),6,3,2,0.6059980463710731,2.784838516423434,SI,ball,Take (Called Strike)
2014,Pre-Statcast (2014 Breakout),7,1,1,-0.2886328419203624,1.9383346592476256,CH,foul,Swing
2014,Pre-Statcast (2014 Breakout),8,2,1,-0.2720726314098232,1.918927325816215,CH,swinging_strike,Swing
2014,Pre-Statcast (2014 Breakout),6,3,2,0.3832633591418144,2.60422187134067,SI,foul,Swing
2014,Pre-Statcast (2014 Breakout),2,2,3,-0.2114553680636757,3.2108069072605137,SI,foul,Swing
2014,Pre-Statcast (2014 Breakout),7,1,1,-0.7492807268491259,2.023789660383882,CH,foul,Swing
2014,Pre-Statcast (2014 Breakout),4,1,2,-0.7628256824060389,2.8011859134006487,SI,called_strike,Take (Called Strike)
2014,Pre-Statcast (2014 Breakout),9,3,1,0.3616331978732569,1.836035058496693,SL,called_strike,Take (Called Strike)
2014,Pre-Statcast (2014 Breakout),8,2,1,0.08289311840138791,1.8542782000825409,FC,hit_into_play,Swing
2014,Pre-Statcast (2014 Breakout),7,1,1,-0.33404907460418143,1.9153274838050292,SI,foul,Swing
2014,Pre-Statcast (2014 Breakout),6,3,2,0.7338711032533478,2.625284784587339,FC,called_strike,Take (Called Strike)
2014,Pre-Statcast (2014 Breakout),8,2,1,-0.1265848647070991,1.6447177635099677,CU,hit_into_play,Swing
2014,Pre-Statcast (2014 Breakout),4,1,2,-0.39428013032213216,2.6651008787341075,FC,foul,Swing
2014,Pre-Statcast (2014 Breakout),9,3,1,0.6938073898791643,2.235943202085062,SI,called_strike,Take (Called Strike)
2014,Pre-Statcast (2014 Breakout),7,1,1,-0.4329821796070078,1.950351833751036,SI,hit_into_play,Swing
2014,Pre-Statcast (2014 Breakout),1,1,3,-0.3095890665937697,3.033825455147971,FC,foul,Swing
2014,Pre-Statcast (2014 Breakout),4,1,2,-0.5098744407567569,2.493699577328596,FF,called_strike,Take (Called Strike)
2014,Pre-Statcast (2014 Breakout),7,1,1,-0.5170716022494868,2.1227345715777655,SI,hit_into_play,Swing
2014,Pre-Statcast (2014 Breakout),9,3,1,0.6051191662084436,2.0517205515595176,SI,called_strike,Take (Called Strike)
2014,Pre-Statcast (2014 Breakout),1,1,3,-0.4124878533288967,3.102894456592731,SI,swinging_strike,Swing
2014,Pre-Statcast (2014 Breakout),3,3,3,0.6779304877190919,3.5882236769329054,CH,called_strike,Take (Called Strike)
2014,Pre-Statcast (2014 Breakout),2,2,3,0.06425854034655969,3.130240141961651,KC,hit_into_play,Swing
2014,Pre-Statcast (2014 Breakout),8,2,1,-0.27568159540298987,1.784694793744133,SI,foul,Swing
2014,Pre-Statcast (2014 Breakout),6,3,2,0.49889016942084297,2.5728727683890265,CH,called_strike,Take (Called Strike)
2014,Pre-Statcast (2014 Breakout),8,2,1,-0.15183331701354064,1.964497247381432,SL,hit_into_play,Swing
2014,Pre-Statcast (2014 Breakout),5,2,2,0.12829408161829736,2.3698317716777924,KC,foul,Swing
2014,Pre-Statcast (2014 Breakout),6,3,2,0.2953090936182734,2.306946529614706,FF,swinging_strike,Swing
2014,Pre-Statcast (2014 Breakout),4,1,2,-0.36367613250893766,2.8423921686834523,FF,hit_into_play,Swing
2014,Pre-Statcast (2014 Breakout),4,1,2,-0.3949386732912007,2.883877645622838,ST,hit_into_play,Swing
2014,Pre-Statcast (2014 Breakout),5,2,2,0.06104489801519275,2.779611919351731,FF,foul,Swing
2014,Pre-Statcast (2014 Breakout),9,3,1,0.5123712603822322,1.975543041740122,ST,foul,Swing
2014,Pre-Statcast (2014 Breakout),5,2,2,-0.08337925341796903,2.6784978327963365,FF,foul,Swing
2014,Pre-Statcast (2014 Breakout),8,2,1,0.1697965175524523,1.5057985442824622,SL,hit_into_play,Swing
2014,Pre-Statcast (2014 Breakout),6,3,2,0.6252602914179598,2.6935533954308593,SL,hit_into_play,Swing
2014,Pre-Statcast (2014 Breakout),6,3,2,0.42288745777023107,2.815910713189826,SI,called_strike,Take (Called Strike)
2014,Pre-Statcast (2014 Breakout),6,3,2,0.6528524962455722,2.6473313014940385,SL,foul,Swing
2014,Pre-Statcast (2014 Breakout),7,1,1,-0.3256020329944074,1.900046062206057,SL,foul,Swing
2014,Pre-Statcast (2014 Breakout),5,2,2,-0.07806620052111668,2.3337102933487204,FF,hit_into_play,Swing
2014,Pre-Statcast (2014 Breakout),5,2,2,0.11550220752454184,2.6854845429147742,SL,hit_into_play,Swing
2014,Pre-Statcast (2014 Breakout),6,3,2,0.5429351688496509,2.337614221992045,SL,hit_into_play,Swing
2014,Pre-Statcast (2014 Breakout),5,2,2,0.07253685512061009,2.400063005036189,SL,foul,Swing
2014,Pre-Statcast (2014 Breakout),7,1,1,-0.3748976776396325,2.0432235229609135,SL,called_strike,Take (Called Strike)
2014,Pre-Statcast (2014 Breakout),7,1,1,-0.38179696295548227,1.532837660734267,CH,foul,Swing
2014,Pre-Statcast (2014 Breakout),2,2,3,0.24258964173753295,3.0864827688719276,FF,foul,Swing
2014,Pre-Statcast (2014 Breakout),1,1,3,-0.49364990121050367,3.623701218551577,FF,foul,Swing
2014,Pre-Statcast (2014 Breakout),8,2,1,0.22174774072632264,1.7206983028885454,CH,hit_into_play,Swing
2014,Pre-Statcast (2014 Breakout),8,2,1,-0.1277877145485744,2.105017766854383,CH,hit_into_play,Swing
2014,Pre-Statcast (2014 Breakout),5,2,2,0.05388290661064288,2.577263074718266,CH,foul,Swing
2014,Pre-Statcast (2014 Breakout),2,2,3,-0.13662634690411954,3.434643560697963,FF,hit_into_play,Swing
2014,Pre-Statcast (2014 Breakout),7,1,1,-0.6234832540243948,1.9384098349138077,FF,hit_into_play,Swing
2014,Pre-Statcast (2014 Breakout),1,1,3,-0.39507523419362234,3.533830280372132,FF,foul,Swing
2014,Pre-Statcast (2014 Breakout),6,3,2,0.5511370346876279,2.8931527654916707,FF,called_strike,Take (Called Strike)
2014,Pre-Statcast (2014 Breakout),5,2,2,0.01482675914779718,2.521870852524771,FF,hit_into_play,Swing
2014,Pre-Statcast (2014 Breakout),5,2,2,0.09287749771070924,2.593050331177335,FF,swinging_strike,Swing
2014,Pre-Statcast (2014 Breakout),2,2,3,0.06025968236343393,3.31693435246161,FF,foul,Swing
2014,Pre-Statcast (2014 Breakout),7,1,1,-0.468246693148171,2.168456714596961,FF,foul,Swing
2014,Pre-Statcast (2014 Breakout),8,2,1,0.23983004432318128,2.2155961355998053,FF,swinging_strike,Swing
2014,Pre-Statcast (2014 Breakout),6,3,2,0.46451049128742794,2.6060058466090887,FC,foul,Swing
2014,Pre-Statcast (2014 Breakout),6,3,2,0.39889127084766424,2.968095403080834,FC,hit_into_play,Swing
2014,Pre-Statcast (2014 Breakout),8,2,1,-0.03893973391650485,1.9399304643082005,FC,hit_into_play,Swing
2014,Pre-Statcast (2014 Breakout),7,1,1,-0.46438387255056623,1.7407799501026386,CH,swinging_strike,Swing
2014,Pre-Statcast (2014 Breakout),9,3,1,0.39950527567541294,2.0553047071435273,SL,hit_into_play,Swing
2014,Pre-Statcast (2014 Breakout),6,3,2,0.5511458460572516,2.2388076741650327,FF,called_strike,Take (Called Strike)
2014,Pre-Statcast (2014 Breakout),8,2,1,-0.22938939584467877,1.819731984903585,SL,called_strike,Take (Called Strike)
2014,Pre-Statcast (2014 Breakout),3,3,3,0.5729758747531377,3.5604680857924804,FC,ball,Take (Called Strike)
2014,Pre-Statcast (2014 Breakout),6,3,2,0.6433192259376345,2.5594417349886314,FC,foul,Swing
2014,Pre-Statcast (2014 Breakout),6,3,2,0.3325652079682627,2.66306036158775,FC,called_strike,Take (Called Strike)
2014,Pre-Statcast (2014 Breakout),7,1,1,-0.6997103747939969,1.8016059149923955,SI,hit_into_play,Swing
2014,Pre-Statcast (2014 Breakout),5,2,2,0.2502166818490395,2.3671884510753927,SL,foul,Swing
2014,Pre-Statcast (2014 Breakout),9,3,1,0.4664730887169136,1.893886623613228,SL,foul,Swing
2014,Pre-Statcast (2014 Breakout),4,1,2,-0.8153573736762431,2.74803586446033,FF,hit_into_play,Swing
2014,Pre-Statcast (2014 Breakout),9,3,1,0.4321792708623151,1.7446325179156743,ST,foul,Swing
2014,Pre-Statcast (2014 Breakout),1,1,3,-0.661115597747238,3.0343745623380634,FF,hit_into_play,Swing
2014,Pre-Statcast (2014 Breakout),8,2,1,0.17330213033823488,1.9170987736942904,SL,hit_into_play,Swing
2014,Pre-Statcast (2014 Breakout),8,2,1,-0.05494978228452028,1.8814945757625936,FF,foul,Swing
2014,Pre-Statcast (2014 Breakout),6,3,2,0.5484822791122341,2.895855132148639,FF,called_strike,Take (Called Strike)
2014,Pre-Statcast (2014 Breakout),8,2,1,-0.00527133397235668,1.817132584280409,KC,foul,Swing
2014,Pre-Statcast (2014 Breakout),4,1,2,-0.4281036530712928,2.7568500784595624,CU,called_strike,Take (Called Strike)
2014,Pre-Statcast (2014 Breakout),5,2,2,0.236596554957752,2.515968466695979,ST,foul,Swing
2014,Pre-Statcast (2014 Breakout),9,3,1,0.5963432466833853,1.762701683608411,KC,hit_into_play,Swing
2014,Pre-Statcast (2014 Breakout),9,3,1,0.3745644584793074,1.8791539200744345,KC,called_strike,Take (Called Strike)
2014,Pre-Statcast (2014 Breakout),4,1,2,-0.7384449583742162,2.5455702026276184,CH,swinging_strike,Swing
2014,Pre-Statcast (2014 Breakout),8,2,1,0.21577553916080097,1.5236180984680217,CU,called_strike,Take (Called Strike)
2014,Pre-Statcast (2014 Breakout),5,2,2,-0.1661712508567068,2.6065958462942085,SL,hit_into_play,Swing
2014,Pre-Statcast (2014 Breakout),6,3,2,0.7831259783003881,2.3045338384587915,SL,hit_into_play,Swing
2014,Pre-Statcast (2014 Breakout),5,2,2,0.09654161195953516,2.784551945881564,SL,foul,Swing
2014,Pre-Statcast (2014 Breakout),5,2,2,0.20198604396366368,2.236547697262988,FF,hit_into_play,Swing
2014,Pre-Statcast (2014 Breakout),2,2,3,-0.14854477289444168,3.3719629311124706,CU,called_strike,Take (Called Strike)
2014,Pre-Statcast (2014 Breakout),8,2,1,0.15291556829063696,2.221452302121483,FF,called_strike,Take (Called Strike)
2014,Pre-Statcast (2014 Breakout),1,1,3,-0.3818204025633596,3.027494083769363,FF,foul,Swing
2014,Pre-Statcast (2014 Breakout),4,1,2,-0.7845647710353724,2.9179902763876453,SI,foul,Swing
2014,Pre-Statcast (2014 Breakout),1,1,3,-0.7346978484252282,3.1819644779107037,CU,called_strike,Take (Called Strike)
2014,Pre-Statcast (2014 Breakout),1,1,3,-0.6146870493156388,3.4179980494267417,FF,foul,Swing
2014,Pre-Statcast (2014 Breakout),9,3,1,0.6059251682100972,1.620611496033213,SL,foul,Swing
2014,Pre-Statcast (2014 Breakout),1,1,3,-0.6755132605967654,3.4247164785090236,FF,ball,Take (Called Strike)
2014,Pre-Statcast (2014 Breakout),5,2,2,0.2045270818204883,2.242147728231439,FF,hit_into_play,Swing
2014,Pre-Statcast (2014 Breakout),1,1,3,-0.7822064059376919,3.4784755420607967,FF,ball,Take (Called Strike)
2014,Pre-Statcast (2014 Breakout),9,3,1,0.7038516817655629,2.121811945398073,SL,swinging_strike,Swing
2014,Pre-Statcast (2014 Breakout),3,3,3,0.6675222605356337,3.076924568900009,SL,called_strike,Take (Called Strike)
2014,Pre-Statcast (2014 Breakout),9,3,1,0.37521627631991383,1.996176526596898,SI,hit_into_play,Swing
2014,Pre-Statcast (2014 Breakout),8,2,1,0.08491206484899921,2.0427573705952007,FF,hit_into_play,Swing
2014,Pre-Statcast (2014 Breakout),7,1,1,-0.5152178306504416,2.178589974029497,CU,hit_into_play,Swing
2014,Pre-Statcast (2014 Breakout),7,1,1,-0.7560064894579646,1.5141777972610655,SI,foul,Swing
2014,Pre-Statcast (2014 Breakout),7,1,1,-0.8250721616077006,1.9343320956407728,SI,foul_tip,Swing
2014,Pre-Statcast (2014 Breakout),8,2,1,-0.03774252045116166,1.9913870197953352,FF,called_strike,Take (Called Strike)
2014,Pre-Statcast (2014 Breakout),2,2,3,0.13162922563614343,3.2918803806976933,FF,called_strike,Take (Called Strike)
2014,Pre-Statcast (2014 Breakout),6,3,2,0.4435768309966576,2.3683299842510603,FF,foul,Swing
2014,Pre-Statcast (2014 Breakout),2,2,3,-0.1525393219803638,3.190186107631251,SI,hit_into_play,Swing
2014,Pre-Statcast (2014 Breakout),2,2,3,0.09971824902748704,3.0362686935257956,CH,foul,Swing
2014,Pre-Statcast (2014 Breakout),1,1,3,-0.5591215130515551,3.5506880214414536,FF,foul,Swing
2014,Pre-Statcast (2014 Breakout),6,3,2,0.43856443789119615,2.6902294125673345,FF,foul,Swing
2014,Pre-Statcast (2014 Breakout),7,1,1,-0.5011867274814912,2.0208704423360073,SL,hit_into_play,Swing
2014,Pre-Statcast (2014 Breakout),7,1,1,-0.4628477535954473,1.6716853153497944,CU,swinging_strike,Swing
2014,Pre-Statcast (2014 Breakout),9,3,1,0.3677336842422528,2.1877075260445005,FF,foul,Swing
2014,Pre-Statcast (2014 Breakout),2,2,3,-0.25999606704449885,3.2068877575670083,CH,foul,Swing
2014,Pre-Statcast (2014 Breakout),7,1,1,-0.8215309756300792,2.1018740023662907,SI,called_strike,Take (Called Strike)
2014,Pre-Statcast (2014 Breakout),7,1,1,-0.31961326963814957,1.6521993308773109,SL,foul,Swing
2014,Pre-Statcast (2014 Breakout),8,2,1,0.0916268343031764,1.837214177569264,SL,swinging_strike,Swing
2014,Pre-Statcast (2014 Breakout),8,2,1,-0.16098280273767585,2.0916982554685046,SL,foul,Swing
2014,Pre-Statcast (2014 Breakout),7,1,1,-0.6300462482068299,1.946078540364467,SL,ball,Take (Called Strike)
2014,Pre-Statcast (2014 Breakout),7,1,1,-0.57806348136903285,2.069762629241242,SL,hit_into_play,Swing
2014,Pre-Statcast (2014 Breakout),1,1,3,-0.7571054079701707,3.256123577926097,SL,hit_into_play,Swing
2014,Pre-Statcast (2014 Breakout),8,2,1,-0.14786284828611723,1.651771938003569,SL,swinging_strike,Swing
2014,Pre-Statcast (2014 Breakout),9,3,1,0.3748741636180599,1.7729862782392032,SL,ball,Take (Called Strike)
2014,Pre-Statcast (2014 Breakout),8,2,1,0.22737845826300224,2.1155785879823936,FC,foul,Swing
2014,Pre-Statcast (2014 Breakout),5,2,2,0.00186520002743898,2.281332297723231,FF,hit_into_play,Swing
2014,Pre-Statcast (2014 Breakout),2,2,3,0.04027175726648774,3.3096641571592267,CU,called_strike,Take (Called Strike)
2014,Pre-Statcast (2014 Breakout),8,2,1,0.03318840416596103,1.8428272062031423,CU,hit_into_play,Swing
2014,Pre-Statcast (2014 Breakout),8,2,1,0.07054123976719084,1.9283324568287337,CU,swinging_strike,Swing
2014,Pre-Statcast (2014 Breakout),5,2,2,-0.26964439180921224,2.5952516514905315,FF,foul,Swing
2014,Pre-Statcast (2014 Breakout),5,2,2,-0.27008905523132437,2.5157080961022418,FC,foul,Swing
2014,Pre-Statcast (2014 Breakout),8,2,1,-0.1036996725901114,1.9266220663189424,FC,foul,Swing
2014,Pre-Statcast (2014 Breakout),4,1,2,-0.6512740573524677,2.5963402688769217,SI,hit_into_play,Swing
2014,Pre-Statcast (2014 Breakout),4,1,2,-0.3014918386096106,2.519129977182285,SI,hit_into_play,Swing
2014,Pre-Statcast (2014 Breakout),7,1,1,-0.4938449011869621,1.653688161432207,SI,foul,Swing
2014,Pre-Statcast (2014 Breakout),5,2,2,0.12088873862057928,2.8124388717636686,FF,foul,Swing
2014,Pre-Statcast (2014 Breakout),1,1,3,-0.4733073149519643,3.1741194951229437,FF,hit_into_play,Swing
2014,Pre-Statcast (2014 Breakout),5,2,2,-0.07008572943171121,2.6658099312176535,FF,foul,Swing
2014,Pre-Statcast (2014 Breakout),3,3,3,0.7686340891104679,3.5135066512232083,FF,ball,Take (Called Strike)
2014,Pre-Statcast (2014 Breakout),6,3,2,0.4559678495229744,2.7299363139603403,SI,hit_into_play,Swing
2014,Pre-Statcast (2014 Breakout),6,3,2,0.6445051404259752,2.7975801848862916,CH,foul,Swing
2014,Pre-Statcast (2014 Breakout),1,1,3,-0.4576509504018316,3.411698680681688,SI,swinging_strike,Swing
2014,Pre-Statcast (2014 Breakout),7,1,1,-0.7436261159705644,1.6805888459298386,SI,called_strike,Take (Called Strike)
2014,Pre-Statcast (2014 Breakout),6,3,2,0.6004177359688108,2.5829344736696034,CH,foul,Swing
2014,Pre-Statcast (2014 Breakout),5,2,2,-0.03832208125173181,2.7415009836416417,SL,hit_into_play,Swing
2014,Pre-Statcast (2014 Breakout),6,3,2,0.6997954818773255,2.802302052718572,FF,hit_into_play,Swing
2014,Pre-Statcast (2014 Breakout),5,2,2,-0.27041476051109803,2.2859051940837527,CH,foul,Swing
2014,Pre-Statcast (2014 Breakout),9,3,1,0.5915547251561847,1.5068000213407469,SL,swinging_strike,Swing
2014,Pre-Statcast (2014 Breakout),5,2,2,0.14051651116895747,2.3931274507945064,FF,foul,Swing
2014,Pre-Statcast (2014 Breakout),9,3,1,0.6099941356733944,1.9381438782881608,CU,called_strike,Take (Called Strike)
2014,Pre-Statcast (2014 Breakout),4,1,2,-0.3832079392958685,2.6110482501394605,FS,swinging_strike,Swing
2014,Pre-Statcast (2014 Breakout),8,2,1,0.01753583939054603,2.0286388748830206,FS,foul,Swing
2014,Pre-Statcast (2014 Breakout),1,1,3,-0.3010277285794114,3.0039737704672955,FS,called_strike,Take (Called Strike)
2014,Pre-Statcast (2014 Breakout),6,3,2,0.5748360645714969,2.4292659719084018,CH,hit_into_play,Swing
2014,Pre-Statcast (2014 Breakout),4,1,2,-0.5016957803281323,2.5610575398770945,FF,hit_into_play,Swing
2014,Pre-Statcast (2014 Breakout),6,3,2,0.7724182717869104,2.896064489150892,CH,called_strike,Take (Called Strike)
2014,Pre-Statcast (2014 Breakout),6,3,2,0.8041397681640582,2.707798540932638,FF,hit_into_play,Swing
2014,Pre-Statcast (2014 Breakout),3,3,3,0.4422391425148203,3.0871797449763902,FF,foul,Swing
2014,Pre-Statcast (2014 Breakout),8,2,1,-0.04097427012090371,1.8727734553314137,SL,swinging_strike,Swing
2014,Pre-Statcast (2014 Breakout),8,2,1,0.01946909551721587,2.011257777229413,CH,foul,Swing
2014,Pre-Statcast (2014 Breakout),7,1,1,-0.8243843062607026,2.106476973021458,SI,swinging_strike,Swing
2014,Pre-Statcast (2014 Breakout),4,1,2,-0.4774771119033536,2.76166242957071,SI,called_strike,Take (Called Strike)
2014,Pre-Statcast (2014 Breakout),6,3,2,0.4546702551386894,2.487960082798074,SI,foul,Swing
2014,Pre-Statcast (2014 Breakout),9,3,1,0.475313192941479,2.1479552970023605,SL,swinging_strike,Swing
2014,Pre-Statcast (2014 Breakout),9,3,1,0.6748006907549677,2.053248242989389,SL,called_strike,Take (Called Strike)
2014,Pre-Statcast (2014 Breakout),1,1,3,-0.2827480920835136,3.156612421175541,FF,foul,Swing
2014,Pre-Statcast (2014 Breakout),5,2,2,-0.2281200266994332,2.4967798945927075,FF,hit_into_play,Swing
2014,Pre-Statcast (2014 Breakout),3,3,3,0.2991566790261423,3.3602616073155245,FF,swinging_strike,Swing
2014,Pre-Statcast (2014 Breakout),7,1,1,-0.5749933817625884,1.9211308665551292,FF,foul,Swing
2014,Pre-Statcast (2014 Breakout),9,3,1,0.4821530094853862,1.6752072849756583,FF,ball,Take (Called Strike)
2014,Pre-Statcast (2014 Breakout),2,2,3,0.25310153500070814,3.2763664812502533,FF,called_strike,Take (Called Strike)
2014,Pre-Statcast (2014 Breakout),8,2,1,0.251955757092356,1.5715903345635147,FC,ball,Take (Called Strike)
2014,Pre-Statcast (2014 Breakout),5,2,2,0.17230449321592162,2.677486028289356,FC,swinging_strike,Swing
2014,Pre-Statcast (2014 Breakout),4,1,2,-0.5534288933244579,2.5044730881824893,FF,hit_into_play,Swing
2014,Pre-Statcast (2014 Breakout),8,2,1,-0.06773648463784698,1.727805772908685,SI,foul,Swing
2014,Pre-Statcast (2014 Breakout),4,1,2,-0.4214445653834815,2.8730780469416572,SI,hit_into_play,Swing
2014,Pre-Statcast (2014 Breakout),6,3,2,0.595729756539626,2.4897289367939353,CH,foul,Swing
2014,Pre-Statcast (2014 Breakout),4,1,2,-0.4220402820376059,2.630220235373524,SI,foul,Swing
2014,Pre-Statcast (2014 Breakout),6,3,2,0.5473701443789672,2.887950689471732,CU,swinging_strike,Swing
2014,Pre-Statcast (2014 Breakout),7,1,1,-0.4224476076612528,1.8204797175758536,SL,hit_into_play,Swing
2014,Pre-Statcast (2014 Breakout),9,3,1,0.6749268254421623,2.057207217247747,SI,called_strike,Take (Called Strike)
2014,Pre-Statcast (2014 Breakout),6,3,2,0.33470294862931327,2.3983316386482403,CU,hit_into_play,Swing
2014,Pre-Statcast (2014 Breakout),7,1,1,-0.385103899500474,1.466317423562823,FF,ball,Take (Called Strike)
2014,Pre-Statcast (2014 Breakout),8,2,1,0.01846205659065325,1.9968243837658468,SI,hit_into_play,Swing
2014,Pre-Statcast (2014 Breakout),8,2,1,0.05141547305371907,1.7901632857187826,CU,called_strike,Take (Called Strike)
2014,Pre-Statcast (2014 Breakout),2,2,3,0.2367038256353896,2.9797844076728413,KC,called_strike,Take (Called Strike)
2014,Pre-Statcast (2014 Breakout),6,3,2,0.6201647105348205,2.960056308394908,SL,hit_into_play,Swing
2014,Pre-Statcast (2014 Breakout),6,3,2,0.27956007655255555,2.280458286998725,FF,foul,Swing
2014,Pre-Statcast (2014 Breakout),5,2,2,-0.07309635770822699,2.884196534610764,FF,foul,Swing
2014,Pre-Statcast (2014 Breakout),6,3,2,0.7860303607218019,2.504866777232881,FC,foul,Swing
2014,Pre-Statcast (2014 Breakout),9,3,1,0.5472760866745949,2.0599112246183453,FC,foul_tip,Swing
2014,Pre-Statcast (2014 Breakout),5,2,2,-0.19776923729006668,2.5638080609461977,SL,foul,Swing
2014,Pre-Statcast (2014 Breakout),8,2,1,-0.04731664231533705,1.9837396863775427,SL,called_strike,Take (Called Strike)
2014,Pre-Statcast (2014 Breakout),9,3,1,0.5986735705532199,2.1998814591619844,SL,foul,Swing
2014,Pre-Statcast (2014 Breakout),4,1,2,-0.69775820898382,2.7722336954060793,FF,called_strike,Take (Called Strike)
2014,Pre-Statcast (2014 Breakout),5,2,2,0.05320398071672361,2.4132908916138076,CU,hit_into_play,Swing
2014,Pre-Statcast (2014 Breakout),6,3,2,0.6689098908100869,2.294590229417569,SL,foul,Swing
2014,Pre-Statcast (2014 Breakout),2,2,3,0.20770381835953777,3.269463420920641,SL,swinging_strike,Swing
2014,Pre-Statcast (2014 Breakout),5,2,2,0.15691257493461297,2.5025144386994875,SI,hit_into_play,Swing
2014,Pre-Statcast (2014 Breakout),7,1,1,-0.6047486310581592,1.7906694453830236,SL,foul,Swing
2014,Pre-Statcast (2014 Breakout),6,3,2,0.3916067738354282,2.850597641872204,FF,hit_into_play,Swing
2014,Pre-Statcast (2014 Breakout),4,1,2,-0.7907665126211075,2.9211774711296723,SI,hit_into_play,Swing
2014,Pre-Statcast (2014 Breakout),1,1,3,-0.6837708582273307,2.97788403786924,SL,hit_into_play,Swing
2014,Pre-Statcast (2014 Breakout),6,3,2,0.7833403385222024,2.677644942669847,FF,called_strike,Take (Called Strike)
2014,Pre-Statcast (2014 Breakout),7,1,1,-0.2902311552848984,1.905901069237545,FF,hit_into_play,Swing
2014,Pre-Statcast (2014 Breakout),2,2,3,-0.04192549828188108,3.2292834501867658,FF,foul,Swing
2014,Pre-Statcast (2014 Breakout),5,2,2,-0.05202376460256119,2.4377241003581513,CU,foul,Swing
2014,Pre-Statcast (2014 Breakout),7,1,1,-0.7384553282684152,2.182133637428984,FF,called_strike,Take (Called Strike)
2014,Pre-Statcast (2014 Breakout),9,3,1,0.5510869970075489,2.2719867265830622,FF,called_strike,Take (Called Strike)
2014,Pre-Statcast (2014 Breakout),6,3,2,0.7368376835478309,2.6065703563411717,FF,swinging_strike,Swing
2014,Pre-Statcast (2014 Breakout),4,1,2,-0.4260863597567843,2.2444369945700964,FF,foul,Swing
2014,Pre-Statcast (2014 Breakout),6,3,2,0.3252638305292491,2.295012434354245,SL,swinging_strike,Swing
2014,Pre-Statcast (2014 Breakout),8,2,1,0.2612778323849311,1.740525031599863,SL,swinging_strike,Swing
2014,Pre-Statcast (2014 Breakout),8,2,1,-0.1745496226489318,1.9443286474993824,FF,hit_into_play,Swing
2014,Pre-Statcast (2014 Breakout),3,3,3,0.5053746055422552,3.127896770235813,SL,foul,Swing
2014,Pre-Statcast (2014 Breakout),1,1,3,-0.6841457281828948,3.296777737383486,FF,foul,Swing
2014,Pre-Statcast (2014 Breakout),8,2,1,-0.02835877626400806,1.5374977166438315,FF,foul,Swing
2014,Pre-Statcast (2014 Breakout),4,1,2,-0.37410328732696096,2.373793109799291,FF,foul,Swing
2014,Pre-Statcast (2014 Breakout),6,3,2,0.5766743117667594,2.838404775666702,CU,called_strike,Take (Called Strike)
2014,Pre-Statcast (2014 Breakout),6,3,2,0.3889005851304424,2.3010297211749395,SL,hit_into_play,Swing
2014,Pre-Statcast (2014 Breakout),6,3,2,0.3744749477195326,2.5426130495070867,SI,hit_into_play,Swing
2014,Pre-Statcast (2014 Breakout),5,2,2,0.01655565635878353,2.832089907816849,SL,foul,Swing
2014,Pre-Statcast (2014 Breakout),4,1,2,-0.5032598645649672,2.9346592431993352,FF,hit_into_play,Swing
2014,Pre-Statcast (2014 Breakout),5,2,2,-0.09501606962233489,2.6061563724298153,FF,foul,Swing
2014,Pre-Statcast (2014 Breakout),9,3,1,0.4972813949598117,2.223243891554574,FF,called_strike,Take (Called Strike)
2014,Pre-Statcast (2014 Breakout),9,3,1,0.5173855604409511,2.009892595526068,SL,swinging_strike,Swing
2014,Pre-Statcast (2014 Breakout),8,2,1,-0.09665913655983074,1.9983281176036851,SL,swinging_strike,Swing
2014,Pre-Statcast (2014 Breakout),6,3,2,0.7073515745921173,2.5329485645500487,SL,swinging_strike,Swing
2014,Pre-Statcast (2014 Breakout),5,2,2,-0.05908095729627272,2.568948185515212,FF,swinging_strike,Swing
2014,Pre-Statcast (2014 Breakout),3,3,3,0.3000019864581931,3.379141148583331,FF,hit_into_play,Swing
2014,Pre-Statcast (2014 Breakout),5,2,2,0.1308922428097843,2.488895026090501,FF,foul,Swing
2014,Pre-Statcast (2014 Breakout),1,1,3,-0.6268724654992633,3.0913716339370008,FF,hit_into_play,Swing
2014,Pre-Statcast (2014 Breakout),4,1,2,-0.30113624701304553,2.742996188803145,FF,swinging_strike,Swing
2014,Pre-Statcast (2014 Breakout),3,3,3,0.43915406290832826,3.428433545842913,FF,ball,Take (Called Strike)
2014,Pre-Statcast (2014 Breakout),8,2,1,-0.2110643852699683,1.8869531470465195,SL,swinging_strike,Swing
2014,Pre-Statcast (2014 Breakout),1,1,3,-0.4137363603879992,3.253711491716545,SL,hit_into_play,Swing
2014,Pre-Statcast (2014 Breakout),9,3,1,0.7851674472417783,1.858807835813424,FF,called_strike,Take (Called Strike)
2014,Pre-Statcast (2014 Breakout),8,2,1,0.03274501086659787,2.054624021076401,SI,foul,Swing
2014,Pre-Statcast (2014 Breakout),5,2,2,0.07589937920703632,2.405313095893999,FC,foul,Swing
2014,Pre-Statcast (2014 Breakout),5,2,2,0.11093604407420576,2.187291549310914,SI,hit_into_play,Swing
2014,Pre-Statcast (2014 Breakout),8,2,1,0.03867030002993488,1.741188332424866,FF,foul,Swing
2014,Pre-Statcast (2014 Breakout),8,2,1,-0.08482034582595355,1.7687959315386972,CH,foul,Swing
2014,Pre-Statcast (2014 Breakout),2,2,3,0.25566147031503206,2.9527161963583812,KC,foul,Swing
2014,Pre-Statcast (2014 Breakout),4,1,2,-0.4462602904557464,2.643806291442643,FF,foul,Swing
2014,Pre-Statcast (2014 Breakout),8,2,1,-0.00581034383039935,2.1343040666987756,SI,foul,Swing
2014,Pre-Statcast (2014 Breakout),6,3,2,0.34214261797437684,2.733093670126296,FF,hit_into_play,Swing
2014,Pre-Statcast (2014 Breakout),7,1,1,-0.6730854895920899,2.1631840742452937,FF,foul,Swing
2014,Pre-Statcast (2014 Breakout),6,3,2,0.5917457173268863,2.433266068507845,CH,foul,Swing
2014,Pre-Statcast (2014 Breakout),4,1,2,-0.6168313155603267,2.475587941871347,KC,hit_into_play,Swing
2014,Pre-Statcast (2014 Breakout),5,2,2,0.13362693715673205,2.7611531063549815,FF,foul,Swing
2014,Pre-Statcast (2014 Breakout),4,1,2,-0.511667367215348,2.329681455966533,FF,called_strike,Take (Called Strike)
2014,Pre-Statcast (2014 Breakout),8,2,1,-0.04294035482325664,2.1363313503352885,FF,hit_into_play,Swing
2014,Pre-Statcast (2014 Breakout),3,3,3,0.3365150661772721,3.431265814556365,FF,foul,Swing
2014,Pre-Statcast (2014 Breakout),1,1,3,-0.4352353656255912,3.2915612811107966,FF,swinging_strike,Swing
2014,Pre-Statcast (2014 Breakout),2,2,3,-0.24152515523599585,2.9514142105708716,FF,foul,Swing
2014,Pre-Statcast (2014 Breakout),5,2,2,0.04444058124583849,2.3950557386664935,FF,swinging_strike,Swing
2014,Pre-Statcast (2014 Breakout),5,2,2,0.2669315210452009,2.4057304173772267,FF,foul,Swing
2014,Pre-Statcast (2014 Breakout),8,2,1,-0.00365133172729381,1.4324248901858718,FF,ball,Take (Called Strike)
2014,Pre-Statcast (2014 Breakout),7,1,1,-0.4028999312193967,1.606343872330764,SI,hit_into_play,Swing
2014,Pre-Statcast (2014 Breakout),9,3,1,0.6102966181094918,2.1404913574842053,FC,hit_into_play,Swing
2014,Pre-Statcast (2014 Breakout),4,1,2,-0.5092797880669022,2.243681462439792,CH,swinging_strike,Swing
2014,Pre-Statcast (2014 Breakout),6,3,2,0.6364419641958918,2.2946908583032495,FC,swinging_strike,Swing
2014,Pre-Statcast (2014 Breakout),8,2,1,-0.1464773650035891,2.057179592057202,FF,hit_into_play,Swing
2014,Pre-Statcast (2014 Breakout),8,2,1,-0.16150776049597226,2.057557456158051,CH,hit_into_play,Swing
2014,Pre-Statcast (2014 Breakout),7,1,1,-0.39739888348080576,2.0950827765635083,SI,hit_into_play,Swing
2014,Pre-Statcast (2014 Breakout),8,2,1,-0.23029015234876204,1.4173500287002088,SL,ball,Take (Called Strike)
2014,Pre-Statcast (2014 Breakout),3,3,3,0.7176723841734569,3.486502558939371,FF,swinging_strike,Swing
2014,Pre-Statcast (2014 Breakout),3,3,3,0.6918549249986014,3.469113363838807,FF,foul,Swing
2014,Pre-Statcast (2014 Breakout),9,3,1,0.6737625862703596,2.0042597319762505,FF,foul,Swing
2014,Pre-Statcast (2014 Breakout),9,3,1,0.5558734392323625,2.2032277473661175,SI,swinging_strike,Swing
2014,Pre-Statcast (2014 Breakout),4,1,2,-0.5031941543884495,2.914875126989886,CH,foul,Swing
2014,Pre-Statcast (2014 Breakout),3,3,3,0.632659117896347,3.1079767933455704,SL,swinging_strike,Swing
2014,Pre-Statcast (2014 Breakout),3,3,3,0.431468598214794,3.0368500273118357,FF,called_strike,Take (Called Strike)
2014,Pre-Statcast (2014 Breakout),2,2,3,0.2548423995526259,2.998511692487277,FF,swinging_strike,Swing
2014,Pre-Statcast (2014 Breakout),7,1,1,-0.40837592668039735,1.9394075038398868,SL,foul,Swing
2014,Pre-Statcast (2014 Breakout),1,1,3,-0.3156083162550426,3.5296362913595267,FF,foul,Swing
2014,Pre-Statcast (2014 Breakout),1,1,3,-0.3774976084679935,3.320831984243179,FF,foul,Swing
2014,Pre-Statcast (2014 Breakout),5,2,2,-0.18258436318876925,2.7805103003567613,FF,swinging_strike,Swing
2014,Pre-Statcast (2014 Breakout),2,2,3,0.2327929234865024,3.5655918201951575,CU,foul,Swing
2014,Pre-Statcast (2014 Breakout),6,3,2,0.7595656149281684,2.8229030641160864,FC,called_strike,Take (Called Strike)
2014,Pre-Statcast (2014 Breakout),9,3,1,0.4425514533523318,2.0547292615183923,FC,hit_into_play,Swing
2014,Pre-Statcast (2014 Breakout),2,2,3,-0.20861544829475231,3.004457341255743,FF,foul,Swing
2014,Pre-Statcast (2014 Breakout),2,2,3,-0.17224891142297294,3.26169106646042,FC,swinging_strike,Swing
2014,Pre-Statcast (2014 Breakout),5,2,2,0.08776528986424192,2.2490819355025877,CU,swinging_strike,Swing
2014,Pre-Statcast (2014 Breakout),6,3,2,0.6864545491296157,2.573514203806768,FF,swinging_strike,Swing
2014,Pre-Statcast (2014 Breakout),4,1,2,-0.370579943428362,2.358904207056305,FF,hit_into_play,Swing
2014,Pre-Statcast (2014 Breakout),1,1,3,-0.7896454512924161,3.6341300624255353,FF,ball,Take (Called Strike)
2014,Pre-Statcast (2014 Breakout),8,2,1,-0.1310672443458237,1.543199501736205,CU,foul,Swing
2014,Pre-Statcast (2014 Breakout),7,1,1,-0.7285436194677188,2.011348320833455,FC,hit_into_play,Swing
2014,Pre-Statcast (2014 Breakout),6,3,2,0.6757975107605492,2.6159431021494797,FC,swinging_strike,Swing
2014,Pre-Statcast (2014 Breakout),9,3,1,0.4372480424463957,1.5808145335727732,FF,foul,Swing
2014,Pre-Statcast (2014 Breakout),5,2,2,0.19999169069104727,2.3766044443720213,FF,foul,Swing
2014,Pre-Statcast (2014 Breakout),8,2,1,0.18094545310086776,1.7882267481129073,FF,called_strike,Take (Called Strike)
2014,Pre-Statcast (2014 Breakout),9,3,1,0.6651758645714678,2.076722935637234,FF,called_strike,Take (Called Strike)
2014,Pre-Statcast (2014 Breakout),8,2,1,0.08249697593430994,2.1208143911304083,CU,hit_into_play,Swing
2014,Pre-Statcast (2014 Breakout),6,3,2,0.8090400645113527,2.2870226063106296,SL,hit_into_play,Swing
2014,Pre-Statcast (2014 Breakout),9,3,1,0.46553768550783503,2.228745037361035,SI,swinging_strike,Swing
2014,Pre-Statcast (2014 Breakout),5,2,2,0.2757712216989088,2.2465376355914017,SI,foul,Swing
2018,Post-Statcast (2018 All-Star),4,1,2,-0.3092352275816692,2.777242030546963,CH,hit_into_play,Swing
2018,Post-Statcast (2018 All-Star),5,2,2,0.08890357382853953,2.7492875499353215,CH,foul,Swing
2018,Post-Statcast (2018 All-Star),7,1,1,-0.7200937264521938,1.7634712185960126,CH,swinging_strike,Swing
2018,Post-Statcast (2018 All-Star),4,1,2,-0.6831543727006613,2.7497242886097784,CH,foul_tip,Swing
2018,Post-Statcast (2018 All-Star),5,2,2,-0.03598165215336002,2.260974873621528,FF,foul,Swing
2018,Post-Statcast (2018 All-Star),7,1,1,-0.5017774701490482,1.8549311038883425,FF,hit_into_play,Swing
2018,Post-Statcast (2018 All-Star),4,1,2,-0.723182097051121,2.820278147627697,FF,called_strike,Take (Called Strike)
2018,Post-Statcast (2018 All-Star),4,1,2,-0.4777259293543077,2.3157665485669545,FF,foul,Swing
2018,Post-Statcast (2018 All-Star),7,1,1,-0.4247967083891092,1.7111742357859754,SI,called_strike,Take (Called Strike)
2018,Post-Statcast (2018 All-Star),8,2,1,-0.04180634912718739,1.9895914122493892,CU,foul,Swing
2018,Post-Statcast (2018 All-Star),4,1,2,-0.27937950764796404,2.7302922570947548,FF,foul,Swing
2018,Post-Statcast (2018 All-Star),5,2,2,0.1420204935575371,2.8174862730239227,FF,foul,Swing
2018,Post-Statcast (2018 All-Star),4,1,2,-0.525415941987789,3.049307487316728,FF,hit_into_play,Swing
2018,Post-Statcast (2018 All-Star),6,3,2,0.5148537606045829,3.076223315378891,FF,swinging_strike,Swing
2018,Post-Statcast (2018 All-Star),6,3,2,0.5918913300307381,2.500790020453923,KC,called_strike,Take (Called Strike)
2018,Post-Statcast (2018 All-Star),3,3,3,0.41540500755302767,3.372498563549877,FF,foul,Swing
2018,Post-Statcast (2018 All-Star),9,3,1,0.5284107781055105,1.8007505396304375,SL,swinging_strike,Swing
2018,Post-Statcast (2018 All-Star),4,1,2,-0.4016512977562882,2.649676366784606,FF,hit_into_play,Swing
2018,Post-Statcast (2018 All-Star),2,2,3,-0.03812943314082995,3.221709783968351,SI,hit_into_play,Swing
2018,Post-Statcast (2018 All-Star),9,3,1,0.5317782769733961,2.157701416981624,CH,foul,Swing
2018,Post-Statcast (2018 All-Star),4,1,2,-0.4394600969698167,2.3623843284826487,FF,hit_into_play,Swing
2018,Post-Statcast (2018 All-Star),9,3,1,0.5264100921687964,1.8480054510195465,SL,hit_into_play,Swing
2018,Post-Statcast (2018 All-Star),9,3,1,0.3823265050183141,1.5140372523166712,FF,called_strike,Take (Called Strike)
2018,Post-Statcast (2018 All-Star),6,3,2,0.631886768678761,2.9462098173696094,SL,called_strike,Take (Called Strike)
2018,Post-Statcast (2018 All-Star),5,2,2,-0.03555835790309464,2.9755360260909267,SL,called_strike,Take (Called Strike)
2018,Post-Statcast (2018 All-Star),6,3,2,0.6889312915237468,2.5378220265656855,CH,foul,Swing
2018,Post-Statcast (2018 All-Star),1,1,3,-0.6982587043380695,3.771680233245619,FF,ball,Take (Called Strike)
2018,Post-Statcast (2018 All-Star),8,2,1,-0.23445232740845567,1.900148224365724,FF,ball,Take (Called Strike)
2018,Post-Statcast (2018 All-Star),7,1,1,-0.48017374676612856,2.29677440424295,SL,called_strike,Take (Called Strike)
2018,Post-Statcast (2018 All-Star),5,2,2,0.24006627098273348,2.3724477706543308,SI,foul,Swing
2018,Post-Statcast (2018 All-Star),5,2,2,0.09328766066511912,2.8424870317806596,FF,foul,Swing
2018,Post-Statcast (2018 All-Star),5,2,2,-0.05938218981575294,2.5801968471002925,ST,hit_into_play,Swing
2018,Post-Statcast (2018 All-Star),8,2,1,-0.01292737058094073,1.5013566156334792,ST,swinging_strike,Swing
2018,Post-Statcast (2018 All-Star),7,1,1,-0.5039231823732719,2.0821008608351033,FF,foul,Swing
2018,Post-Statcast (2018 All-Star),5,2,2,-0.22221818703309024,2.2878705533804977,FF,hit_into_play,Swing
2018,Post-Statcast (2018 All-Star),7,1,1,-0.4378580048606021,2.1734274712937744,FF,called_strike,Take (Called Strike)
2018,Post-Statcast (2018 All-Star),4,1,2,-0.47201181724081653,2.346578428235572,FF,hit_into_play,Swing
2018,Post-Statcast (2018 All-Star),8,2,1,0.05635179498431919,2.1236576535782596,SL,foul,Swing
2018,Post-Statcast (2018 All-Star),6,3,2,0.6350649199376708,2.5068326288677714,SL,called_strike,Take (Called Strike)
2018,Post-Statcast (2018 All-Star),5,2,2,0.13666673113010125,2.8756552652403253,FF,swinging_strike,Swing
2018,Post-Statcast (2018 All-Star),4,1,2,-0.3065021414776551,2.563444561736347,FF,hit_into_play,Swing
2018,Post-Statcast (2018 All-Star),9,3,1,0.7102639108408898,1.832535524079828,SL,swinging_strike,Swing
2018,Post-Statcast (2018 All-Star),7,1,1,-0.3063692353355389,1.8964287350105469,KC,swinging_strike,Swing
2018,Post-Statcast (2018 All-Star),6,3,2,0.6914911409713508,3.0949025528075813,FF,called_strike,Take (Called Strike)
2018,Post-Statcast (2018 All-Star),6,3,2,0.5329398808273886,2.5980479501992426,FC,swinging_strike,Swing
2018,Post-Statcast (2018 All-Star),1,1,3,-0.4323977528009859,3.7854794939126633,KC,ball,Take (Called Strike)
2018,Post-Statcast (2018 All-Star),7,1,1,-0.401507052950632,2.302038003502983,FC,called_strike,Take (Called Strike)
2018,Post-Statcast (2018 All-Star),9,3,1,0.6553548976570756,1.6523487879736405,FF,called_strike,Take (Called Strike)
2018,Post-Statcast (2018 All-Star),7,1,1,-0.6995714937777384,1.880800598496461,SL,foul,Swing
2018,Post-Statcast (2018 All-Star),2,2,3,-0.06225809259061105,3.2495929389413565,SL,hit_into_play,Swing
2018,Post-Statcast (2018 All-Star),8,2,1,-0.02561996763590524,2.1893039909999947,SL,called_strike,Take (Called Strike)
2018,Post-Statcast (2018 All-Star),5,2,2,-0.2555413738145692,2.86721820912268,FS,hit_into_play,Swing
2018,Post-Statcast (2018 All-Star),4,1,2,-0.6233868955200642,2.417103120752729,FF,foul,Swing
2018,Post-Statcast (2018 All-Star),5,2,2,0.1869509335411429,2.5847058920766672,KC,hit_into_play,Swing
2018,Post-Statcast (2018 All-Star),5,2,2,0.26583265981331533,2.7727001757083523,FF,hit_into_play,Swing
2018,Post-Statcast (2018 All-Star),4,1,2,-0.44331992036968937,2.683988128047867,FC,foul,Swing
2018,Post-Statcast (2018 All-Star),5,2,2,0.2566949615906415,2.82910215469723,FC,foul,Swing
2018,Post-Statcast (2018 All-Star),7,1,1,-0.4388657878491429,1.810250626958316,CH,foul,Swing
2018,Post-Statcast (2018 All-Star),9,3,1,0.7267294028294283,2.137081523631194,SL,hit_into_play,Swing
2018,Post-Statcast (2018 All-Star),8,2,1,0.09327627433500751,2.1156444751900416,CH,hit_into_play,Swing
2018,Post-Statcast (2018 All-Star),1,1,3,-0.5976413112966182,3.166462561051494,FF,hit_into_play,Swing
2018,Post-Statcast (2018 All-Star),4,1,2,-0.382388508197286,2.351617940363038,FF,hit_into_play,Swing
2018,Post-Statcast (2018 All-Star),5,2,2,0.07404706093470492,2.6323956084140514,FF,foul,Swing
2018,Post-Statcast (2018 All-Star),1,1,3,-0.7047434422993645,3.4437189827079973,FF,hit_into_play,Swing
2018,Post-Statcast (2018 All-Star),6,3,2,0.4392595485910319,2.330903455025513,SL,hit_into_play,Swing
2018,Post-Statcast (2018 All-Star),3,3,3,0.3537392837979445,3.403052563706992,FF,called_strike,Take (Called Strike)
2018,Post-Statcast (2018 All-Star),6,3,2,0.4785539903590068,2.866156868549376,FC,swinging_strike,Swing
2018,Post-Statcast (2018 All-Star),1,1,3,-0.6035462325667217,2.951870769475593,FF,hit_into_play,Swing
2018,Post-Statcast (2018 All-Star),4,1,2,-0.2964044310108074,2.408084581557987,FF,swinging_strike,Swing
2018,Post-Statcast (2018 All-Star),9,3,1,0.43164944820682694,1.6503317258712724,FF,called_strike,Take (Called Strike)
2018,Post-Statcast (2018 All-Star),5,2,2,0.1790335898894435,2.248362905110784,FF,foul_tip,Swing
2018,Post-Statcast (2018 All-Star),4,1,2,-0.696802770776298,2.7736920321133174,FF,foul,Swing
2018,Post-Statcast (2018 All-Star),8,2,1,-0.20614802629454165,2.043986136286962,FF,called_strike,Take (Called Strike)
2018,Post-Statcast (2018 All-Star),5,2,2,-0.18449334743645773,2.880983401229396,SI,called_strike,Take (Called Strike)
2018,Post-Statcast (2018 All-Star),6,3,2,0.4669879222974842,2.6390443687559832,SI,hit_into_play,Swing
2018,Post-Statcast (2018 All-Star),9,3,1,0.4475577778452761,1.9085212940352732,SL,foul,Swing
2018,Post-Statcast (2018 All-Star),8,2,1,0.2747821399984085,2.232041856149543,FF,hit_into_play,Swing
2018,Post-Statcast (2018 All-Star),8,2,1,0.2694897736198073,1.9160200688252988,SL,hit_into_play,Swing
2018,Post-Statcast (2018 All-Star),9,3,1,0.619570691937476,1.841418730119809,SL,hit_into_play,Swing
2018,Post-Statcast (2018 All-Star),3,3,3,0.5773162744551541,3.1607157826608674,SI,foul,Swing
2018,Post-Statcast (2018 All-Star),9,3,1,0.698009768636104,2.1470791169480843,SI,called_strike,Take (Called Strike)
2018,Post-Statcast (2018 All-Star),5,2,2,-0.21292647231449813,2.9044911133913502,CH,hit_into_play,Swing
2018,Post-Statcast (2018 All-Star),4,1,2,-0.41633495236432994,2.51406712948313,FF,foul,Swing
2018,Post-Statcast (2018 All-Star),1,1,3,-0.28490840258094974,3.4834214450457583,SI,foul,Swing
2018,Post-Statcast (2018 All-Star),3,3,3,0.7493438511711746,3.3207711803190847,FF,foul,Swing
2018,Post-Statcast (2018 All-Star),9,3,1,0.35186215885308836,2.1208831624293683,FF,called_strike,Take (Called Strike)
2018,Post-Statcast (2018 All-Star),7,1,1,-0.7061866089629159,1.8970215394789909,CH,foul_tip,Swing
2018,Post-Statcast (2018 All-Star),3,3,3,0.629268574711185,3.7204963219479454,SI,ball,Take (Called Strike)
2018,Post-Statcast (2018 All-Star),5,2,2,-0.1983493322611527,3.0130255983061485,FF,hit_into_play,Swing
2018,Post-Statcast (2018 All-Star),9,3,1,0.29791022528130773,1.7464898216376652,SI,called_strike,Take (Called Strike)
2018,Post-Statcast (2018 All-Star),6,3,2,0.6153927891055065,2.724009521260194,FF,swinging_strike,Swing
2018,Post-Statcast (2018 All-Star),9,3,1,0.5442376687013362,1.966530972662895,FF,called_strike,Take (Called Strike)
2018,Post-Statcast (2018 All-Star),6,3,2,0.3342901539536053,2.6599783084387556,SL,foul,Swing
2018,Post-Statcast (2018 All-Star),5,2,2,0.24517094307403345,2.397438181801606,SI,foul,Swing
2018,Post-Statcast (2018 All-Star),9,3,1,0.8275294998653115,2.1706891127396424,SI,hit_into_play,Swing
2018,Post-Statcast (2018 All-Star),8,2,1,-0.22847671390664095,1.5518616372383909,SL,foul,Swing
2018,Post-Statcast (2018 All-Star),3,3,3,0.585292391848074,3.1044043776974046,CH,hit_into_play,Swing
2018,Post-Statcast (2018 All-Star),6,3,2,0.5963790190343827,2.4613076882269356,CH,hit_into_play,Swing
2018,Post-Statcast (2018 All-Star),6,3,2,0.6739556166499701,2.5095353448722006,SL,foul,Swing
2018,Post-Statcast (2018 All-Star),7,1,1,-0.29978761432762013,1.9378886896223677,FS,hit_into_play,Swing
2018,Post-Statcast (2018 All-Star),2,2,3,-0.16499996194455235,3.0469579071966715,FF,foul,Swing
2018,Post-Statcast (2018 All-Star),9,3,1,0.6206117125107307,1.6963856560304231,CU,called_strike,Take (Called Strike)
2018,Post-Statcast (2018 All-Star),4,1,2,-0.4581856130957225,2.8687744257993097,SI,called_strike,Take (Called Strike)
2018,Post-Statcast (2018 All-Star),9,3,1,0.7040224592998019,2.1294181788872644,FC,foul,Swing
2018,Post-Statcast (2018 All-Star),1,1,3,-0.4653389765866636,3.49801737224188,FF,hit_into_play,Swing
2018,Post-Statcast (2018 All-Star),1,1,3,-0.5648559091965009,3.3605974678258885,FF,foul,Swing
2018,Post-Statcast (2018 All-Star),8,2,1,0.1338789222708796,1.594594726128878,SI,hit_into_play,Swing
2018,Post-Statcast (2018 All-Star),6,3,2,0.4792143813581755,2.294180029627556,FC,foul,Swing
2018,Post-Statcast (2018 All-Star),6,3,2,0.6431995089916416,2.446003538865513,SL,ball,Take (Called Strike)
2018,Post-Statcast (2018 All-Star),2,2,3,-0.20667796461761667,3.113662147011133,FF,swinging_strike,Swing
2018,Post-Statcast (2018 All-Star),2,2,3,0.24038596759369768,3.142495903747607,FF,swinging_strike,Swing
2018,Post-Statcast (2018 All-Star),3,3,3,0.3387792446085979,3.2089624235894347,FF,foul,Swing
2018,Post-Statcast (2018 All-Star),4,1,2,-0.6081916544206984,2.9394813988496584,CH,hit_into_play,Swing
2018,Post-Statcast (2018 All-Star),4,1,2,-0.5249909230566181,2.688616051235905,FF,foul,Swing
2018,Post-Statcast (2018 All-Star),9,3,1,0.39192979861519767,1.9051787725882712,SL,hit_into_play,Swing
2018,Post-Statcast (2018 All-Star),4,1,2,-0.29572335936676203,2.502755315402502,SL,hit_into_play,Swing
2018,Post-Statcast (2018 All-Star),1,1,3,-0.4269294954461211,3.4475108793552556,FF,swinging_strike,Swing
2018,Post-Statcast (2018 All-Star),8,2,1,-0.204409085125012,2.053691667544073,CH,hit_into_play,Swing
2018,Post-Statcast (2018 All-Star),3,3,3,0.7523853844902536,3.3743254422899778,CU,called_strike,Take (Called Strike)
2018,Post-Statcast (2018 All-Star),1,1,3,-0.5757610794463112,3.2479610237248515,FF,hit_into_play,Swing
2018,Post-Statcast (2018 All-Star),7,1,1,-0.7808883665502189,1.9040789782840863,FF,called_strike,Take (Called Strike)
2018,Post-Statcast (2018 All-Star),1,1,3,-0.7429790347267,2.919499669096224,SL,hit_into_play,Swing
2018,Post-Statcast (2018 All-Star),2,2,3,0.26947079865412504,3.0351934606766777,FF,foul,Swing
2018,Post-Statcast (2018 All-Star),7,1,1,-0.6050115222796678,2.1194466724918826,CH,foul,Swing
2018,Post-Statcast (2018 All-Star),4,1,2,-0.7842687838753543,3.0916450704270666,CU,foul,Swing
2018,Post-Statcast (2018 All-Star),2,2,3,0.05153351967830555,3.6291079998150457,FF,foul,Swing
2018,Post-Statcast (2018 All-Star),3,3,3,0.3815726018318991,3.5075184750140176,FF,foul,Swing
2018,Post-Statcast (2018 All-Star),8,2,1,-0.16742291086753447,1.6460124884074594,SI,called_strike,Take (Called Strike)
2018,Post-Statcast (2018 All-Star),9,3,1,0.36302954201429505,2.362286614779009,SI,hit_into_play,Swing
2018,Post-Statcast (2018 All-Star),8,2,1,-0.05244606119097783,2.126297045915498,FS,hit_into_play,Swing
2018,Post-Statcast (2018 All-Star),3,3,3,0.4635304105466935,2.8863933258198773,FC,hit_into_play,Swing
2018,Post-Statcast (2018 All-Star),4,1,2,-0.7070870454976679,2.3267488259206464,KC,hit_into_play,Swing
2018,Post-Statcast (2018 All-Star),9,3,1,0.4843803763724374,1.9102475598946973,KC,swinging_strike,Swing
2018,Post-Statcast (2018 All-Star),6,3,2,0.6008375652634609,2.2543148253043435,FF,swinging_strike,Swing
2018,Post-Statcast (2018 All-Star),5,2,2,0.1226251281723394,2.7168451142557095,FF,swinging_strike,Swing
2018,Post-Statcast (2018 All-Star),4,1,2,-0.7958882106566589,2.2144340394580264,FF,hit_into_play,Swing
2018,Post-Statcast (2018 All-Star),9,3,1,0.6343304801266707,2.318350253200288,FF,hit_into_play,Swing
2018,Post-Statcast (2018 All-Star),8,2,1,-0.09229133613163698,1.699274246026861,SL,called_strike,Take (Called Strike)
2018,Post-Statcast (2018 All-Star),6,3,2,0.773389056339375,2.5612953884396297,CH,hit_into_play,Swing
2018,Post-Statcast (2018 All-Star),3,3,3,0.5461864030928676,3.675073408398656,FF,foul,Swing
2018,Post-Statcast (2018 All-Star),9,3,1,0.5152038420047325,1.763829587240223,FF,called_strike,Take (Called Strike)
2018,Post-Statcast (2018 All-Star),5,2,2,0.12121607204828928,2.698422280358443,FF,hit_into_play,Swing
2018,Post-Statcast (2018 All-Star),5,2,2,0.17725001228746706,2.559838048369844,FF,hit_into_play,Swing
2018,Post-Statcast (2018 All-Star),7,1,1,-0.6887677931799445,1.883301579975206,FS,swinging_strike,Swing
2018,Post-Statcast (2018 All-Star),6,3,2,0.44244402144486206,2.397980785554865,FF,called_strike,Take (Called Strike)
2018,Post-Statcast (2018 All-Star),8,2,1,0.1348105260504715,1.6632699360320526,SI,foul,Swing
2018,Post-Statcast (2018 All-Star),5,2,2,0.23448613211229696,2.4120909462105677,SI,foul,Swing
2018,Post-Statcast (2018 All-Star),6,3,2,0.5707993311823262,2.750101745763661,CU,called_strike,Take (Called Strike)
2018,Post-Statcast (2018 All-Star),7,1,1,-0.67806625434745,1.9101273627075264,CU,called_strike,Take (Called Strike)
2018,Post-Statcast (2018 All-Star),9,3,1,0.5854194995485615,1.728311558251896,CU,swinging_strike,Swing
2018,Post-Statcast (2018 All-Star),2,2,3,-0.2612535207102502,3.2665438693503885,FF,hit_into_play,Swing
2018,Post-Statcast (2018 All-Star),8,2,1,-0.2533201944817878,2.2714851580035,SL,called_strike,Take (Called Strike)
2018,Post-Statcast (2018 All-Star),4,1,2,-0.46722167008567805,3.008787625830266,FF,called_strike,Take (Called Strike)
2018,Post-Statcast (2018 All-Star),1,1,3,-0.48112660521659656,3.036546525582688,SI,hit_into_play,Swing
2018,Post-Statcast (2018 All-Star),7,1,1,-0.5997076392906207,1.575802004986603,CH,swinging_strike,Swing
2018,Post-Statcast (2018 All-Star),5,2,2,0.20007649321157236,2.7437746488064487,SL,called_strike,Take (Called Strike)
2018,Post-Statcast (2018 All-Star),4,1,2,-0.4180423113195959,2.398028625925373,FF,hit_into_play,Swing
2018,Post-Statcast (2018 All-Star),8,2,1,0.11984150616094195,1.910912878335252,FF,ball,Take (Called Strike)
2018,Post-Statcast (2018 All-Star),8,2,1,-0.03670955891489229,2.0556076858363856,SL,hit_into_play,Swing
2018,Post-Statcast (2018 All-Star),5,2,2,-0.13876562287130145,2.3724303226860313,FF,foul,Swing
2018,Post-Statcast (2018 All-Star),2,2,3,0.27096257249360783,3.2702843400558703,FF,swinging_strike,Swing
2018,Post-Statcast (2018 All-Star),8,2,1,-0.20543505057708775,2.125913900003679,SL,called_strike,Take (Called Strike)
2018,Post-Statcast (2018 All-Star),4,1,2,-0.6569160767708185,2.345398521736492,CH,swinging_strike,Swing
2018,Post-Statcast (2018 All-Star),9,3,1,0.6051345838780924,1.4347705228754366,CH,foul,Swing
2018,Post-Statcast (2018 All-Star),9,3,1,0.7672733983211787,1.8322008165104031,FF,called_strike,Take (Called Strike)
2018,Post-Statcast (2018 All-Star),2,2,3,-0.17109367738780945,3.1256209783849536,FF,foul,Swing
2018,Post-Statcast (2018 All-Star),6,3,2,0.34959311541277893,2.351550977619987,FF,called_strike,Take (Called Strike)
2018,Post-Statcast (2018 All-Star),6,3,2,0.3800324648701386,2.4098522581376463,CH,hit_into_play,Swing
2018,Post-Statcast (2018 All-Star),2,2,3,-0.18151740623503088,3.0194567977155304,SI,foul,Swing
2018,Post-Statcast (2018 All-Star),1,1,3,-0.7869093036858414,3.165789883766452,CH,foul,Swing
2018,Post-Statcast (2018 All-Star),5,2,2,0.22836647269650068,2.700379910119335,SI,called_strike,Take (Called Strike)
2018,Post-Statcast (2018 All-Star),5,2,2,0.14187164819346515,2.453974852245201,SL,hit_into_play,Swing
2018,Post-Statcast (2018 All-Star),5,2,2,-0.1080558747126219,2.432516129824494,FF,hit_into_play,Swing
2018,Post-Statcast (2018 All-Star),8,2,1,0.11010811473681814,1.7048899176423145,FF,called_strike,Take (Called Strike)
2018,Post-Statcast (2018 All-Star),9,3,1,0.6166974371127368,1.8424334673333187,FF,called_strike,Take (Called Strike)
2018,Post-Statcast (2018 All-Star),2,2,3,-0.09238534055322128,3.162565836735719,FC,foul,Swing
2018,Post-Statcast (2018 All-Star),9,3,1,0.7874554162187251,2.283719789973987,CH,called_strike,Take (Called Strike)
2018,Post-Statcast (2018 All-Star),5,2,2,0.1591321829295253,2.818070932153207,FC,called_strike,Take (Called Strike)
2018,Post-Statcast (2018 All-Star),2,2,3,0.26201059690459316,3.2731750860567344,FF,hit_into_play,Swing
2018,Post-Statcast (2018 All-Star),6,3,2,0.6694267769156863,2.626561027701224,CH,called_strike,Take (Called Strike)
2018,Post-Statcast (2018 All-Star),9,3,1,0.6227188131098321,1.8221670527683071,SL,swinging_strike,Swing
2018,Post-Statcast (2018 All-Star),8,2,1,0.13542673301701802,2.364317519033232,SL,foul,Swing
2018,Post-Statcast (2018 All-Star),2,2,3,0.0590639960113446,3.4497523217488393,FF,called_strike,Take (Called Strike)
2018,Post-Statcast (2018 All-Star),4,1,2,-0.28026295223027753,2.8347675044197755,FF,foul,Swing
2018,Post-Statcast (2018 All-Star),8,2,1,0.23399414839728305,2.0176285360655557,FF,foul,Swing
2018,Post-Statcast (2018 All-Star),8,2,1,-0.00805664764210623,2.01202759137524,FC,hit_into_play,Swing
2018,Post-Statcast (2018 All-Star),4,1,2,-0.7930963742369156,2.7558423676853474,FF,foul,Swing
2018,Post-Statcast (2018 All-Star),7,1,1,-0.5377203716239033,2.100557451206715,FF,called_strike,Take (Called Strike)
2018,Post-Statcast (2018 All-Star),4,1,2,-0.8097571684838413,2.820513911458091,FC,called_strike,Take (Called Strike)
2018,Post-Statcast (2018 All-Star),6,3,2,0.695541296840986,2.5612786211694223,FF,called_strike,Take (Called Strike)
2018,Post-Statcast (2018 All-Star),9,3,1,0.5892468518753677,1.6954452901112802,CH,hit_into_play,Swing
2018,Post-Statcast (2018 All-Star),2,2,3,0.1322073207118436,3.2905851187294783,SL,swinging_strike,Swing
2018,Post-Statcast (2018 All-Star),4,1,2,-0.5625056396766889,2.630942608491105,SL,called_strike,Take (Called Strike)
2018,Post-Statcast (2018 All-Star),8,2,1,-0.2020662718588182,2.066206853207019,SI,foul,Swing
2018,Post-Statcast (2018 All-Star),9,3,1,0.7612964278720467,2.231033507388862,FF,called_strike,Take (Called Strike)
2018,Post-Statcast (2018 All-Star),5,2,2,0.07673483846882367,2.707969815843045,FF,foul,Swing
2018,Post-Statcast (2018 All-Star),5,2,2,0.2016454206452488,2.6861652769545543,FF,foul,Swing
2018,Post-Statcast (2018 All-Star),9,3,1,0.8275385475062745,2.0255080365613383,FF,called_strike,Take (Called Strike)
2018,Post-Statcast (2018 All-Star),4,1,2,-0.5288406616059861,2.821672356477844,FF,hit_into_play,Swing
2018,Post-Statcast (2018 All-Star),4,1,2,-0.7120826549646272,2.8126626707470583,SL,called_strike,Take (Called Strike)
2018,Post-Statcast (2018 All-Star),7,1,1,-0.49307740085749263,2.3425779271477323,CH,foul,Swing
2018,Post-Statcast (2018 All-Star),6,3,2,0.635752746509894,2.295542842330538,SL,swinging_strike,Swing
2018,Post-Statcast (2018 All-Star),4,1,2,-0.742906233219768,2.3142126295071273,FF,hit_into_play,Swing
2018,Post-Statcast (2018 All-Star),3,3,3,0.6431385075447832,2.9008164856913057,FF,hit_into_play,Swing
2018,Post-Statcast (2018 All-Star),7,1,1,-0.7881464312445208,2.0633135921591435,SI,foul,Swing
2018,Post-Statcast (2018 All-Star),9,3,1,0.5865346848705726,2.1883226764182946,SI,foul,Swing
2018,Post-Statcast (2018 All-Star),4,1,2,-0.4888206863694039,2.9835106846504087,SL,called_strike,Take (Called Strike)
2018,Post-Statcast (2018 All-Star),7,1,1,-0.6211115035076902,1.7751072268080863,SL,called_strike,Take (Called Strike)
2018,Post-Statcast (2018 All-Star),5,2,2,0.18409758379777505,2.8500643442313773,FF,called_strike,Take (Called Strike)
2018,Post-Statcast (2018 All-Star),4,1,2,-0.313643726288283,2.837672826910866,SL,hit_into_play,Swing
2018,Post-Statcast (2018 All-Star),5,2,2,-0.24169446089685687,2.4401493726278876,FF,hit_into_play,Swing
2018,Post-Statcast (2018 All-Star),2,2,3,0.13235097803307094,3.244813687262666,FF,called_strike,Take (Called Strike)
2018,Post-Statcast (2018 All-Star),9,3,1,0.29988705440138963,1.5356850568364848,FF,called_strike,Take (Called Strike)
2018,Post-Statcast (2018 All-Star),1,1,3,-0.6310974549493373,2.807761167407052,FF,hit_into_play,Swing
2018,Post-Statcast (2018 All-Star),3,3,3,0.44098734096265657,3.0389989402363384,FC,foul,Swing
2018,Post-Statcast (2018 All-Star),1,1,3,-0.780853983231578,3.2357876632243565,SI,ball,Take (Called Strike)
2018,Post-Statcast (2018 All-Star),9,3,1,0.2816155961486646,2.1887367647247498,FC,foul,Swing
2018,Post-Statcast (2018 All-Star),4,1,2,-0.5348909564626849,2.374112453354007,CU,foul,Swing
2018,Post-Statcast (2018 All-Star),5,2,2,0.06382116820302453,2.2883057040389083,SI,hit_into_play,Swing
2018,Post-Statcast (2018 All-Star),2,2,3,-0.12366781870997046,3.4233914408576225,FF,foul,Swing
2018,Post-Statcast (2018 All-Star),5,2,2,-0.2514114855663867,2.604768861024514,FF,hit_into_play,Swing
2018,Post-Statcast (2018 All-Star),6,3,2,0.8287985729671257,2.433056815848275,CH,hit_into_play,Swing
2018,Post-Statcast (2018 All-Star),1,1,3,-0.6694557538611229,3.229807335485036,FC,foul,Swing
2018,Post-Statcast (2018 All-Star),7,1,1,-0.3610497919093287,2.3061611097083947,SL,hit_into_play,Swing
2018,Post-Statcast (2018 All-Star),9,3,1,0.6137967209971296,2.1658904173558824,ST,foul,Swing
2018,Post-Statcast (2018 All-Star),9,3,1,0.5539172274665272,2.126072988254473,SI,called_strike,Take (Called Strike)
2018,Post-Statcast (2018 All-Star),4,1,2,-0.3734901118826628,2.814749065517281,ST,called_strike,Take (Called Strike)
2018,Post-Statcast (2018 All-Star),9,3,1,0.398130313354307,1.488771652736121,CU,hit_into_play,Swing
2018,Post-Statcast (2018 All-Star),2,2,3,0.25956560990730126,3.4295894708192822,FF,called_strike,Take (Called Strike)
2018,Post-Statcast (2018 All-Star),8,2,1,-0.15069780492109247,2.1205462807718036,FF,hit_into_play,Swing
2018,Post-Statcast (2018 All-Star),5,2,2,-0.01856151832386948,2.313008101052904,FF,foul,Swing
2018,Post-Statcast (2018 All-Star),4,1,2,-0.43098878467702945,2.624740741614815,FF,foul,Swing
2018,Post-Statcast (2018 All-Star),1,1,3,-0.584067245679648,2.946591059304602,SI,hit_into_play,Swing
2018,Post-Statcast (2018 All-Star),4,1,2,-0.7901691355539455,2.8884679561601097,SI,hit_into_play,Swing
2018,Post-Statcast (2018 All-Star),4,1,2,-0.5258393466479452,2.734971115524105,SL,foul,Swing
2018,Post-Statcast (2018 All-Star),8,2,1,-0.07984525682140509,1.8114250407168728,SL,foul,Swing
2018,Post-Statcast (2018 All-Star),8,2,1,-0.01417232923160449,1.6579998830756004,SL,swinging_strike,Swing
2018,Post-Statcast (2018 All-Star),5,2,2,0.00493302633431586,2.2632421804519387,SL,hit_into_play,Swing
2018,Post-Statcast (2018 All-Star),2,2,3,-0.0843521834056623,2.9628316281821956,SI,foul,Swing
2018,Post-Statcast (2018 All-Star),5,2,2,0.00269307586069145,2.9634511257730507,FF,called_strike,Take (Called Strike)
2018,Post-Statcast (2018 All-Star),5,2,2,0.00794141046940177,2.371126557730861,FF,hit_into_play,Swing
2018,Post-Statcast (2018 All-Star),6,3,2,0.7599722968402292,2.616541116823763,SL,called_strike,Take (Called Strike)
2018,Post-Statcast (2018 All-Star),8,2,1,0.04748072755638251,2.137327687803657,SL,swinging_strike,Swing
2018,Post-Statcast (2018 All-Star),2,2,3,0.23234095081566764,3.604062554766425,FF,foul,Swing
2018,Post-Statcast (2018 All-Star),5,2,2,-0.21755610643660683,2.3359991688824397,FF,foul,Swing
2018,Post-Statcast (2018 All-Star),7,1,1,-0.301197061756559,2.1630110166403624,SL,foul,Swing
2018,Post-Statcast (2018 All-Star),4,1,2,-0.7076618987535107,2.847247608531652,FF,foul,Swing
2018,Post-Statcast (2018 All-Star),8,2,1,-0.1226894217959631,2.097716664098423,CH,foul,Swing
2018,Post-Statcast (2018 All-Star),8,2,1,0.23101497588666553,2.091306212669775,SI,hit_into_play,Swing
2018,Post-Statcast (2018 All-Star),9,3,1,0.4860653842230134,1.7324410927324878,FF,called_strike,Take (Called Strike)
2018,Post-Statcast (2018 All-Star),8,2,1,0.159860156966806,1.5858640745421069,FF,called_strike,Take (Called Strike)
2018,Post-Statcast (2018 All-Star),4,1,2,-0.5933095487324478,2.396434191713581,FF,hit_into_play,Swing
2018,Post-Statcast (2018 All-Star),2,2,3,0.2273775850269194,2.7802937566271817,SL,called_strike,Take (Called Strike)
2018,Post-Statcast (2018 All-Star),5,2,2,-0.07213527658977031,2.471341294543737,SL,hit_into_play,Swing
2018,Post-Statcast (2018 All-Star),4,1,2,-0.5947887903512935,2.7472366910186783,SL,called_strike,Take (Called Strike)
2018,Post-Statcast (2018 All-Star),6,3,2,0.27896074424365724,2.6194872717309554,SI,swinging_strike,Swing
2018,Post-Statcast (2018 All-Star),5,2,2,-0.20119540519850457,2.823560348084465,SI,foul,Swing
2018,Post-Statcast (2018 All-Star),5,2,2,-0.21864456969329535,2.336439543370858,SI,foul,Swing
2018,Post-Statcast (2018 All-Star),4,1,2,-0.7114613455053651,2.7688449217741007,SI,foul,Swing
2018,Post-Statcast (2018 All-Star),8,2,1,0.07461950937356185,1.611163950845789,KC,swinging_strike,Swing
2018,Post-Statcast (2018 All-Star),1,1,3,-0.2817253063712258,3.6598078839083046,KC,ball,Take (Called Strike)
2018,Post-Statcast (2018 All-Star),9,3,1,0.32456312682081573,1.7250915660642234,SL,hit_into_play,Swing
2018,Post-Statcast (2018 All-Star),9,3,1,0.3945095739627466,1.7905096495344548,SL,swinging_strike,Swing
2018,Post-Statcast (2018 All-Star),8,2,1,0.07976927156481917,2.352963428940765,SL,hit_into_play,Swing
2018,Post-Statcast (2018 All-Star),9,3,1,0.770362109332179,1.872030698825767,SL,foul,Swing
2018,Post-Statcast (2018 All-Star),4,1,2,-0.2785533205499657,2.671063750575103,SL,foul,Swing
2018,Post-Statcast (2018 All-Star),8,2,1,0.080898939839118,1.7259976576000486,SI,hit_into_play,Swing
2018,Post-Statcast (2018 All-Star),5,2,2,0.17954090916530907,2.270238362648797,SI,foul,Swing
2018,Post-Statcast (2018 All-Star),1,1,3,-0.5612820331751625,3.173716869738123,SI,foul,Swing
2018,Post-Statcast (2018 All-Star),4,1,2,-0.7307468601658047,2.8744006321317777,FF,hit_into_play,Swing
2018,Post-Statcast (2018 All-Star),2,2,3,0.1971025649991494,3.5536300657802995,SL,foul,Swing
2018,Post-Statcast (2018 All-Star),3,3,3,0.6005966974173256,3.1162666141805917,FF,called_strike,Take (Called Strike)
2018,Post-Statcast (2018 All-Star),5,2,2,0.15226178367891752,2.4751748359061816,SI,hit_into_play,Swing
2018,Post-Statcast (2018 All-Star),2,2,3,0.00677840385416206,3.5455360968561074,SI,called_strike,Take (Called Strike)
2018,Post-Statcast (2018 All-Star),3,3,3,0.3696656173102695,3.4578546619211092,CH,hit_into_play,Swing
2018,Post-Statcast (2018 All-Star),3,3,3,0.7390207800528776,3.3043478362333643,FF,called_strike,Take (Called Strike)
2018,Post-Statcast (2018 All-Star),5,2,2,0.2682716074386214,2.780558446954439,SL,swinging_strike,Swing
2018,Post-Statcast (2018 All-Star),9,3,1,0.7417138479085702,2.0901887267399477,SL,swinging_strike,Swing
2018,Post-Statcast (2018 All-Star),9,3,1,0.4727294816363032,1.7686294770267783,SL,swinging_strike,Swing
2018,Post-Statcast (2018 All-Star),8,2,1,0.06671437810894543,2.121021479507709,SI,called_strike,Take (Called Strike)
2018,Post-Statcast (2018 All-Star),9,3,1,0.4793465235582397,1.8047743779646073,SL,swinging_strike,Swing
2018,Post-Statcast (2018 All-Star),2,2,3,0.07339521121584991,3.0005568596893375,SI,swinging_strike,Swing
2018,Post-Statcast (2018 All-Star),1,1,3,-0.4252076274623313,3.0160825600617622,FF,foul,Swing
2018,Post-Statcast (2018 All-Star),4,1,2,-0.3902380110809848,2.9623711887576687,FF,called_strike,Take (Called Strike)
2018,Post-Statcast (2018 All-Star),7,1,1,-0.6643499907723864,1.589660161287998,FF,hit_into_play,Swing
2018,Post-Statcast (2018 All-Star),4,1,2,-0.6781821585042027,2.595039154765176,SI,hit_into_play,Swing
2018,Post-Statcast (2018 All-Star),2,2,3,0.22094127889124549,3.4986660806310734,SI,called_strike,Take (Called Strike)
2018,Post-Statcast (2018 All-Star),2,2,3,-0.08464994890695565,3.0587003807522235,SI,hit_into_play,Swing
2018,Post-Statcast (2018 All-Star),4,1,2,-0.6705308030279162,2.7154215008751867,FF,foul,Swing
2018,Post-Statcast (2018 All-Star),3,3,3,0.7875020025153874,3.3573140809801973,FF,called_strike,Take (Called Strike)
2018,Post-Statcast (2018 All-Star),2,2,3,-0.02444455849501903,3.1876817394019215,SI,hit_into_play,Swing
2018,Post-Statcast (2018 All-Star),4,1,2,-0.7307622608127652,2.4991311345083767,SI,hit_into_play,Swing
2018,Post-Statcast (2018 All-Star),6,3,2,0.3574050198626602,2.379563503966875,SL,hit_into_play,Swing
2018,Post-Statcast (2018 All-Star),7,1,1,-0.6509361338866121,1.894041861534919,SL,ball,Take (Called Strike)
2018,Post-Statcast (2018 All-Star),4,1,2,-0.6303294801335175,2.2305711665488053,CH,hit_into_play,Swing
2018,Post-Statcast (2018 All-Star),3,3,3,0.7583232727766842,3.0472877897736694,FF,foul_tip,Swing
2018,Post-Statcast (2018 All-Star),6,3,2,0.2782785087942883,2.362623558372351,CU,hit_into_play,Swing
2018,Post-Statcast (2018 All-Star),2,2,3,0.24839076957660328,3.0894850229087836,FC,foul,Swing
2018,Post-Statcast (2018 All-Star),4,1,2,-0.7726653661874449,2.672856661796256,SI,hit_into_play,Swing
2018,Post-Statcast (2018 All-Star),8,2,1,0.08574948464968812,1.8413464771860684,SI,foul,Swing
2018,Post-Statcast (2018 All-Star),9,3,1,0.3445184312214009,1.7407312416422465,FF,ball,Take (Called Strike)
2018,Post-Statcast (2018 All-Star),3,3,3,0.7532997171552083,3.408654475508208,FF,hit_into_play,Swing
2018,Post-Statcast (2018 All-Star),6,3,2,0.6834869757732691,2.3264133287398927,SI,hit_into_play,Swing
2018,Post-Statcast (2018 All-Star),6,3,2,0.46697545477282976,2.678701681201117,SI,called_strike,Take (Called Strike)
2018,Post-Statcast (2018 All-Star),5,2,2,0.22529180855848707,2.9568726852868843,SI,called_strike,Take (Called Strike)
2018,Post-Statcast (2018 All-Star),6,3,2,0.6500811489187299,2.36574006051319,FS,foul,Swing
2018,Post-Statcast (2018 All-Star),5,2,2,0.23731651296316875,2.489315913515003,FC,swinging_strike,Swing
2018,Post-Statcast (2018 All-Star),2,2,3,-0.26923767205902605,3.2263187522681314,FF,hit_into_play,Swing
2018,Post-Statcast (2018 All-Star),8,2,1,-0.1828666045827374,1.7447921563815376,FF,called_strike,Take (Called Strike)
2018,Post-Statcast (2018 All-Star),1,1,3,-0.5459150796303442,3.6711927675274194,SL,ball,Take (Called Strike)
2018,Post-Statcast (2018 All-Star),4,1,2,-0.8176858666270892,3.074655390957366,FF,ball,Take (Called Strike)
2018,Post-Statcast (2018 All-Star),8,2,1,0.1074896397960321,1.627686852169389,SL,swinging_strike,Swing
2018,Post-Statcast (2018 All-Star),1,1,3,-0.31806119944649114,3.057835752672842,FF,hit_into_play,Swing
2018,Post-Statcast (2018 All-Star),9,3,1,0.3380490590308033,1.7114549284661265,FF,foul,Swing
2018,Post-Statcast (2018 All-Star),5,2,2,-0.05229089369731335,2.2944709504289422,SL,foul,Swing
2018,Post-Statcast (2018 All-Star),1,1,3,-0.4078521568639025,3.1358429063653466,FF,foul,Swing
2018,Post-Statcast (2018 All-Star),3,3,3,0.29263938062849715,3.172260102519051,FF,hit_into_play,Swing
2018,Post-Statcast (2018 All-Star),8,2,1,0.12378054892205503,1.9221031165484392,CU,foul,Swing
2018,Post-Statcast (2018 All-Star),4,1,2,-0.3315033345544063,2.221484592868638,FF,foul,Swing
2018,Post-Statcast (2018 All-Star),6,3,2,0.3280174221937372,3.077105183015172,CU,called_strike,Take (Called Strike)
2018,Post-Statcast (2018 All-Star),4,1,2,-0.3273670584691899,2.3813760006006786,FF,hit_into_play,Swing
2018,Post-Statcast (2018 All-Star),5,2,2,0.06051244963661964,2.291625702215731,SL,foul,Swing
2018,Post-Statcast (2018 All-Star),4,1,2,-0.3339825957610722,2.545481650092148,SL,called_strike,Take (Called Strike)
2018,Post-Statcast (2018 All-Star),9,3,1,0.3204588925169275,2.205538980217032,FF,called_strike,Take (Called Strike)
2018,Post-Statcast (2018 All-Star),1,1,3,-0.2839259164865886,3.401579106237109,CH,called_strike,Take (Called Strike)
2018,Post-Statcast (2018 All-Star),5,2,2,0.08039634022866882,2.5468524514035797,CH,hit_into_play,Swing
2018,Post-Statcast (2018 All-Star),9,3,1,0.4843254225090423,2.221160873127229,SL,foul,Swing
2018,Post-Statcast (2018 All-Star),7,1,1,-0.5476306122182835,2.0606147846678935,CH,swinging_strike,Swing
2018,Post-Statcast (2018 All-Star),6,3,2,0.3052775990967401,2.830214333808187,FF,called_strike,Take (Called Strike)
2018,Post-Statcast (2018 All-Star),8,2,1,-0.1382117343238884,2.2315983061845945,FC,called_strike,Take (Called Strike)
2018,Post-Statcast (2018 All-Star),8,2,1,-8.7104405378485e-4,1.8084215557368035,FC,foul,Swing
2018,Post-Statcast (2018 All-Star),3,3,3,0.602257397672998,3.569780967996521,FC,foul,Swing
2018,Post-Statcast (2018 All-Star),4,1,2,-0.4836295657852759,2.304842297145348,FC,called_strike,Take (Called Strike)
2018,Post-Statcast (2018 All-Star),1,1,3,-0.3869096171394477,2.9411126735159643,FC,called_strike,Take (Called Strike)
2018,Post-Statcast (2018 All-Star),2,2,3,-0.06456546321212511,3.070815238036067,SL,hit_into_play,Swing
2018,Post-Statcast (2018 All-Star),9,3,1,0.46281053220363166,1.9000285404371704,FC,hit_into_play,Swing
2018,Post-Statcast (2018 All-Star),4,1,2,-0.27836921685808746,2.52558024073703,FC,hit_into_play,Swing
2018,Post-Statcast (2018 All-Star),4,1,2,-0.31731213544142906,2.7578717717288024,FF,foul,Swing
2018,Post-Statcast (2018 All-Star),6,3,2,0.7478155501546446,2.651692605357813,SI,hit_into_play,Swing
2018,Post-Statcast (2018 All-Star),5,2,2,0.1947269930358637,2.3831883485836567,FF,hit_into_play,Swing
2018,Post-Statcast (2018 All-Star),3,3,3,0.4335282748554097,3.350382577207591,SI,called_strike,Take (Called Strike)
2018,Post-Statcast (2018 All-Star),5,2,2,-0.19473201066435597,2.3774995333488893,CH,hit_into_play,Swing
2018,Post-Statcast (2018 All-Star),3,3,3,0.6267670377703152,3.2389241431711984,SI,called_strike,Take (Called Strike)
2018,Post-Statcast (2018 All-Star),5,2,2,-0.1585745057629585,2.6825166832554697,SI,foul,Swing
2018,Post-Statcast (2018 All-Star),8,2,1,0.13906391727167278,2.116737126238359,SI,called_strike,Take (Called Strike)
2018,Post-Statcast (2018 All-Star),8,2,1,-0.0671175023415691,2.1732497673484827,SI,foul,Swing
2018,Post-Statcast (2018 All-Star),8,2,1,0.011295942043273,1.8391554039239368,SI,called_strike,Take (Called Strike)
2018,Post-Statcast (2018 All-Star),7,1,1,-0.4520976453796173,1.5051389058929674,CH,foul_tip,Swing
2018,Post-Statcast (2018 All-Star),9,3,1,0.7922437570848972,1.824371004910972,FF,called_strike,Take (Called Strike)
2018,Post-Statcast (2018 All-Star),7,1,1,-0.6217692541037925,2.151936032703331,SI,hit_into_play,Swing
2018,Post-Statcast (2018 All-Star),7,1,1,-0.49959528842521617,1.6255537427873636,CH,swinging_strike,Swing
2018,Post-Statcast (2018 All-Star),6,3,2,0.6952663289171517,2.512978531203312,FC,hit_into_play,Swing
2018,Post-Statcast (2018 All-Star),6,3,2,0.538319273815622,2.238704052647968,KC,called_strike,Take (Called Strike)
2018,Post-Statcast (2018 All-Star),8,2,1,-0.04900358994720752,1.946958303879807,FF,foul,Swing
2018,Post-Statcast (2018 All-Star),5,2,2,0.08248166851692268,2.414587666217783,FF,swinging_strike,Swing
2018,Post-Statcast (2018 All-Star),8,2,1,0.16004016844122226,1.9766448748651164,FF,called_strike,Take (Called Strike)
2018,Post-Statcast (2018 All-Star),7,1,1,-0.35227932845587984,1.578730795228283,SV,hit_into_play,Swing
2018,Post-Statcast (2018 All-Star),5,2,2,-0.01027664679162954,2.8402318737325936,SV,foul,Swing
2018,Post-Statcast (2018 All-Star),8,2,1,-0.06478953997597103,1.7907892966827776,SV,called_strike,Take (Called Strike)
2018,Post-Statcast (2018 All-Star),7,1,1,-0.286523459973667,1.6666491762946651,SI,hit_into_play,Swing
2018,Post-Statcast (2018 All-Star),9,3,1,0.41926801006157666,1.6620744128079692,SL,called_strike,Take (Called Strike)
2018,Post-Statcast (2018 All-Star),5,2,2,-0.0251941514551961,2.9597712600261987,FF,called_strike,Take (Called Strike)
2018,Post-Statcast (2018 All-Star),5,2,2,-0.14408621941573452,2.492103876392259,FF,hit_into_play,Swing
2018,Post-Statcast (2018 All-Star),8,2,1,0.00531919540536462,1.9807504780449388,SL,hit_into_play,Swing
2018,Post-Statcast (2018 All-Star),3,3,3,0.8271863803792894,3.122648127815745,SL,foul,Swing
2018,Post-Statcast (2018 All-Star),2,2,3,-0.01738482370975691,3.252574977906044,FF,called_strike,Take (Called Strike)
2018,Post-Statcast (2018 All-Star),1,1,3,-0.8159886208577815,3.225704138231358,FF,swinging_strike,Swing
2018,Post-Statcast (2018 All-Star),2,2,3,-0.2746013107698293,3.1585580354416587,FF,foul_tip,Swing
2018,Post-Statcast (2018 All-Star),7,1,1,-0.2936618312556204,1.633495120600892,SI,ball,Take (Called Strike)
2018,Post-Statcast (2018 All-Star),6,3,2,0.4198885715439517,2.667590460706748,FC,foul,Swing
2018,Post-Statcast (2018 All-Star),7,1,1,-0.4447757573588291,2.0142927265615085,SI,hit_into_play,Swing
2018,Post-Statcast (2018 All-Star),2,2,3,0.0407025494227094,3.023397011118279,FF,hit_into_play,Swing
2018,Post-Statcast (2018 All-Star),2,2,3,0.04362978975622589,3.378130989316859,FF,foul,Swing
2018,Post-Statcast (2018 All-Star),4,1,2,-0.5853952365312438,2.5125869571329713,SL,foul,Swing
2018,Post-Statcast (2018 All-Star),7,1,1,-0.7985848474619511,1.7481777632822286,SL,foul,Swing
2018,Post-Statcast (2018 All-Star),9,3,1,0.45670559975110786,1.5003888018980789,SL,swinging_strike,Swing
2018,Post-Statcast (2018 All-Star),4,1,2,-0.45286277036102274,2.5230542103099887,CH,foul,Swing
2018,Post-Statcast (2018 All-Star),9,3,1,0.34608742080989063,1.4994473794520018,CH,swinging_strike,Swing
2018,Post-Statcast (2018 All-Star),6,3,2,0.816674137642543,2.491528204572917,SI,hit_into_play,Swing
2018,Post-Statcast (2018 All-Star),6,3,2,0.3292461566441995,2.229006854924402,SL,foul,Swing
2018,Post-Statcast (2018 All-Star),9,3,1,0.5112534318830522,2.1255043526963244,SI,called_strike,Take (Called Strike)
2018,Post-Statcast (2018 All-Star),7,1,1,-0.2831768321625191,1.581243644745046,CH,swinging_strike,Swing
2018,Post-Statcast (2018 All-Star),8,2,1,0.2640615946576679,1.8811845467057964,SL,foul,Swing
2018,Post-Statcast (2018 All-Star),9,3,1,0.7622955898423911,1.8094588233557831,SI,called_strike,Take (Called Strike)
2018,Post-Statcast (2018 All-Star),1,1,3,-0.3179456707227821,3.1194146938971077,CU,hit_into_play,Swing
2018,Post-Statcast (2018 All-Star),3,3,3,0.6354247872340774,3.486006625578334,FF,ball,Take (Called Strike)
2018,Post-Statcast (2018 All-Star),2,2,3,0.10842063445225936,3.0804221327496033,FF,hit_into_play,Swing
2018,Post-Statcast (2018 All-Star),4,1,2,-0.341033144344551,2.939406607981351,FF,foul,Swing
2018,Post-Statcast (2018 All-Star),2,2,3,0.12687380358652417,3.5389030607628045,SL,swinging_strike,Swing
2018,Post-Statcast (2018 All-Star),8,2,1,-0.13255947640285093,1.9582397340592568,FF,hit_into_play,Swing
2018,Post-Statcast (2018 All-Star),7,1,1,-0.5765091240090503,1.777998963580451,FF,foul,Swing
2018,Post-Statcast (2018 All-Star),2,2,3,0.2370407126984808,3.546030024383951,SL,ball,Take (Called Strike)
2018,Post-Statcast (2018 All-Star),4,1,2,-0.3673930588727926,3.039646737237801,FF,foul,Swing
2018,Post-Statcast (2018 All-Star),4,1,2,-0.6592729527850864,3.0203891327410424,SL,called_strike,Take (Called Strike)
2018,Post-Statcast (2018 All-Star),9,3,1,0.38173806766501617,2.168207764971754,SI,hit_into_play,Swing
2018,Post-Statcast (2018 All-Star),4,1,2,-0.6839438041657622,2.808982920670937,FF,hit_into_play,Swing
2018,Post-Statcast (2018 All-Star),4,1,2,-0.4941557238489592,2.8071691070774287,FF,foul,Swing
2018,Post-Statcast (2018 All-Star),2,2,3,-0.11397852885042808,3.4906555205258765,SL,swinging_strike,Swing
2018,Post-Statcast (2018 All-Star),7,1,1,-0.695803734003554,1.85369301239512,SL,called_strike,Take (Called Strike)
2018,Post-Statcast (2018 All-Star),9,3,1,0.5198966573607702,2.059030207411007,FF,hit_into_play,Swing
2018,Post-Statcast (2018 All-Star),6,3,2,0.33849768353785814,2.537721699473798,FF,called_strike,Take (Called Strike)
2018,Post-Statcast (2018 All-Star),6,3,2,0.4367372846894051,2.7006031202353498,CH,hit_into_play,Swing
2018,Post-Statcast (2018 All-Star),4,1,2,-0.3100302706806901,2.6738395439131093,SI,hit_into_play,Swing
2018,Post-Statcast (2018 All-Star),5,2,2,-0.10594446644140398,2.9016850622937422,SI,foul,Swing
2018,Post-Statcast (2018 All-Star),5,2,2,0.00175447010195795,2.806714326908184,FC,swinging_strike,Swing
2018,Post-Statcast (2018 All-Star),2,2,3,0.10184948914016312,3.1296915514238224,FF,foul,Swing
2018,Post-Statcast (2018 All-Star),7,1,1,-0.6124288049245917,2.236418539712528,SL,called_strike,Take (Called Strike)
2018,Post-Statcast (2018 All-Star),5,2,2,0.03171002821346758,2.646349315689115,FF,foul,Swing
2018,Post-Statcast (2018 All-Star),6,3,2,0.6182171516248509,2.427633679294902,SI,foul,Swing
2018,Post-Statcast (2018 All-Star),7,1,1,-0.427496516706001,2.0524943924422177,SI,foul,Swing
2018,Post-Statcast (2018 All-Star),5,2,2,-0.12392015766324228,2.379404262138862,SI,hit_into_play,Swing
2018,Post-Statcast (2018 All-Star),6,3,2,0.3011478389818012,2.2840905538204717,SV,swinging_strike,Swing
2018,Post-Statcast (2018 All-Star),8,2,1,0.24535598780518889,1.936696324030045,SI,foul,Swing
2018,Post-Statcast (2018 All-Star),2,2,3,-0.17263504328115076,3.744907954564626,FF,ball,Take (Called Strike)
2018,Post-Statcast (2018 All-Star),8,2,1,0.03685797115152556,1.809533293061218,SI,foul,Swing
2018,Post-Statcast (2018 All-Star),2,2,3,-0.00571738952643752,3.0122818503817728,FF,foul,Swing
2018,Post-Statcast (2018 All-Star),5,2,2,-0.21283481764819712,2.1013487101216572,SV,foul,Swing
2018,Post-Statcast (2018 All-Star),9,3,1,0.7978466798210502,1.3725651119243003,SV,swinging_strike,Swing
2018,Post-Statcast (2018 All-Star),8,2,1,0.01951206368452185,1.660074509900216,SI,hit_into_play,Swing
2018,Post-Statcast (2018 All-Star),5,2,2,-0.09888447138094084,2.6958074807241323,SL,called_strike,Take (Called Strike)
2018,Post-Statcast (2018 All-Star),8,2,1,-0.18575453750806903,1.7568834990378384,CH,swinging_strike,Swing
2018,Post-Statcast (2018 All-Star),3,3,3,0.624695368403593,3.029467646088338,FC,swinging_strike,Swing
2018,Post-Statcast (2018 All-Star),3,3,3,0.7220743242419927,3.9624053497980447,FF,ball,Take (Called Strike)
2018,Post-Statcast (2018 All-Star),8,2,1,-0.2564807195198109,2.0689684965401662,SI,foul,Swing
2018,Post-Statcast (2018 All-Star),3,3,3,0.5620397124253156,3.400981659078005,SI,hit_into_play,Swing
2018,Post-Statcast (2018 All-Star),3,3,3,0.8194292508936163,3.4945437839040947,SI,ball,Take (Called Strike)
2018,Post-Statcast (2018 All-Star),8,2,1,0.21075221989250248,1.653929917582677,SI,called_strike,Take (Called Strike)
2018,Post-Statcast (2018 All-Star),6,3,2,0.32638966173407824,2.3052095281901552,CH,swinging_strike,Swing
2018,Post-Statcast (2018 All-Star),8,2,1,0.18103053636462071,1.618369550079278,CH,swinging_strike,Swing
2018,Post-Statcast (2018 All-Star),6,3,2,0.35232438894944784,3.116076838936974,FF,called_strike,Take (Called Strike)
2018,Post-Statcast (2018 All-Star),7,1,1,-0.47219383418360006,1.868023280444554,CH,hit_into_play,Swing
2018,Post-Statcast (2018 All-Star),7,1,1,-0.2835318674885836,1.805817413259333,SI,called_strike,Take (Called Strike)
2018,Post-Statcast (2018 All-Star),2,2,3,-0.1128833236236273,2.8842385031033997,SI,hit_into_play,Swing
2018,Post-Statcast (2018 All-Star),4,1,2,-0.7333946944488476,2.415835189461664,SI,hit_into_play,Swing
2018,Post-Statcast (2018 All-Star),6,3,2,0.3985790332239132,2.3263966539435597,SI,foul,Swing
2018,Post-Statcast (2018 All-Star),1,1,3,-0.6787502439292918,3.2296941039886677,SI,foul,Swing
2018,Post-Statcast (2018 All-Star),1,1,3,-0.525736830612321,3.4834496946584648,SL,called_strike,Take (Called Strike)
2018,Post-Statcast (2018 All-Star),9,3,1,0.3111197058700085,1.78835767124293,CU,swinging_strike,Swing
2018,Post-Statcast (2018 All-Star),3,3,3,0.4932647149625785,3.291083373688298,FF,foul,Swing
2018,Post-Statcast (2018 All-Star),5,2,2,-0.11041226973728556,2.428365607577857,SI,hit_into_play,Swing
2018,Post-Statcast (2018 All-Star),1,1,3,-0.3807298961177994,3.4351661384058785,FF,foul,Swing
2018,Post-Statcast (2018 All-Star),5,2,2,-0.22730440233520016,2.5449914965036893,FF,foul,Swing
2018,Post-Statcast (2018 All-Star),1,1,3,-0.3794738317147791,3.5763049090641097,FF,called_strike,Take (Called Strike)
2018,Post-Statcast (2018 All-Star),2,2,3,-0.01406184837553858,3.548259014098898,FF,called_strike,Take (Called Strike)
2018,Post-Statcast (2018 All-Star),4,1,2,-0.626120795248479,2.5424923094814087,SI,foul,Swing
2018,Post-Statcast (2018 All-Star),9,3,1,0.7036363995333534,1.9913372310949464,CU,swinging_strike,Swing
2018,Post-Statcast (2018 All-Star),6,3,2,0.5351051869303719,2.2302164955416144,SI,hit_into_play,Swing
2018,Post-Statcast (2018 All-Star),8,2,1,-0.05497941119947613,1.823043562796511,SI,hit_into_play,Swing
2018,Post-Statcast (2018 All-Star),9,3,1,0.6435335824495949,1.791581250135004,SI,hit_into_play,Swing
2018,Post-Statcast (2018 All-Star),4,1,2,-0.8014136651378583,2.75255673673595,FC,called_strike,Take (Called Strike)
2018,Post-Statcast (2018 All-Star),7,1,1,-0.7745932525165604,1.9719483969435716,SI,foul,Swing
2018,Post-Statcast (2018 All-Star),6,3,2,0.6567636997226538,2.937877510294393,SL,called_strike,Take (Called Strike)
2018,Post-Statcast (2018 All-Star),5,2,2,-0.07700752516144016,2.559646372527926,CH,hit_into_play,Swing
2018,Post-Statcast (2018 All-Star),5,2,2,0.04588258721737592,2.4705087252271563,FF,foul,Swing
2018,Post-Statcast (2018 All-Star),6,3,2,0.49766843618740714,2.629195588638456,SL,foul,Swing
2018,Post-Statcast (2018 All-Star),9,3,1,0.35215342267283345,2.325496662102676,SL,called_strike,Take (Called Strike)
2018,Post-Statcast (2018 All-Star),9,3,1,0.5807783028379272,2.2799598752708943,FF,called_strike,Take (Called Strike)
2018,Post-Statcast (2018 All-Star),9,3,1,0.5974528146199671,1.609621411605188,FF,ball,Take (Called Strike)
2018,Post-Statcast (2018 All-Star),6,3,2,0.6712722996656342,2.6500643619474675,SL,hit_into_play,Swing
2018,Post-Statcast (2018 All-Star),6,3,2,0.5598167852306786,2.345027664325022,CH,hit_into_play,Swing
2018,Post-Statcast (2018 All-Star),6,3,2,0.778042562487042,2.7575404605178484,CH,swinging_strike,Swing
2018,Post-Statcast (2018 All-Star),7,1,1,-0.40876594641261554,2.1001496362509515,FF,hit_into_play,Swing
2018,Post-Statcast (2018 All-Star),4,1,2,-0.5695788522999715,2.3682532801203884,FF,hit_into_play,Swing
2018,Post-Statcast (2018 All-Star),9,3,1,0.7985585096510971,2.09797215060439,FC,foul,Swing
2018,Post-Statcast (2018 All-Star),6,3,2,0.7704361518706516,2.5018818108445307,FC,swinging_strike,Swing
2018,Post-Statcast (2018 All-Star),5,2,2,0.10612123896190329,2.343132094866645,FC,swinging_strike,Swing
2018,Post-Statcast (2018 All-Star),9,3,1,0.7798923257492054,2.055572932414523,FF,swinging_strike,Swing
2018,Post-Statcast (2018 All-Star),5,2,2,-0.05207405982973467,2.9962489906331267,CU,hit_into_play,Swing
2018,Post-Statcast (2018 All-Star),7,1,1,-0.3992759598457495,2.0144313785421537,CU,called_strike,Take (Called Strike)
2018,Post-Statcast (2018 All-Star),9,3,1,0.4305296341787279,1.6652151147583685,CH,foul_tip,Swing
2018,Post-Statcast (2018 All-Star),7,1,1,-0.6504890363967752,1.9092220314469104,SI,foul,Swing
2018,Post-Statcast (2018 All-Star),8,2,1,0.07124173333202426,2.0489608129460986,SL,foul,Swing
2018,Post-Statcast (2018 All-Star),4,1,2,-0.4802117929827022,2.337335240861778,SI,hit_into_play,Swing
2018,Post-Statcast (2018 All-Star),7,1,1,-0.8278705002618105,2.2125919777193763,SI,called_strike,Take (Called Strike)
2018,Post-Statcast (2018 All-Star),3,3,3,0.40949157029602656,3.243489216739794,SI,hit_into_play,Swing
2018,Post-Statcast (2018 All-Star),5,2,2,0.03040541592900425,2.680971723646511,SI,foul,Swing
2018,Post-Statcast (2018 All-Star),7,1,1,-0.7319307614040483,1.9711085044293823,SI,foul,Swing
2018,Post-Statcast (2018 All-Star),2,2,3,-0.02547870192639512,3.250573250277885,FF,foul,Swing
2018,Post-Statcast (2018 All-Star),1,1,3,-0.8174884655970569,3.4464401239535905,FF,ball,Take (Called Strike)
2018,Post-Statcast (2018 All-Star),6,3,2,0.3372743537217828,2.5077586655141593,FF,hit_into_play,Swing
2018,Post-Statcast (2018 All-Star),7,1,1,-0.33046426984229205,2.1320645334623274,FF,called_strike,Take (Called Strike)
2018,Post-Statcast (2018 All-Star),1,1,3,-0.6857253122388898,3.4051133474726347,FF,swinging_strike,Swing
2018,Post-Statcast (2018 All-Star),9,3,1,0.4375965616467992,2.0600514440933178,SL,hit_into_play,Swing
2018,Post-Statcast (2018 All-Star),2,2,3,0.2685413416827649,4.033144348423863,SI,ball,Take (Called Strike)
2018,Post-Statcast (2018 All-Star),3,3,3,0.4549452057309651,3.099803994171195,FF,foul,Swing
2018,Post-Statcast (2018 All-Star),8,2,1,-0.0839675504785542,1.6581059011902397,SI,hit_into_play,Swing
2018,Post-Statcast (2018 All-Star),9,3,1,0.48672336714394193,1.8693670667138145,SI,hit_into_play,Swing
2018,Post-Statcast (2018 All-Star),9,3,1,0.4800273200717241,1.9773559451096352,SI,called_strike,Take (Called Strike)
2018,Post-Statcast (2018 All-Star),7,1,1,-0.43942540347741654,1.3723932395505838,SI,foul,Swing
2018,Post-Statcast (2018 All-Star),4,1,2,-0.5220049010745679,2.1510107668601752,SI,hit_into_play,Swing
2018,Post-Statcast (2018 All-Star),3,3,3,0.3737950074165004,3.1265297006215045,SI,foul,Swing
2018,Post-Statcast (2018 All-Star),1,1,3,-0.5766982731184753,3.362856737871071,SI,foul,Swing
2018,Post-Statcast (2018 All-Star),7,1,1,-0.3902926572506196,1.8529972247020696,CH,foul,Swing
2018,Post-Statcast (2018 All-Star),5,2,2,0.2726529594741278,2.164471027152147,SI,foul,Swing
2018,Post-Statcast (2018 All-Star),8,2,1,-0.08209367895587982,1.3422438504061156,SI,swinging_strike,Swing
2018,Post-Statcast (2018 All-Star),2,2,3,0.03056467089478852,3.185587254378206,SL,called_strike,Take (Called Strike)
2018,Post-Statcast (2018 All-Star),6,3,2,0.5348128301312416,3.174408649364298,SI,called_strike,Take (Called Strike)
2018,Post-Statcast (2018 All-Star),6,3,2,0.3725099844565414,2.463473476505111,SI,called_strike,Take (Called Strike)
2018,Post-Statcast (2018 All-Star),3,3,3,0.4761648139799172,3.120332954466451,FF,foul,Swing
2018,Post-Statcast (2018 All-Star),9,3,1,0.4459709684941294,2.0656102505428473,SL,swinging_strike,Swing
2018,Post-Statcast (2018 All-Star),2,2,3,-0.0360856005250737,3.1368566142046745,FF,hit_into_play,Swing
2018,Post-Statcast (2018 All-Star),7,1,1,-0.5842686522739844,1.9207678228538116,SI,hit_into_play,Swing
2018,Post-Statcast (2018 All-Star),1,1,3,-0.5338603956948651,3.2564059028522307,SL,foul,Swing
2018,Post-Statcast (2018 All-Star),7,1,1,-0.7408375296003491,2.004996539751462,SL,hit_into_play,Swing
2018,Post-Statcast (2018 All-Star),2,2,3,0.27405361515433024,2.8822742583000025,SI,foul,Swing
2018,Post-Statcast (2018 All-Star),1,1,3,-0.5005889760795879,3.1651763629917467,SI,hit_into_play,Swing
2018,Post-Statcast (2018 All-Star),8,2,1,-0.2470697027725126,1.8262576244348003,FF,hit_into_play,Swing
2018,Post-Statcast (2018 All-Star),6,3,2,0.5346191889390108,2.9441862350812245,FF,called_strike,Take (Called Strike)
2018,Post-Statcast (2018 All-Star),6,3,2,0.7103891215883249,2.2698457328211283,CH,swinging_strike,Swing
2018,Post-Statcast (2018 All-Star),2,2,3,-0.12819242018874677,2.9161291561978384,CH,foul,Swing
2018,Post-Statcast (2018 All-Star),9,3,1,0.4210491789292399,2.052062775128,CH,called_strike,Take (Called Strike)
2018,Post-Statcast (2018 All-Star),1,1,3,-0.8075273193191049,3.186843199225957,CH,foul,Swing
2018,Post-Statcast (2018 All-Star),2,2,3,-0.16358024831253215,3.5324842774662732,CH,foul_tip,Swing
2018,Post-Statcast (2018 All-Star),4,1,2,-0.45987000411760054,2.5142781956331612,FF,swinging_strike,Swing
2018,Post-Statcast (2018 All-Star),3,3,3,0.788105312763866,3.0368035002071534,FF,swinging_strike,Swing
2018,Post-Statcast (2018 All-Star),4,1,2,-0.41096356657039945,2.380648607103892,SI,hit_into_play,Swing
2018,Post-Statcast (2018 All-Star),1,1,3,-0.5739708124504126,2.9772906639171284,SI,foul,Swing
2018,Post-Statcast (2018 All-Star),4,1,2,-0.5461028309728664,2.3823839004931404,FF,hit_into_play,Swing
2018,Post-Statcast (2018 All-Star),6,3,2,0.8178367185192019,2.9610538640145014,FF,called_strike,Take (Called Strike)
2018,Post-Statcast (2018 All-Star),8,2,1,0.0125753347365749,1.4564612744811265,CU,foul,Swing
2018,Post-Statcast (2018 All-Star),5,2,2,0.10520488619119496,2.291178786874843,SL,foul,Swing
2018,Post-Statcast (2018 All-Star),3,3,3,0.37802316970730254,3.0059394165412376,FF,foul,Swing
2018,Post-Statcast (2018 All-Star),8,2,1,0.2736293784426528,2.036188508327099,CU,called_strike,Take (Called Strike)
2018,Post-Statcast (2018 All-Star),8,2,1,-0.05747880393007149,2.032341433589878,FF,hit_into_play,Swing
2018,Post-Statcast (2018 All-Star),7,1,1,-0.8066428706007551,1.986156380279932,SL,hit_into_play,Swing
2018,Post-Statcast (2018 All-Star),7,1,1,-0.6144957311299137,2.0598606001245994,FC,called_strike,Take (Called Strike)
2018,Post-Statcast (2018 All-Star),8,2,1,-0.22111650844206457,1.7739696948284809,SL,hit_into_play,Swing
2018,Post-Statcast (2018 All-Star),6,3,2,0.8029949529579461,2.219281496890329,CH,swinging_strike,Swing
2018,Post-Statcast (2018 All-Star),8,2,1,-0.09608586648889196,1.524106249854019,SI,foul,Swing
2018,Post-Statcast (2018 All-Star),4,1,2,-0.29463797918637347,2.867505210537834,FF,foul,Swing
2018,Post-Statcast (2018 All-Star),9,3,1,0.7432236295177521,2.354656559776372,FF,called_strike,Take (Called Strike)
2018,Post-Statcast (2018 All-Star),4,1,2,-0.6885298858087834,2.7786188965194047,SL,hit_into_play,Swing
2018,Post-Statcast (2018 All-Star),5,2,2,0.0629114985491171,2.301159110561162,SL,swinging_strike,Swing
2018,Post-Statcast (2018 All-Star),7,1,1,-0.6969108011663,2.3408188568573323,SL,called_strike,Take (Called Strike)
2018,Post-Statcast (2018 All-Star),7,1,1,-0.34330420522448934,1.4816968506716433,CH,swinging_strike,Swing
2018,Post-Statcast (2018 All-Star),5,2,2,0.14456899318455874,2.4166825077105405,CU,foul,Swing
2018,Post-Statcast (2018 All-Star),4,1,2,-0.31604296666964304,2.910738453114041,FF,foul,Swing
2018,Post-Statcast (2018 All-Star),5,2,2,0.08892914812298514,2.5903622989543607,FF,foul,Swing
2018,Post-Statcast (2018 All-Star),9,3,1,0.4436670319663357,2.275054042900838,SL,called_strike,Take (Called Strike)
2018,Post-Statcast (2018 All-Star),9,3,1,0.27776156913845296,1.7257007316968322,CU,hit_into_play,Swing
2018,Post-Statcast (2018 All-Star),7,1,1,-0.5303496093322035,1.4946891623905398,CU,foul,Swing
2018,Post-Statcast (2018 All-Star),5,2,2,0.03644542381113491,2.314869897005096,CH,hit_into_play,Swing
2018,Post-Statcast (2018 All-Star),4,1,2,-0.7408096649181903,2.0852380303040348,CU,foul,Swing
2018,Post-Statcast (2018 All-Star),2,2,3,-0.19757092159732847,2.921072604880134,FF,foul,Swing
2018,Post-Statcast (2018 All-Star),2,2,3,-0.03685175439890253,2.954156690882648,FF,swinging_strike,Swing
2018,Post-Statcast (2018 All-Star),4,1,2,-0.45857086316690143,2.4214207920199207,SI,called_strike,Take (Called Strike)
2018,Post-Statcast (2018 All-Star),7,1,1,-0.7136515863017883,2.1160251562867085,CU,called_strike,Take (Called Strike)
2018,Post-Statcast (2018 All-Star),4,1,2,-0.3173533708696441,2.6277399996986324,SI,hit_into_play,Swing
2018,Post-Statcast (2018 All-Star),5,2,2,0.02410946722294377,2.4613911169032914,SL,hit_into_play,Swing
2018,Post-Statcast (2018 All-Star),4,1,2,-0.738790149433411,2.8892006549378513,FC,foul,Swing
2018,Post-Statcast (2018 All-Star),8,2,1,0.03955572518596528,2.251045786789894,CH,hit_into_play,Swing
2018,Post-Statcast (2018 All-Star),8,2,1,0.16742246569635488,1.8660358935848729,FF,hit_into_play,Swing
2018,Post-Statcast (2018 All-Star),7,1,1,-0.36913289793729065,1.8846829903661768,FF,called_strike,Take (Called Strike)
2018,Post-Statcast (2018 All-Star),8,2,1,-0.24342727046308288,1.826106022668541,FF,hit_into_play,Swing
2018,Post-Statcast (2018 All-Star),5,2,2,5.497271865104e-5,2.4491488377675603,FC,foul,Swing
2018,Post-Statcast (2018 All-Star),5,2,2,0.1704220179532736,2.785095235822302,CH,called_strike,Take (Called Strike)
2018,Post-Statcast (2018 All-Star),1,1,3,-0.3568084326901705,3.4611896359699452,FF,swinging_strike,Swing
2018,Post-Statcast (2018 All-Star),9,3,1,0.5918035877221612,1.900562284095944,CU,called_strike,Take (Called Strike)
2018,Post-Statcast (2018 All-Star),5,2,2,0.05987939878403758,2.8719895296995688,SI,foul,Swing
2018,Post-Statcast (2018 All-Star),9,3,1,0.3807784113396646,2.329282817671606,CH,hit_into_play,Swing
2018,Post-Statcast (2018 All-Star),6,3,2,0.5095105383281722,2.5334093023235136,SI,foul,Swing
2018,Post-Statcast (2018 All-Star),6,3,2,0.5509080901243721,2.5682497200769663,FC,called_strike,Take (Called Strike)
2018,Post-Statcast (2018 All-Star),8,2,1,0.2087157675768476,2.192542075815086,FF,hit_into_play,Swing
2018,Post-Statcast (2018 All-Star),6,3,2,0.7286830535993406,2.5359164910711822,FC,foul,Swing
2018,Post-Statcast (2018 All-Star),1,1,3,-0.3216507191277427,2.9160504666667704,FC,hit_into_play,Swing
2018,Post-Statcast (2018 All-Star),6,3,2,0.7719739470478982,2.0952629935182636,FF,hit_into_play,Swing
2018,Post-Statcast (2018 All-Star),5,2,2,-0.1739844115657322,2.166479744894811,FF,foul,Swing
2018,Post-Statcast (2018 All-Star),9,3,1,0.4295049432174758,1.952070247771983,SI,hit_into_play,Swing
2018,Post-Statcast (2018 All-Star),2,2,3,0.07168218855905294,3.4296611446841094,FC,foul,Swing
2018,Post-Statcast (2018 All-Star),3,3,3,0.5480120426953377,2.9764532770930714,FC,foul,Swing
2018,Post-Statcast (2018 All-Star),9,3,1,0.7693683886738989,2.184658767893489,FF,called_strike,Take (Called Strike)
2018,Post-Statcast (2018 All-Star),6,3,2,0.6050998264323258,2.472529542457532,SL,hit_into_play,Swing
2018,Post-Statcast (2018 All-Star),6,3,2,0.6932866773150633,2.5606384836883995,FF,called_strike,Take (Called Strike)
2018,Post-Statcast (2018 All-Star),5,2,2,0.16949226337070494,2.5710527620056847,SL,hit_into_play,Swing
2018,Post-Statcast (2018 All-Star),1,1,3,-0.6839867233107839,2.879607403698588,SI,foul,Swing
2018,Post-Statcast (2018 All-Star),4,1,2,-0.3365368690072338,2.130148145992111,SI,hit_into_play,Swing
2018,Post-Statcast (2018 All-Star),6,3,2,0.6167697467876281,2.3080015032819325,FF,foul,Swing
2018,Post-Statcast (2018 All-Star),4,1,2,-0.36980965808858535,2.7410969553461086,FF,swinging_strike,Swing
2018,Post-Statcast (2018 All-Star),9,3,1,0.4305261045490976,2.0767422214027724,FC,foul,Swing
2018,Post-Statcast (2018 All-Star),6,3,2,0.3433145347116179,2.120992696506489,FF,foul,Swing
2018,Post-Statcast (2018 All-Star),1,1,3,-0.4855321968122991,2.946105772190882,FF,hit_into_play,Swing
2018,Post-Statcast (2018 All-Star),9,3,1,0.4526148451606389,2.2164438337452816,FF,called_strike,Take (Called Strike)
2018,Post-Statcast (2018 All-Star),3,3,3,0.29680282735648145,3.6465228496731177,FF,ball,Take (Called Strike)
2018,Post-Statcast (2018 All-Star),4,1,2,-0.28708350874375976,2.5895578358796403,SI,hit_into_play,Swing
2018,Post-Statcast (2018 All-Star),8,2,1,0.03805036091833713,1.8411130598319772,SI,hit_into_play,Swing
2018,Post-Statcast (2018 All-Star),8,2,1,0.04935203054528636,1.724275652888617,CH,swinging_strike,Swing
2018,Post-Statcast (2018 All-Star),9,3,1,0.47243658917486214,1.629309787435869,SV,hit_into_play,Swing
2018,Post-Statcast (2018 All-Star),8,2,1,0.2232491941005432,2.060820218818036,FF,called_strike,Take (Called Strike)
2018,Post-Statcast (2018 All-Star),9,3,1,0.7193503501620533,1.8661091196261932,CH,called_strike,Take (Called Strike)
2018,Post-Statcast (2018 All-Star),9,3,1,0.7844171671098076,1.675415908822703,CH,swinging_strike,Swing
2018,Post-Statcast (2018 All-Star),9,3,1,0.6605051612277084,1.824814811666868,CH,foul,Swing
2018,Post-Statcast (2018 All-Star),9,3,1,0.33403722605400943,1.842507500887393,SI,foul,Swing
2018,Post-Statcast (2018 All-Star),9,3,1,0.5300736390174741,1.8496890124856349,CH,called_strike,Take (Called Strike)
2018,Post-Statcast (2018 All-Star),3,3,3,0.7796604790505374,3.75280045194475,FC,ball,Take (Called Strike)
2018,Post-Statcast (2018 All-Star),9,3,1,0.38089378776765703,2.018591914672373,SI,foul,Swing
2018,Post-Statcast (2018 All-Star),9,3,1,0.35914874708035827,2.0051234669083615,SL,foul,Swing
2018,Post-Statcast (2018 All-Star),7,1,1,-0.388905620215338,2.0642314147904637,CH,foul,Swing
2018,Post-Statcast (2018 All-Star),6,3,2,0.6508362100605043,2.462714130077345,SI,called_strike,Take (Called Strike)
2018,Post-Statcast (2018 All-Star),6,3,2,0.5279692552194761,2.3114094393258107,SL,swinging_strike,Swing
2018,Post-Statcast (2018 All-Star),9,3,1,0.5101764276456773,2.002005680439229,SI,foul,Swing
2018,Post-Statcast (2018 All-Star),6,3,2,0.4347120611033748,2.558778735063858,CH,called_strike,Take (Called Strike)
2018,Post-Statcast (2018 All-Star),9,3,1,0.5388369418677618,1.953578027057944,SL,hit_into_play,Swing
2018,Post-Statcast (2018 All-Star),6,3,2,0.8126053643366433,2.652268416680063,FF,ball,Take (Called Strike)
2018,Post-Statcast (2018 All-Star),8,2,1,0.14512083441156887,1.6810151433854863,CH,hit_into_play,Swing
2018,Post-Statcast (2018 All-Star),5,2,2,0.20828073623585097,2.372417547956676,FF,swinging_strike,Swing
2018,Post-Statcast (2018 All-Star),8,2,1,-0.2537993892192709,1.4956172254191378,CH,hit_into_play,Swing
2018,Post-Statcast (2018 All-Star),8,2,1,0.08398382514707825,1.7514641344140665,CH,foul,Swing
2018,Post-Statcast (2018 All-Star),6,3,2,0.7891690329758472,3.0242520271799185,SI,called_strike,Take (Called Strike)
2018,Post-Statcast (2018 All-Star),8,2,1,0.2187700094717153,2.20502589638686,FC,called_strike,Take (Called Strike)
2018,Post-Statcast (2018 All-Star),8,2,1,-0.15012013104896282,1.4667757951294682,CH,foul,Swing
2018,Post-Statcast (2018 All-Star),3,3,3,0.7381581825419303,3.282268337768646,CH,foul,Swing
2018,Post-Statcast (2018 All-Star),6,3,2,0.5123912985695221,2.3391476267315823,SI,called_strike,Take (Called Strike)
2018,Post-Statcast (2018 All-Star),1,1,3,-0.576365675948968,3.2859465371624053,FC,foul,Swing
2018,Post-Statcast (2018 All-Star),7,1,1,-0.2859606465405258,1.6773183523047803,CH,called_strike,Take (Called Strike)
2018,Post-Statcast (2018 All-Star),8,2,1,0.21399983064660533,1.474383143038951,FF,hit_into_play,Swing
2018,Post-Statcast (2018 All-Star),3,3,3,0.5566613811390714,3.604573580476277,FF,swinging_strike,Swing
2018,Post-Statcast (2018 All-Star),2,2,3,0.1896142052723061,3.269750079119296,FF,swinging_strike,Swing
2018,Post-Statcast (2018 All-Star),8,2,1,0.23083135104521985,1.8651373443102353,SL,hit_into_play,Swing
2018,Post-Statcast (2018 All-Star),6,3,2,0.6233987309371786,2.859781728377218,KC,swinging_strike,Swing
2018,Post-Statcast (2018 All-Star),8,2,1,-0.26457648651808496,1.4624033743097178,FF,called_strike,Take (Called Strike)
2018,Post-Statcast (2018 All-Star),7,1,1,-0.3024825345998752,1.7205655579832064,FF,hit_into_play,Swing
2018,Post-Statcast (2018 All-Star),8,2,1,-0.01252543456909638,2.044524797882285,CU,hit_into_play,Swing
2018,Post-Statcast (2018 All-Star),7,1,1,-0.3637189084899255,2.0348019403806834,SI,foul,Swing
2018,Post-Statcast (2018 All-Star),7,1,1,-0.5482496523620672,1.5349287280993127,CH,swinging_strike,Swing
2018,Post-Statcast (2018 All-Star),9,3,1,0.4827463405130687,1.7903459377602675,SI,called_strike,Take (Called Strike)
2018,Post-Statcast (2018 All-Star),6,3,2,0.2909787826118325,2.7755348192029015,SI,hit_into_play,Swing
2018,Post-Statcast (2018 All-Star),7,1,1,-0.3883887325860529,1.8203107472048763,SI,called_strike,Take (Called Strike)
2018,Post-Statcast (2018 All-Star),1,1,3,-0.5461341561867131,3.3676149925493455,SI,swinging_strike,Swing
2018,Post-Statcast (2018 All-Star),7,1,1,-0.7849975693321496,2.1925235630088364,SI,called_strike,Take (Called Strike)
2018,Post-Statcast (2018 All-Star),3,3,3,0.34718136267229194,3.6681035283034418,SI,ball,Take (Called Strike)
2018,Post-Statcast (2018 All-Star),4,1,2,-0.7645364934644243,2.9509665346212564,CH,hit_into_play,Swing
2018,Post-Statcast (2018 All-Star),3,3,3,0.4208156194002598,3.444346762062633,SL,foul,Swing
2018,Post-Statcast (2018 All-Star),5,2,2,-0.01145200871601048,2.778485337195041,FF,foul,Swing
2018,Post-Statcast (2018 All-Star),1,1,3,-0.5985874585464512,3.152157470635746,FF,hit_into_play,Swing
2018,Post-Statcast (2018 All-Star),1,1,3,-0.6372007404632687,3.525898548953221,CU,foul,Swing
2018,Post-Statcast (2018 All-Star),9,3,1,0.32527531528347575,1.998163553740671,FF,called_strike,Take (Called Strike)
2018,Post-Statcast (2018 All-Star),4,1,2,-0.6117272982117361,2.64843418320757,SL,foul,Swing
2018,Post-Statcast (2018 All-Star),8,2,1,-0.00277012952911548,1.731373342823391,SL,hit_into_play,Swing
2018,Post-Statcast (2018 All-Star),5,2,2,-0.03368354791439032,2.7947416035437653,SL,foul,Swing
2018,Post-Statcast (2018 All-Star),1,1,3,-0.7989280187326429,3.2382911374770904,SL,swinging_strike,Swing
2018,Post-Statcast (2018 All-Star),4,1,2,-0.6204241254567981,2.55280576498571,SI,foul,Swing
2018,Post-Statcast (2018 All-Star),4,1,2,-0.7208436691598865,2.637903200069982,SI,hit_into_play,Swing
2018,Post-Statcast (2018 All-Star),1,1,3,-0.30073130192767694,3.169182286930306,SI,foul,Swing
2018,Post-Statcast (2018 All-Star),4,1,2,-0.3637086967751919,2.4680872590555234,SI,foul,Swing
2018,Post-Statcast (2018 All-Star),9,3,1,0.6353263729739318,1.9234648746358047,SL,called_strike,Take (Called Strike)
2018,Post-Statcast (2018 All-Star),6,3,2,0.3203784359642604,2.505990687523624,SL,foul_tip,Swing
2018,Post-Statcast (2018 All-Star),4,1,2,-0.6027227786267135,2.381892283658397,FF,foul,Swing
2018,Post-Statcast (2018 All-Star),8,2,1,-0.22673954795990592,1.7419092039718411,SL,swinging_strike,Swing
2018,Post-Statcast (2018 All-Star),5,2,2,0.2335915371489317,2.677962003713845,SL,called_strike,Take (Called Strike)
2018,Post-Statcast (2018 All-Star),6,3,2,0.32377527296747644,2.14345793629269,FF,foul,Swing
2018,Post-Statcast (2018 All-Star),9,3,1,0.6491358181735759,1.7668718363979483,SI,called_strike,Take (Called Strike)
2018,Post-Statcast (2018 All-Star),9,3,1,0.48765703562237805,2.1487465546233597,SI,called_strike,Take (Called Strike)
2018,Post-Statcast (2018 All-Star),3,3,3,0.4250316251683022,3.353297310395214,FF,called_strike,Take (Called Strike)
2018,Post-Statcast (2018 All-Star),6,3,2,0.8269734448842332,2.5553490629265276,FF,called_strike,Take (Called Strike)
2018,Post-Statcast (2018 All-Star),5,2,2,-0.0714987283901082,2.31800729577371,SL,hit_into_play,Swing
2018,Post-Statcast (2018 All-Star),9,3,1,0.5730807392127464,2.266681340348892,FF,called_strike,Take (Called Strike)
2018,Post-Statcast (2018 All-Star),3,3,3,0.704270461467184,2.8607214655282327,SL,swinging_strike,Swing
2018,Post-Statcast (2018 All-Star),4,1,2,-0.766993037519357,2.0896833023788797,FF,hit_into_play,Swing
2018,Post-Statcast (2018 All-Star),5,2,2,-0.20922170652959848,2.2926217239879056,FF,foul,Swing
2018,Post-Statcast (2018 All-Star),5,2,2,-0.00817471506843146,2.314484713351448,SL,foul,Swing
2018,Post-Statcast (2018 All-Star),4,1,2,-0.5408081780711017,2.6551462668207835,FF,foul,Swing
2018,Post-Statcast (2018 All-Star),2,2,3,0.10341500838524904,3.277464051712107,FF,swinging_strike,Swing
2018,Post-Statcast (2018 All-Star),1,1,3,-0.6144620583886437,3.262474763334488,FF,foul,Swing
2018,Post-Statcast (2018 All-Star),3,3,3,0.8119498114856819,3.6133961887859223,SI,ball,Take (Called Strike)
2018,Post-Statcast (2018 All-Star),3,3,3,0.5541761982878111,3.0143533375940774,CH,hit_into_play,Swing
2018,Post-Statcast (2018 All-Star),4,1,2,-0.43780902896422913,2.1135516859195356,SI,foul,Swing
2018,Post-Statcast (2018 All-Star),1,1,3,-0.5967023607702119,3.4938743492975304,SI,swinging_strike,Swing
2018,Post-Statcast (2018 All-Star),5,2,2,0.00532351063621816,2.320916667188934,CH,foul,Swing
2018,Post-Statcast (2018 All-Star),5,2,2,-0.02142243641613328,2.7573625183004236,SI,hit_into_play,Swing
2018,Post-Statcast (2018 All-Star),8,2,1,-0.07531787770221698,1.9425296104825396,CH,called_strike,Take (Called Strike)
2018,Post-Statcast (2018 All-Star),4,1,2,-0.5851999560900675,2.5137182057309926,SL,hit_into_play,Swing
2018,Post-Statcast (2018 All-Star),3,3,3,0.7865355569527537,3.733134155699937,FF,ball,Take (Called Strike)
2018,Post-Statcast (2018 All-Star),5,2,2,-0.14271067739735144,2.279097828961541,FC,foul,Swing
2018,Post-Statcast (2018 All-Star),9,3,1,0.8043610981232727,1.9305782937412184,CH,foul,Swing
2018,Post-Statcast (2018 All-Star),9,3,1,0.6882270285343437,2.1499143583065825,CH,called_strike,Take (Called Strike)
2018,Post-Statcast (2018 All-Star),9,3,1,0.7601194856781892,1.9296254382272768,CH,swinging_strike,Swing
2018,Post-Statcast (2018 All-Star),8,2,1,0.23931583601616713,1.7313164995317205,CH,hit_into_play,Swing
2018,Post-Statcast (2018 All-Star),4,1,2,-0.3265115561057363,3.025216389275189,FF,hit_into_play,Swing
2018,Post-Statcast (2018 All-Star),4,1,2,-0.4484118481444004,2.1916748698679163,CU,hit_into_play,Swing
2018,Post-Statcast (2018 All-Star),5,2,2,0.21657558378294903,2.3726810859157896,FF,foul,Swing
2018,Post-Statcast (2018 All-Star),9,3,1,0.5490501601779125,1.8076061666416685,SL,swinging_strike,Swing
2018,Post-Statcast (2018 All-Star),5,2,2,-0.08376146627139834,2.7652503019164953,FF,hit_into_play,Swing
2018,Post-Statcast (2018 All-Star),5,2,2,0.1594466147415914,2.5111424420430626,SL,foul,Swing
2018,Post-Statcast (2018 All-Star),5,2,2,-0.11605735218237034,2.26256129964493,FF,foul,Swing
2018,Post-Statcast (2018 All-Star),5,2,2,-0.09121624045866884,2.400819719616522,CU,hit_into_play,Swing
2018,Post-Statcast (2018 All-Star),1,1,3,-0.3890797983108025,2.979043815462179,FF,hit_into_play,Swing
2018,Post-Statcast (2018 All-Star),1,1,3,-0.7719151514214406,3.3073169028479708,FF,hit_into_play,Swing
2018,Post-Statcast (2018 All-Star),4,1,2,-0.5097533106406351,2.608540244433981,FF,foul,Swing
2018,Post-Statcast (2018 All-Star),6,3,2,0.7649138304504515,2.428514082756835,FF,hit_into_play,Swing
2018,Post-Statcast (2018 All-Star),9,3,1,0.3258749731613866,1.6654807083733716,CU,foul,Swing
2018,Post-Statcast (2018 All-Star),1,1,3,-0.6123299310309853,3.628433456493154,FF,foul,Swing
2018,Post-Statcast (2018 All-Star),9,3,1,0.567539504526903,1.4927417516130477,ST,swinging_strike,Swing
2018,Post-Statcast (2018 All-Star),4,1,2,-0.5061698444438518,2.1295439271906567,SI,foul,Swing
2018,Post-Statcast (2018 All-Star),3,3,3,0.6344589226748475,3.4192611388852425,FF,foul,Swing
2018,Post-Statcast (2018 All-Star),9,3,1,0.3591989585278641,2.3406565416239182,ST,called_strike,Take (Called Strike)
2018,Post-Statcast (2018 All-Star),4,1,2,-0.5501665453739197,2.1859466690652862,FF,hit_into_play,Swing
2018,Post-Statcast (2018 All-Star),6,3,2,0.631908123743692,2.5377729568374976,FF,called_strike,Take (Called Strike)
2018,Post-Statcast (2018 All-Star),2,2,3,0.03544254757199183,3.51082964759649,FF,swinging_strike,Swing
2018,Post-Statcast (2018 All-Star),1,1,3,-0.4109306367486407,3.0801328659298712,SL,foul,Swing
2018,Post-Statcast (2018 All-Star),2,2,3,0.15310074127268303,3.262524536018432,FF,foul,Swing
2018,Post-Statcast (2018 All-Star),3,3,3,0.31268924947626575,3.566427096259924,FF,ball,Take (Called Strike)
2018,Post-Statcast (2018 All-Star),5,2,2,0.16673819121068922,2.4724679618276033,FF,hit_into_play,Swing
2018,Post-Statcast (2018 All-Star),2,2,3,0.1475234045764302,3.049728763567479,FF,foul,Swing
2018,Post-Statcast (2018 All-Star),6,3,2,0.5160585313029449,2.6088039038449145,FF,called_strike,Take (Called Strike)
2018,Post-Statcast (2018 All-Star),5,2,2,8.3760762103751e-4,2.7490018339741167,SL,foul,Swing
2018,Post-Statcast (2018 All-Star),6,3,2,0.5881115176796816,2.3379833091664324,SL,foul,Swing
2018,Post-Statcast (2018 All-Star),6,3,2,0.4041871227461351,2.307967022405293,SL,hit_into_play,Swing
2018,Post-Statcast (2018 All-Star),3,3,3,0.30541250590005353,3.2769126781804534,FF,hit_into_play,Swing
2018,Post-Statcast (2018 All-Star),5,2,2,0.18746763372099728,2.773157836040225,SI,foul,Swing
2018,Post-Statcast (2018 All-Star),4,1,2,-0.4320839683528397,3.0800471558063354,KC,called_strike,Take (Called Strike)
2018,Post-Statcast (2018 All-Star),6,3,2,0.28874477113086544,2.2415589216335423,SL,hit_into_play,Swing
2018,Post-Statcast (2018 All-Star),5,2,2,0.13183402472812078,2.91607899597443,FF,called_strike,Take (Called Strike)
2018,Post-Statcast (2018 All-Star),3,3,3,0.639088777422322,3.7865540851251023,FF,ball,Take (Called Strike)
2018,Post-Statcast (2018 All-Star),6,3,2,0.6369297981943733,2.98730720555582,FF,hit_into_play,Swing
2018,Post-Statcast (2018 All-Star),6,3,2,0.4304481990724496,2.320281917215512,SI,foul_tip,Swing
2018,Post-Statcast (2018 All-Star),8,2,1,0.01722607005887644,2.349606494191712,SI,hit_into_play,Swing
2018,Post-Statcast (2018 All-Star),8,2,1,-0.1101797016382028,2.3127972461508013,KC,called_strike,Take (Called Strike)
2018,Post-Statcast (2018 All-Star),9,3,1,0.31761768744891744,1.9143134941570272,SL,hit_into_play,Swing
2018,Post-Statcast (2018 All-Star),1,1,3,-0.4023985702661317,3.6101150040785024,FF,foul,Swing
2018,Post-Statcast (2018 All-Star),8,2,1,0.05579757130006202,2.3342592368945203,FF,foul,Swing
2018,Post-Statcast (2018 All-Star),5,2,2,-0.18248252705840065,2.5675224956977596,SI,hit_into_play,Swing
2018,Post-Statcast (2018 All-Star),9,3,1,0.8081450487631586,1.748956009329233,SL,swinging_strike,Swing
2018,Post-Statcast (2018 All-Star),1,1,3,-0.6325749285251963,2.9724814987450996,SI,foul,Swing
2018,Post-Statcast (2018 All-Star),9,3,1,0.6445341873200503,1.6117309623827278,SL,hit_into_play,Swing
2018,Post-Statcast (2018 All-Star),9,3,1,0.6657259422103987,1.6658755927082334,SI,called_strike,Take (Called Strike)
2018,Post-Statcast (2018 All-Star),5,2,2,0.04056833330483356,2.4130351290583585,FF,foul,Swing
2018,Post-Statcast (2018 All-Star),9,3,1,0.679350116803056,2.0729914350444103,CH,hit_into_play,Swing
2018,Post-Statcast (2018 All-Star),9,3,1,0.6325019064675483,1.9862903521628368,CH,swinging_strike,Swing
2018,Post-Statcast (2018 All-Star),3,3,3,0.36289951660416775,3.2857376677683536,SI,swinging_strike,Swing
2018,Post-Statcast (2018 All-Star),4,1,2,-0.4842987779145824,2.554077670016262,SI,swinging_strike,Swing
2018,Post-Statcast (2018 All-Star),2,2,3,-0.04921856395938268,3.5905271657137035,FF,hit_into_play,Swing
2018,Post-Statcast (2018 All-Star),7,1,1,-0.6278897823281318,2.231527791211062,FS,hit_into_play,Swing
2018,Post-Statcast (2018 All-Star),4,1,2,-0.34452689858962815,2.7000142624113543,FF,foul,Swing
2018,Post-Statcast (2018 All-Star),1,1,3,-0.34678634202134007,2.9699708619593412,CH,foul,Swing
2018,Post-Statcast (2018 All-Star),4,1,2,-0.7240188695101029,2.225114789182406,CH,hit_into_play,Swing
2018,Post-Statcast (2018 All-Star),4,1,2,-0.5203124905838885,2.4386975108003006,CH,foul,Swing
2018,Post-Statcast (2018 All-Star),9,3,1,0.7677186376294759,1.885252860816875,CU,swinging_strike,Swing
2018,Post-Statcast (2018 All-Star),5,2,2,0.10887934070024796,2.4228353744991065,CH,hit_into_play,Swing
2018,Post-Statcast (2018 All-Star),5,2,2,0.1921935019609464,2.6996201412836487,SI,hit_into_play,Swing
2018,Post-Statcast (2018 All-Star),9,3,1,0.6840680259573748,2.1253512570977984,SI,called_strike,Take (Called Strike)
2018,Post-Statcast (2018 All-Star),5,2,2,0.149502071853454,2.4834410004721583,FF,foul,Swing
2018,Post-Statcast (2018 All-Star),1,1,3,-0.8094737892601824,3.476027314093746,FF,swinging_strike,Swing
2018,Post-Statcast (2018 All-Star),9,3,1,0.6610420074362671,1.7035130436237291,CH,swinging_strike,Swing
2018,Post-Statcast (2018 All-Star),9,3,1,0.7437987765921612,2.2697808142747844,FF,called_strike,Take (Called Strike)
2018,Post-Statcast (2018 All-Star),2,2,3,0.14474349756539528,3.0517370348184643,FF,hit_into_play,Swing
2018,Post-Statcast (2018 All-Star),3,3,3,0.6555806745203973,3.1475142205749225,FC,foul,Swing
2018,Post-Statcast (2018 All-Star),2,2,3,0.2411735014257061,3.842411219058006,FC,ball,Take (Called Strike)
2018,Post-Statcast (2018 All-Star),5,2,2,-0.16329148430761975,2.354440743648525,FF,hit_into_play,Swing
2018,Post-Statcast (2018 All-Star),5,2,2,-0.18224980605359345,2.5899997611424332,FF,foul,Swing
2018,Post-Statcast (2018 All-Star),9,3,1,0.28043062583532663,2.0521475179173585,FS,hit_into_play,Swing
2018,Post-Statcast (2018 All-Star),6,3,2,0.43797241854223945,2.7168571191000837,FF,foul,Swing
2018,Post-Statcast (2018 All-Star),6,3,2,0.41929918865832183,2.429501832776583,FF,foul,Swing
2018,Post-Statcast (2018 All-Star),9,3,1,0.3590359247402376,1.7912849019260435,FF,called_strike,Take (Called Strike)
2018,Post-Statcast (2018 All-Star),9,3,1,0.7513459422345348,2.222649893570933,FF,ball,Take (Called Strike)
2018,Post-Statcast (2018 All-Star),9,3,1,0.6063825219907752,2.28002545327114,SI,called_strike,Take (Called Strike)
2018,Post-Statcast (2018 All-Star),9,3,1,0.4839229775103201,1.817285119030613,FF,called_strike,Take (Called Strike)
2018,Post-Statcast (2018 All-Star),4,1,2,-0.786388622489574,2.2472797303911127,CU,hit_into_play,Swing
2018,Post-Statcast (2018 All-Star),9,3,1,0.6202812735786869,1.6568550143652745,CU,swinging_strike,Swing
2018,Post-Statcast (2018 All-Star),9,3,1,0.3329302550104247,1.472032393178952,SL,hit_into_play,Swing
2018,Post-Statcast (2018 All-Star),8,2,1,-0.24404476865482427,1.441086853869018,SL,hit_into_play,Swing
2018,Post-Statcast (2018 All-Star),9,3,1,0.562627420741465,1.8973167565816027,SL,swinging_strike,Swing
2018,Post-Statcast (2018 All-Star),8,2,1,-0.23395327900344592,1.682723493490807,SL,called_strike,Take (Called Strike)
2018,Post-Statcast (2018 All-Star),1,1,3,-0.371912151047189,3.1654233066668,CU,hit_into_play,Swing
2018,Post-Statcast (2018 All-Star),4,1,2,-0.7194602720814591,2.699860968339047,SL,foul,Swing
2018,Post-Statcast (2018 All-Star),9,3,1,0.7886686641018954,1.9360165085927967,CH,foul,Swing
2018,Post-Statcast (2018 All-Star),1,1,3,-0.8264490473142612,3.56258797120849,FF,swinging_strike,Swing
2018,Post-Statcast (2018 All-Star),7,1,1,-0.43585827787346054,1.7566455163629158,CU,called_strike,Take (Called Strike)
2018,Post-Statcast (2018 All-Star),6,3,2,0.7923010955128793,2.9504916674090778,FF,called_strike,Take (Called Strike)
2018,Post-Statcast (2018 All-Star),2,2,3,-0.00726772178767154,2.9918935183086246,FF,hit_into_play,Swing
2018,Post-Statcast (2018 All-Star),5,2,2,-0.2665411345059925,2.5155281028149448,FF,hit_into_play,Swing
2018,Post-Statcast (2018 All-Star),1,1,3,-0.47425041588680583,3.326622439896968,FF,foul,Swing
2018,Post-Statcast (2018 All-Star),3,3,3,0.5099456704241523,3.276296531714398,SL,swinging_strike,Swing
2018,Post-Statcast (2018 All-Star),6,3,2,0.408418619939711,2.784733800740859,FF,called_strike,Take (Called Strike)
2018,Post-Statcast (2018 All-Star),5,2,2,0.0792033409790992,2.7922093343944985,SL,foul,Swing
2018,Post-Statcast (2018 All-Star),8,2,1,0.16030002344514527,2.091548165158618,FF,foul,Swing
2018,Post-Statcast (2018 All-Star),4,1,2,-0.37866147001544925,3.0510972575515707,FF,swinging_strike,Swing
2018,Post-Statcast (2018 All-Star),9,3,1,0.7727970607502275,2.158672445437418,FF,called_strike,Take (Called Strike)
2018,Post-Statcast (2018 All-Star),8,2,1,0.12758174802158867,1.6817525783923075,SL,swinging_strike,Swing
2018,Post-Statcast (2018 All-Star),9,3,1,0.8158542487118879,2.395119651225081,SL,called_strike,Take (Called Strike)
2018,Post-Statcast (2018 All-Star),8,2,1,-0.13532236833735545,2.0299163452684468,FF,hit_into_play,Swing
2018,Post-Statcast (2018 All-Star),5,2,2,0.11789226756113164,2.779263929424008,FF,foul,Swing
2018,Post-Statcast (2018 All-Star),6,3,2,0.5613402569823979,2.8516397369785667,SL,hit_into_play,Swing
2018,Post-Statcast (2018 All-Star),9,3,1,0.6794479749527186,1.8789139970174065,SL,foul,Swing
2018,Post-Statcast (2018 All-Star),3,3,3,0.6978607714315974,3.730944727504979,FF,hit_into_play,Swing
2018,Post-Statcast (2018 All-Star),8,2,1,0.18902873607807436,2.0490801668232517,SL,swinging_strike,Swing
2018,Post-Statcast (2018 All-Star),5,2,2,-0.14021258465416303,2.357236453312946,FF,foul,Swing
2018,Post-Statcast (2018 All-Star),4,1,2,-0.34184221060937675,2.429852816946317,FF,hit_into_play,Swing
2018,Post-Statcast (2018 All-Star),3,3,3,0.7097854826446479,3.7199756681685434,FF,ball,Take (Called Strike)
2018,Post-Statcast (2018 All-Star),2,2,3,-0.01929098385902106,2.9424039148438386,CU,hit_into_play,Swing
2018,Post-Statcast (2018 All-Star),8,2,1,-0.208632754707063,2.2644672338173732,SI,called_strike,Take (Called Strike)
2018,Post-Statcast (2018 All-Star),4,1,2,-0.7103869603494718,2.210916961335684,FF,hit_into_play,Swing
2018,Post-Statcast (2018 All-Star),9,3,1,0.5924090357019907,1.995168114962239,SL,swinging_strike,Swing
2018,Post-Statcast (2018 All-Star),9,3,1,0.2846162726187198,1.9423430824739665,FF,called_strike,Take (Called Strike)
2018,Post-Statcast (2018 All-Star),5,2,2,-0.2332055359446473,2.7423511483522423,FF,foul,Swing
2018,Post-Statcast (2018 All-Star),4,1,2,-0.7471552889289553,2.6440895859377815,SL,called_strike,Take (Called Strike)
2018,Post-Statcast (2018 All-Star),7,1,1,-0.617035698234015,2.34479424387489,SL,called_strike,Take (Called Strike)
2018,Post-Statcast (2018 All-Star),6,3,2,0.7780987977802108,2.0930847612472205,FF,foul,Swing
2018,Post-Statcast (2018 All-Star),1,1,3,-0.6122759750902034,2.9096865333555617,FF,swinging_strike,Swing
2018,Post-Statcast (2018 All-Star),5,2,2,-0.07144066384722236,2.4674799449473466,FF,foul,Swing
2018,Post-Statcast (2018 All-Star),9,3,1,0.28734139020091193,1.3537889087210804,SL,foul,Swing
2018,Post-Statcast (2018 All-Star),2,2,3,-0.2664095130972387,2.9600423649215855,FF,foul,Swing
2018,Post-Statcast (2018 All-Star),6,3,2,0.3096618661255924,2.795226423848032,SL,foul,Swing
2018,Post-Statcast (2018 All-Star),8,2,1,0.09097229230353344,2.099017722609334,SL,called_strike,Take (Called Strike)
2018,Post-Statcast (2018 All-Star),8,2,1,-0.0657281943931054,1.7962941719406484,SI,hit_into_play,Swing
2018,Post-Statcast (2018 All-Star),1,1,3,-0.3817687829008958,3.389207946766486,SL,foul,Swing
2018,Post-Statcast (2018 All-Star),5,2,2,-0.23751868408084276,2.0942682009101574,SI,hit_into_play,Swing
2018,Post-Statcast (2018 All-Star),3,3,3,0.3735167292771692,2.8684552876065768,FF,hit_into_play,Swing
2018,Post-Statcast (2018 All-Star),5,2,2,-0.18931328805181952,2.1402893921407826,FF,foul_tip,Swing
2018,Post-Statcast (2018 All-Star),9,3,1,0.7538603114289759,1.8206461226043271,SL,ball,Take (Called Strike)
2018,Post-Statcast (2018 All-Star),9,3,1,0.6374396266461683,2.159987935260486,FF,called_strike,Take (Called Strike)
2018,Post-Statcast (2018 All-Star),9,3,1,0.5154218954756817,2.1171158168783615,FF,called_strike,Take (Called Strike)
2018,Post-Statcast (2018 All-Star),8,2,1,0.05377943826167164,1.6262205455498402,FS,hit_into_play,Swing
2018,Post-Statcast (2018 All-Star),4,1,2,-0.5522637583919159,2.6142481799810446,SI,foul,Swing
2018,Post-Statcast (2018 All-Star),3,3,3,0.5492440892385226,3.692631055434187,SI,called_strike,Take (Called Strike)
2018,Post-Statcast (2018 All-Star),9,3,1,0.6801229769479126,1.386476504377725,SL,swinging_strike,Swing
2018,Post-Statcast (2018 All-Star),6,3,2,0.60900976220024,2.2859911148953937,FF,foul,Swing
2018,Post-Statcast (2018 All-Star),7,1,1,-0.542962938927241,2.213039300273151,FF,called_strike,Take (Called Strike)
2018,Post-Statcast (2018 All-Star),2,2,3,-0.02905604257962935,3.1058575638739043,FF,hit_into_play,Swing
2018,Post-Statcast (2018 All-Star),9,3,1,0.495498069794579,1.7241093898677191,FF,called_strike,Take (Called Strike)
2018,Post-Statcast (2018 All-Star),9,3,1,0.7230352964969564,1.7352484766987106,FF,foul,Swing
2018,Post-Statcast (2018 All-Star),5,2,2,-0.01816370917929677,2.166982468973016,FS,hit_into_play,Swing
2018,Post-Statcast (2018 All-Star),5,2,2,0.12211853127334048,2.619140568942671,FF,called_strike,Take (Called Strike)
2018,Post-Statcast (2018 All-Star),6,3,2,0.7765958022254991,2.4070110599575627,FC,foul,Swing
2018,Post-Statcast (2018 All-Star),3,3,3,0.7230232811726489,3.051004419176902,SI,called_strike,Take (Called Strike)
2018,Post-Statcast (2018 All-Star),5,2,2,-0.1379732138623197,2.7098805904233263,SL,hit_into_play,Swing
2018,Post-Statcast (2018 All-Star),9,3,1,0.7481784829955219,1.8198020440015683,SL,foul,Swing
2018,Post-Statcast (2018 All-Star),9,3,1,0.6479604162816185,1.7681292105404762,SL,called_strike,Take (Called Strike)
2018,Post-Statcast (2018 All-Star),1,1,3,-0.2831763298923777,3.5795046552944005,SL,hit_into_play,Swing
2018,Post-Statcast (2018 All-Star),6,3,2,0.3587364872447884,2.686077879945095,FF,foul,Swing
2018,Post-Statcast (2018 All-Star),5,2,2,-0.06122812663820404,2.630978292268157,SL,called_strike,Take (Called Strike)
2018,Post-Statcast (2018 All-Star),9,3,1,0.6717476283294104,1.6717934385748068,SL,swinging_strike,Swing
2018,Post-Statcast (2018 All-Star),8,2,1,0.00143857535688401,1.69339785142631,SL,hit_into_play,Swing
2018,Post-Statcast (2018 All-Star),5,2,2,-0.06636272709169072,2.494117736895375,FF,swinging_strike,Swing
2018,Post-Statcast (2018 All-Star),9,3,1,0.6590830997321562,1.682659529828228,FC,called_strike,Take (Called Strike)
2018,Post-Statcast (2018 All-Star),5,2,2,-0.1202655022495211,2.539911644339219,SL,hit_into_play,Swing
2018,Post-Statcast (2018 All-Star),8,2,1,0.03351841028949076,1.973448467074,CH,hit_into_play,Swing
2018,Post-Statcast (2018 All-Star),8,2,1,0.13573480723896103,1.437578035868178,SI,hit_into_play,Swing
2018,Post-Statcast (2018 All-Star),2,2,3,0.12627360875763455,3.508439908596268,FF,hit_into_play,Swing
2018,Post-Statcast (2018 All-Star),4,1,2,-0.5899114868834182,2.2812272009206147,CH,foul,Swing
2018,Post-Statcast (2018 All-Star),9,3,1,0.6527420778775321,1.7403306052836167,SL,swinging_strike,Swing
2018,Post-Statcast (2018 All-Star),8,2,1,-0.20724706628710152,2.079593937335982,SI,hit_into_play,Swing
2018,Post-Statcast (2018 All-Star),5,2,2,-0.191091868134855,2.4121428012836112,SI,hit_into_play,Swing
2018,Post-Statcast (2018 All-Star),7,1,1,-0.6355487543733243,1.7313301736331537,SI,called_strike,Take (Called Strike)
2018,Post-Statcast (2018 All-Star),3,3,3,0.5717144434973634,3.261392105934895,CH,swinging_strike,Swing
2018,Post-Statcast (2018 All-Star),6,3,2,0.7673481558192158,2.538757334154351,FF,foul,Swing
2018,Post-Statcast (2018 All-Star),9,3,1,0.6316032844539459,2.258116331459658,FF,called_strike,Take (Called Strike)
2018,Post-Statcast (2018 All-Star),1,1,3,-0.612155798509447,3.07217261662659,CH,called_strike,Take (Called Strike)
2018,Post-Statcast (2018 All-Star),6,3,2,0.5127983445599862,2.745605490937298,FF,hit_into_play,Swing
2018,Post-Statcast (2018 All-Star),1,1,3,-0.6015933255403482,3.473481300055772,FF,swinging_strike,Swing
2018,Post-Statcast (2018 All-Star),6,3,2,0.2810396085911735,2.7778546113381744,FF,foul,Swing
2018,Post-Statcast (2018 All-Star),9,3,1,0.3460037146294188,2.006087607240209,FF,foul,Swing
2018,Post-Statcast (2018 All-Star),6,3,2,0.5191836965505758,2.8710615104265345,SI,hit_into_play,Swing
2018,Post-Statcast (2018 All-Star),1,1,3,-0.742169359372602,3.1077075296861167,SI,foul,Swing
2018,Post-Statcast (2018 All-Star),6,3,2,0.3681482197308188,2.6768080870828816,SI,foul_tip,Swing
2018,Post-Statcast (2018 All-Star),4,1,2,-0.6287794098650974,2.5911988300848217,SI,foul,Swing
2018,Post-Statcast (2018 All-Star),3,3,3,0.45373282421303457,3.259964630789169,SL,called_strike,Take (Called Strike)
2018,Post-Statcast (2018 All-Star),7,1,1,-0.4265497458937193,2.0110081608925396,CH,foul,Swing
2018,Post-Statcast (2018 All-Star),3,3,3,0.7688930123415882,3.5562615962520745,SI,foul,Swing
2018,Post-Statcast (2018 All-Star),3,3,3,0.5014528739992932,3.278640755056215,SI,swinging_strike,Swing
2018,Post-Statcast (2018 All-Star),8,2,1,-0.00504516325052506,2.0979517195657267,SI,called_strike,Take (Called Strike)
2018,Post-Statcast (2018 All-Star),6,3,2,0.8107593759242269,2.6520315754259656,SL,called_strike,Take (Called Strike)
2018,Post-Statcast (2018 All-Star),6,3,2,0.4986844605882582,2.3763930251544148,CH,hit_into_play,Swing
2018,Post-Statcast (2018 All-Star),7,1,1,-0.4100795395918227,1.7995788081867308,CH,foul,Swing
2018,Post-Statcast (2018 All-Star),1,1,3,-0.5066741215811476,3.12020472800722,FC,swinging_strike,Swing
2018,Post-Statcast (2018 All-Star),1,1,3,-0.5893466732221344,3.121558575922471,FC,foul,Swing
2018,Post-Statcast (2018 All-Star),6,3,2,0.7737827511379383,2.725380791125458,CH,swinging_strike,Swing
2018,Post-Statcast (2018 All-Star),1,1,3,-0.3990280886583474,4.037738856345378,FC,ball,Take (Called Strike)
2018,Post-Statcast (2018 All-Star),4,1,2,-0.6785278892499031,2.3000050601833792,FF,hit_into_play,Swing
2018,Post-Statcast (2018 All-Star),5,2,2,0.11779321913114772,2.768217517826426,FF,swinging_strike,Swing
2018,Post-Statcast (2018 All-Star),6,3,2,0.2960912286721897,2.4860056345809043,FF,called_strike,Take (Called Strike)
2018,Post-Statcast (2018 All-Star),8,2,1,0.2384128575347611,2.134217666431084,SL,foul,Swing
2018,Post-Statcast (2018 All-Star),6,3,2,0.7663078741208688,2.878823225123659,FF,called_strike,Take (Called Strike)
2018,Post-Statcast (2018 All-Star),3,3,3,0.4117443360920351,3.2253792644288843,SL,swinging_strike,Swing
2018,Post-Statcast (2018 All-Star),5,2,2,-0.01840461091426826,2.243316873130689,SL,hit_into_play,Swing
2018,Post-Statcast (2018 All-Star),6,3,2,0.3604967726196633,3.0486059202826468,FF,called_strike,Take (Called Strike)
2018,Post-Statcast (2018 All-Star),4,1,2,-0.3892971018090836,2.192895413340305,CH,foul,Swing
2018,Post-Statcast (2018 All-Star),5,2,2,-0.2650899563774573,2.6177963144034986,FF,hit_into_play,Swing
2018,Post-Statcast (2018 All-Star),5,2,2,0.12371717723337644,2.3223877424125585,FF,foul,Swing
2018,Post-Statcast (2018 All-Star),5,2,2,0.2358580457506037,2.690924984129532,FF,called_strike,Take (Called Strike)
2018,Post-Statcast (2018 All-Star),7,1,1,-0.5106522234129247,1.7634536792961664,SI,hit_into_play,Swing
2018,Post-Statcast (2018 All-Star),4,1,2,-0.7092788987895993,2.586615719088311,CU,called_strike,Take (Called Strike)
2018,Post-Statcast (2018 All-Star),4,1,2,-0.6197134643984086,2.748552761691834,SI,called_strike,Take (Called Strike)
2018,Post-Statcast (2018 All-Star),3,3,3,0.40965385527081966,3.3778089449923816,SI,ball,Take (Called Strike)
2018,Post-Statcast (2018 All-Star),2,2,3,-0.17979518823988644,3.66440224911044,FF,ball,Take (Called Strike)
2018,Post-Statcast (2018 All-Star),7,1,1,-0.5022942780577552,2.270579585474917,CU,called_strike,Take (Called Strike)
2018,Post-Statcast (2018 All-Star),5,2,2,-0.01267288183642101,2.782379897592147,SI,hit_into_play,Swing
2018,Post-Statcast (2018 All-Star),3,3,3,0.4334049637815237,3.620295757167797,FF,foul,Swing
2018,Post-Statcast (2018 All-Star),7,1,1,-0.29432900198743095,1.8883717290759847,CU,swinging_strike,Swing
2018,Post-Statcast (2018 All-Star),6,3,2,0.37230514996859165,2.347023772052315,CH,swinging_strike,Swing
2018,Post-Statcast (2018 All-Star),1,1,3,-0.6305039014687355,3.876499247345659,FF,ball,Take (Called Strike)
2018,Post-Statcast (2018 All-Star),7,1,1,-0.6710379499509764,1.950231621915893,FF,hit_into_play,Swing
2018,Post-Statcast (2018 All-Star),1,1,3,-0.674498874961857,3.3394357495418903,FF,hit_into_play,Swing
2018,Post-Statcast (2018 All-Star),1,1,3,-0.7531792838224565,2.938458496878817,FC,foul,Swing
2018,Post-Statcast (2018 All-Star),2,2,3,-0.194411324686803,3.5881611060831387,FF,called_strike,Take (Called Strike)
2018,Post-Statcast (2018 All-Star),5,2,2,0.04833342005760888,2.168999966763581,CH,hit_into_play,Swing
2018,Post-Statcast (2018 All-Star),1,1,3,-0.35945996348903964,3.38770923172374,SI,swinging_strike,Swing
2018,Post-Statcast (2018 All-Star),7,1,1,-0.5813272827128315,1.739412889561972,SI,foul,Swing
2018,Post-Statcast (2018 All-Star),4,1,2,-0.3686844980775528,2.9990123370615756,SI,called_strike,Take (Called Strike)
2018,Post-Statcast (2018 All-Star),4,1,2,-0.7414992386912683,2.7551228238188346,FF,called_strike,Take (Called Strike)
2018,Post-Statcast (2018 All-Star),5,2,2,-0.19632787032359825,2.7012280028542532,FF,foul,Swing
2018,Post-Statcast (2018 All-Star),4,1,2,-0.4725244464522491,2.6656908081071387,CH,hit_into_play,Swing
2018,Post-Statcast (2018 All-Star),6,3,2,0.4250022865284554,2.7866540712460504,CH,hit_into_play,Swing
2018,Post-Statcast (2018 All-Star),2,2,3,-0.1082337293719916,3.278167187192344,FF,foul,Swing
2018,Post-Statcast (2018 All-Star),2,2,3,-0.2192923797263444,3.6815336664763194,FF,foul,Swing
2018,Post-Statcast (2018 All-Star),5,2,2,0.14792512717728257,2.44937431465449,FF,called_strike,Take (Called Strike)
2018,Post-Statcast (2018 All-Star),2,2,3,-0.04984013421730515,3.039244794405212,FF,hit_into_play,Swing
2018,Post-Statcast (2018 All-Star),9,3,1,0.749696815367277,1.8307874693767816,CH,swinging_strike,Swing
2018,Post-Statcast (2018 All-Star),4,1,2,-0.6876756114212226,2.801316353445774,FF,hit_into_play,Swing
2018,Post-Statcast (2018 All-Star),9,3,1,0.43993186366947545,1.5701210146191409,SL,swinging_strike,Swing
2018,Post-Statcast (2018 All-Star),4,1,2,-0.3620614207083064,2.7889591163048566,SI,foul,Swing
2018,Post-Statcast (2018 All-Star),4,1,2,-0.440556978287921,2.8990576649721667,FF,foul,Swing
2018,Post-Statcast (2018 All-Star),5,2,2,-0.19495416391845863,2.2684994664616616,FF,foul,Swing
2018,Post-Statcast (2018 All-Star),6,3,2,0.34574986297255556,2.3038875472063145,FF,foul,Swing
2018,Post-Statcast (2018 All-Star),8,2,1,0.21722642979109907,1.8467698895407676,SI,called_strike,Take (Called Strike)
2018,Post-Statcast (2018 All-Star),7,1,1,-0.45064646501870265,2.192436463148294,FF,hit_into_play,Swing
2018,Post-Statcast (2018 All-Star),2,2,3,-0.12260288434934796,3.4069958507099636,SI,foul,Swing
2018,Post-Statcast (2018 All-Star),3,3,3,0.3816439429377154,3.427111725580276,SI,swinging_strike,Swing
2018,Post-Statcast (2018 All-Star),2,2,3,-0.03266550684177882,3.0650310369702733,SI,swinging_strike,Swing
2018,Post-Statcast (2018 All-Star),7,1,1,-0.5624960613226184,1.7734762483504514,CH,hit_into_play,Swing
2018,Post-Statcast (2018 All-Star),5,2,2,-0.1499207554092915,2.3750848722862443,SL,hit_into_play,Swing
2018,Post-Statcast (2018 All-Star),7,1,1,-0.7703426445613968,1.5360313058170625,FF,ball,Take (Called Strike)
2018,Post-Statcast (2018 All-Star),8,2,1,0.08203510863136865,1.7224521504643158,SI,hit_into_play,Swing
2018,Post-Statcast (2018 All-Star),5,2,2,0.2536540132132058,2.554850356238033,FF,foul,Swing
2018,Post-Statcast (2018 All-Star),7,1,1,-0.7654951043762356,2.09436591521891,FF,foul,Swing
2018,Post-Statcast (2018 All-Star),3,3,3,0.5864553716141334,2.972595554104093,FF,swinging_strike,Swing
2018,Post-Statcast (2018 All-Star),8,2,1,-0.0748710272786444,1.5873640595167495,FF,ball,Take (Called Strike)
2018,Post-Statcast (2018 All-Star),7,1,1,-0.7814621047827559,2.0172280119799746,SI,hit_into_play,Swing
2018,Post-Statcast (2018 All-Star),4,1,2,-0.326400091005971,2.621603157065111,FF,foul,Swing
2018,Post-Statcast (2018 All-Star),1,1,3,-0.5850684926560659,3.337472248357503,FF,foul,Swing
2018,Post-Statcast (2018 All-Star),5,2,2,-0.11626511865127342,2.836759097366621,ST,foul,Swing
2018,Post-Statcast (2018 All-Star),9,3,1,0.450030042640194,1.9623910930736048,ST,called_strike,Take (Called Strike)
2018,Post-Statcast (2018 All-Star),4,1,2,-0.5560650187844365,2.8260053588452294,SI,hit_into_play,Swing
2018,Post-Statcast (2018 All-Star),1,1,3,-0.5430142117653687,3.000466196328026,SI,hit_into_play,Swing
2018,Post-Statcast (2018 All-Star),9,3,1,0.6024087978238242,1.6045378722726782,ST,ball,Take (Called Strike)
2018,Post-Statcast (2018 All-Star),5,2,2,-0.16019425170589274,2.340548243347305,FF,called_strike,Take (Called Strike)
2018,Post-Statcast (2018 All-Star),2,2,3,0.06326790086405776,3.4520919716175644,CH,hit_into_play,Swing
2018,Post-Statcast (2018 All-Star),5,2,2,-0.17742556548790067,2.54372170681539,FF,foul_tip,Swing
2018,Post-Statcast (2018 All-Star),7,1,1,-0.3914611606286873,1.696120279369437,SL,foul,Swing
2018,Post-Statcast (2018 All-Star),2,2,3,0.2588117492134939,3.600143747049685,FF,ball,Take (Called Strike)
2018,Post-Statcast (2018 All-Star),7,1,1,-0.5373458577570915,1.9714966550814872,SI,foul,Swing
2018,Post-Statcast (2018 All-Star),6,3,2,0.4383245856988057,2.3336490573247852,SL,hit_into_play,Swing
2018,Post-Statcast (2018 All-Star),1,1,3,-0.7489523000522915,3.137294728510616,SI,hit_into_play,Swing
2018,Post-Statcast (2018 All-Star),6,3,2,0.6401426539713175,2.81877253385941,SL,foul,Swing
2018,Post-Statcast (2018 All-Star),5,2,2,-0.1768651513589613,2.6613337771896477,FF,hit_into_play,Swing
2018,Post-Statcast (2018 All-Star),8,2,1,0.0887780086437957,2.327862590797097,FF,called_strike,Take (Called Strike)
2018,Post-Statcast (2018 All-Star),3,3,3,0.3433651027165394,3.180381650152426,SI,called_strike,Take (Called Strike)
2018,Post-Statcast (2018 All-Star),7,1,1,-0.5066591427625398,1.9207260458688336,CH,hit_into_play,Swing
2018,Post-Statcast (2018 All-Star),5,2,2,0.00890127168521554,2.79727073151094,FF,foul,Swing
2018,Post-Statcast (2018 All-Star),7,1,1,-0.536927625988814,1.977676867481412,SL,hit_into_play,Swing
2018,Post-Statcast (2018 All-Star),5,2,2,0.22682587291915135,2.307374366483917,CU,hit_into_play,Swing
2018,Post-Statcast (2018 All-Star),5,2,2,-0.11457632500930603,2.2507826303519036,FC,hit_into_play,Swing
2018,Post-Statcast (2018 All-Star),2,2,3,-0.07351216815608408,2.9332819205060687,FC,foul,Swing
2018,Post-Statcast (2018 All-Star),5,2,2,-0.03030964731969782,2.397267794711231,FC,foul,Swing
2018,Post-Statcast (2018 All-Star),7,1,1,-0.553220569235552,1.8659404721862651,FC,foul,Swing
2018,Post-Statcast (2018 All-Star),9,3,1,0.5741948997493518,1.8325731441667727,FF,called_strike,Take (Called Strike)
2018,Post-Statcast (2018 All-Star),8,2,1,0.10087561365986696,1.575049226185955,SI,ball,Take (Called Strike)
2018,Post-Statcast (2018 All-Star),4,1,2,-0.6534793091294698,2.550902242438616,FC,foul,Swing
2018,Post-Statcast (2018 All-Star),1,1,3,-0.4031254059111804,2.9577662067832797,FF,foul,Swing
2018,Post-Statcast (2018 All-Star),8,2,1,-0.2639963275759267,1.75713811562681,SI,foul_tip,Swing
2018,Post-Statcast (2018 All-Star),3,3,3,0.614338434218625,3.4731988270744845,SL,called_strike,Take (Called Strike)
2018,Post-Statcast (2018 All-Star),9,3,1,0.4124388146130904,1.982838094363519,SL,called_strike,Take (Called Strike)
2018,Post-Statcast (2018 All-Star),4,1,2,-0.4803960150277269,2.6843188284893844,SL,foul,Swing
2018,Post-Statcast (2018 All-Star),8,2,1,-0.1206688546004604,1.9415003156931805,ST,hit_into_play,Swing
2018,Post-Statcast (2018 All-Star),7,1,1,-0.7789712363689045,1.9319149003677725,SI,swinging_strike,Swing
2018,Post-Statcast (2018 All-Star),3,3,3,0.6448255691149882,3.2287604055655272,FF,hit_into_play,Swing
2018,Post-Statcast (2018 All-Star),1,1,3,-0.283620995635215,3.032604934700294,CU,hit_into_play,Swing
2018,Post-Statcast (2018 All-Star),9,3,1,0.6493183615970937,1.974656639771639,CH,called_strike,Take (Called Strike)
2018,Post-Statcast (2018 All-Star),4,1,2,-0.5789718923858787,3.0572603559779155,ST,called_strike,Take (Called Strike)
2018,Post-Statcast (2018 All-Star),8,2,1,0.2672744914370355,1.386080474628284,SI,foul,Swing
2018,Post-Statcast (2018 All-Star),9,3,1,0.32305860558741384,1.8624313933708043,CU,swinging_strike,Swing
2018,Post-Statcast (2018 All-Star),2,2,3,-0.20217593737154552,3.324269677615816,CU,called_strike,Take (Called Strike)
2018,Post-Statcast (2018 All-Star),5,2,2,-0.1069292770250937,2.635495837276611,FF,called_strike,Take (Called Strike)
2018,Post-Statcast (2018 All-Star),2,2,3,0.13824802662771413,3.1847853773273727,FF,hit_into_play,Swing
2018,Post-Statcast (2018 All-Star),2,2,3,0.01289631478707697,3.1121615715158217,CH,hit_into_play,Swing
2018,Post-Statcast (2018 All-Star),6,3,2,0.486495579776184,2.7062264848348585,FC,hit_into_play,Swing
2018,Post-Statcast (2018 All-Star),5,2,2,0.18982094720050868,2.7823008854357743,FC,foul,Swing
2018,Post-Statcast (2018 All-Star),1,1,3,-0.43909563058257656,3.27724244518957,FF,foul,Swing
2018,Post-Statcast (2018 All-Star),5,2,2,0.00184685637181844,2.696328825205114,FC,foul,Swing
2018,Post-Statcast (2018 All-Star),5,2,2,-0.01527895406833135,2.210722218323097,CH,hit_into_play,Swing
2018,Post-Statcast (2018 All-Star),8,2,1,0.08241064087730487,2.071516176629242,CH,foul,Swing
2018,Post-Statcast (2018 All-Star),5,2,2,0.08717231926962077,2.52235356135628,CH,hit_into_play,Swing
2018,Post-Statcast (2018 All-Star),4,1,2,-0.2924911499306808,2.2788010354355843,SI,foul,Swing
2018,Post-Statcast (2018 All-Star),7,1,1,-0.28255670495894303,1.6085826113218302,SI,called_strike,Take (Called Strike)
2018,Post-Statcast (2018 All-Star),2,2,3,0.16757798626960452,3.645503731159359,FF,foul,Swing
2018,Post-Statcast (2018 All-Star),5,2,2,-0.24031436956371977,2.8559092923113356,CH,foul,Swing
2018,Post-Statcast (2018 All-Star),6,3,2,0.6188060014833212,2.621028193776358,FF,foul,Swing
2018,Post-Statcast (2018 All-Star),4,1,2,-0.6250876826869014,2.445153515070729,CH,foul,Swing
2018,Post-Statcast (2018 All-Star),6,3,2,0.5268071309034055,2.7121662475609702,SL,swinging_strike,Swing
2018,Post-Statcast (2018 All-Star),1,1,3,-0.37529740456743055,3.865156507536025,FF,ball,Take (Called Strike)
2018,Post-Statcast (2018 All-Star),9,3,1,0.31288336249709037,1.721665464185174,CH,foul,Swing
2018,Post-Statcast (2018 All-Star),5,2,2,-0.2049019848693906,2.747416469896652,FF,foul,Swing
2018,Post-Statcast (2018 All-Star),5,2,2,0.23073155420875255,2.3418555230129865,FF,swinging_strike,Swing
2018,Post-Statcast (2018 All-Star),8,2,1,-0.1023998559991861,1.7666396822889086,FF,hit_into_play,Swing
2018,Post-Statcast (2018 All-Star),4,1,2,-0.29785662378424554,2.8114900264379212,SL,foul,Swing
2018,Post-Statcast (2018 All-Star),2,2,3,0.2440105117369192,3.0149502446653154,FF,swinging_strike,Swing
2018,Post-Statcast (2018 All-Star),2,2,3,-0.05948899317102296,3.023597479593303,CH,hit_into_play,Swing
2018,Post-Statcast (2018 All-Star),6,3,2,0.49218955224332617,2.3506240045708973,FF,swinging_strike,Swing
2018,Post-Statcast (2018 All-Star),1,1,3,-0.462722655404502,3.103951438113021,CU,called_strike,Take (Called Strike)
2018,Post-Statcast (2018 All-Star),2,2,3,-0.24462355477363107,3.035457591224366,SL,swinging_strike,Swing
2018,Post-Statcast (2018 All-Star),4,1,2,-0.35841270057844377,2.376259802697242,FF,swinging_strike,Swing
2018,Post-Statcast (2018 All-Star),2,2,3,-0.00657795845498221,3.057903937630998,FF,foul_tip,Swing
2018,Post-Statcast (2018 All-Star),6,3,2,0.4243045691037632,2.3536310578919055,CU,foul,Swing
2018,Post-Statcast (2018 All-Star),3,3,3,0.32943086705861807,3.230883494649648,CU,foul,Swing
2018,Post-Statcast (2018 All-Star),6,3,2,0.5293350471162668,2.473094516391957,FF,swinging_strike,Swing
2018,Post-Statcast (2018 All-Star),8,2,1,-0.110105369605549,1.999124352085788,SL,foul,Swing
2018,Post-Statcast (2018 All-Star),9,3,1,0.752890313049345,1.633746960049907,SL,swinging_strike,Swing
2018,Post-Statcast (2018 All-Star),6,3,2,0.41949602992941537,2.2045140192914667,FF,swinging_strike,Swing
2018,Post-Statcast (2018 All-Star),9,3,1,0.46206540008527475,2.0599833227434043,CH,hit_into_play,Swing
2018,Post-Statcast (2018 All-Star),7,1,1,-0.38983213722956966,2.0597745933023655,SI,foul,Swing
2018,Post-Statcast (2018 All-Star),3,3,3,0.3233911464004229,3.0888154196800204,SI,foul_tip,Swing
2018,Post-Statcast (2018 All-Star),5,2,2,-0.0895343791361003,2.331814873046531,SI,foul,Swing
2018,Post-Statcast (2018 All-Star),5,2,2,0.21541155313087024,2.928227256946476,SI,swinging_strike,Swing
2018,Post-Statcast (2018 All-Star),7,1,1,-0.431315451159197,1.9214458415464,SI,swinging_strike,Swing
2018,Post-Statcast (2018 All-Star),6,3,2,0.7983483635590181,2.5003462168423094,CH,called_strike,Take (Called Strike)
2018,Post-Statcast (2018 All-Star),6,3,2,0.4562530490036705,2.3965676948478736,FF,foul,Swing
2018,Post-Statcast (2018 All-Star),8,2,1,0.11944953398872082,1.536746738524274,SL,foul,Swing
2018,Post-Statcast (2018 All-Star),6,3,2,0.7686275373481979,2.46452708590489,FF,called_strike,Take (Called Strike)
2018,Post-Statcast (2018 All-Star),5,2,2,-0.05898120628121497,2.647960443796508,SL,swinging_strike,Swing
2018,Post-Statcast (2018 All-Star),9,3,1,0.3309700533899391,2.085084276865368,FS,hit_into_play,Swing
2018,Post-Statcast (2018 All-Star),7,1,1,-0.6992045242352927,2.1567284406425955,CH,foul,Swing
2018,Post-Statcast (2018 All-Star),2,2,3,-0.21999941017137023,3.4244067620897978,FF,hit_into_play,Swing
2018,Post-Statcast (2018 All-Star),5,2,2,0.16612126939016458,2.9369265429304177,FF,called_strike,Take (Called Strike)
2018,Post-Statcast (2018 All-Star),8,2,1,0.00722083596883799,1.7984519161546464,SL,hit_into_play,Swing
2018,Post-Statcast (2018 All-Star),9,3,1,0.38201793551831686,1.887424252463691,CU,foul,Swing
2018,Post-Statcast (2018 All-Star),1,1,3,-0.3700609672957854,3.651356109952967,FF,swinging_strike,Swing
2018,Post-Statcast (2018 All-Star),7,1,1,-0.3102764028326742,1.865819830255176,CU,hit_into_play,Swing
2018,Post-Statcast (2018 All-Star),8,2,1,-0.1024433381445995,1.540820342071175,CU,swinging_strike,Swing
2018,Post-Statcast (2018 All-Star),8,2,1,-0.04401523462776624,1.9506545075373785,CU,swinging_strike,Swing
2018,Post-Statcast (2018 All-Star),5,2,2,0.04077600050908626,2.8360824941224285,FF,foul,Swing
2018,Post-Statcast (2018 All-Star),9,3,1,0.5404371562368244,1.9243578484004793,SL,foul,Swing
2018,Post-Statcast (2018 All-Star),3,3,3,0.42419789621789206,3.220208404718814,FF,foul,Swing
2018,Post-Statcast (2018 All-Star),8,2,1,0.19048420278806075,2.019143702970013,FF,called_strike,Take (Called Strike)
2018,Post-Statcast (2018 All-Star),8,2,1,-0.2657110326509168,2.128474596906153,FF,foul,Swing
2018,Post-Statcast (2018 All-Star),6,3,2,0.7863758554011162,2.557270714598741,ST,called_strike,Take (Called Strike)
2018,Post-Statcast (2018 All-Star),5,2,2,0.2114458052172703,2.83187600825712,FF,hit_into_play,Swing
2018,Post-Statcast (2018 All-Star),4,1,2,-0.5421733719094072,2.6662813690221108,FF,foul,Swing
2018,Post-Statcast (2018 All-Star),1,1,3,-0.28367173656742595,3.098312005976258,FF,swinging_strike,Swing
2018,Post-Statcast (2018 All-Star),4,1,2,-0.3595036619384997,2.6866530852321304,SI,foul,Swing
2018,Post-Statcast (2018 All-Star),6,3,2,0.370915432939617,2.0961722421099047,SI,foul,Swing
2018,Post-Statcast (2018 All-Star),5,2,2,0.06409984938888658,2.482250400128187,FC,swinging_strike,Swing
2018,Post-Statcast (2018 All-Star),8,2,1,0.2157481387200823,1.3439294470475305,SL,swinging_strike,Swing
2018,Post-Statcast (2018 All-Star),4,1,2,-0.3595461781202618,2.4835239006765057,FF,foul,Swing
2018,Post-Statcast (2018 All-Star),4,1,2,-0.3331879732484502,2.4310487036351875,FF,foul,Swing
2018,Post-Statcast (2018 All-Star),5,2,2,0.1964029120139847,2.824743429847409,KC,hit_into_play,Swing
2018,Post-Statcast (2018 All-Star),8,2,1,-0.21490350819592496,1.760523798049329,SI,hit_into_play,Swing
2018,Post-Statcast (2018 All-Star),3,3,3,0.2874612121777449,3.480933009179237,SI,hit_into_play,Swing
2018,Post-Statcast (2018 All-Star),3,3,3,0.5475872154433299,3.3775968038401425,SI,called_strike,Take (Called Strike)
2018,Post-Statcast (2018 All-Star),4,1,2,-0.5907626413535354,2.3907839716824437,SI,hit_into_play,Swing
2018,Post-Statcast (2018 All-Star),9,3,1,0.6902344830726227,2.0086113101498935,SL,foul,Swing
2018,Post-Statcast (2018 All-Star),4,1,2,-0.4162367456783892,2.977890364101726,FF,hit_into_play,Swing
2018,Post-Statcast (2018 All-Star),4,1,2,-0.6416993029699444,2.622189330162289,SL,called_strike,Take (Called Strike)
2018,Post-Statcast (2018 All-Star),9,3,1,0.5670949354431658,1.5083906635088788,SL,swinging_strike,Swing
2018,Post-Statcast (2018 All-Star),4,1,2,-0.5468283719629821,2.6368084935961695,FF,hit_into_play,Swing
2018,Post-Statcast (2018 All-Star),1,1,3,-0.7320120121668602,3.066990918717936,FF,hit_into_play,Swing
2018,Post-Statcast (2018 All-Star),3,3,3,0.29091124366764104,3.863334057032416,FF,ball,Take (Called Strike)
2018,Post-Statcast (2018 All-Star),4,1,2,-0.35694076962458965,2.3168326114242705,SI,hit_into_play,Swing
2018,Post-Statcast (2018 All-Star),4,1,2,-0.8135771294362772,2.8146830020915345,SL,hit_into_play,Swing
2018,Post-Statcast (2018 All-Star),8,2,1,0.195174259949998,1.7027025107814395,KC,foul,Swing
2018,Post-Statcast (2018 All-Star),9,3,1,0.4027621998254871,1.3897188603607935,SI,hit_into_play,Swing
2018,Post-Statcast (2018 All-Star),9,3,1,0.5807719063942338,2.237258385419828,SL,called_strike,Take (Called Strike)
2018,Post-Statcast (2018 All-Star),3,3,3,0.39215481153153386,3.024647695340524,CU,foul,Swing
2018,Post-Statcast (2018 All-Star),9,3,1,0.45002955355294794,2.012331086766528,CU,swinging_strike,Swing
2018,Post-Statcast (2018 All-Star),7,1,1,-0.5978443273501192,1.9120205827621344,CU,foul,Swing
2018,Post-Statcast (2018 All-Star),8,2,1,0.06304174604192936,1.878924068749824,FF,hit_into_play,Swing
2018,Post-Statcast (2018 All-Star),9,3,1,0.723085109929891,2.295876542721798,FF,called_strike,Take (Called Strike)
2018,Post-Statcast (2018 All-Star),4,1,2,-0.5558520337698336,2.3174891462681657,SI,hit_into_play,Swing
2018,Post-Statcast (2018 All-Star),6,3,2,0.5045861463252712,2.8158289922675053,FF,foul,Swing
2018,Post-Statcast (2018 All-Star),6,3,2,0.4986806761612176,2.9884635163240847,CU,called_strike,Take (Called Strike)
2018,Post-Statcast (2018 All-Star),8,2,1,0.12644930491782946,2.006046130386969,SI,hit_into_play,Swing
2018,Post-Statcast (2018 All-Star),5,2,2,-0.00958025295240139,2.1462823736808287,FS,swinging_strike,Swing
2018,Post-Statcast (2018 All-Star),6,3,2,0.6166998657701906,2.1097628395641315,SL,hit_into_play,Swing
2018,Post-Statcast (2018 All-Star),9,3,1,0.7632552472630235,1.5196641200384864,SL,called_strike,Take (Called Strike)
2018,Post-Statcast (2018 All-Star),9,3,1,0.8035591542953705,1.9053526092208524,FC,called_strike,Take (Called Strike)
2018,Post-Statcast (2018 All-Star),1,1,3,-0.3099600022635782,3.2616527292551485,FF,hit_into_play,Swing
2018,Post-Statcast (2018 All-Star),9,3,1,0.37893309221912186,1.407470495517121,CH,swinging_strike,Swing
2018,Post-Statcast (2018 All-Star),2,2,3,-0.2317033641651056,3.075543998392721,FF,foul,Swing
2018,Post-Statcast (2018 All-Star),6,3,2,0.45450836056045407,2.4011005822147675,FF,hit_into_play,Swing
2018,Post-Statcast (2018 All-Star),9,3,1,0.7839263243346245,2.0815465355801934,SL,swinging_strike,Swing
2018,Post-Statcast (2018 All-Star),8,2,1,-0.04539717841886614,2.1363993670062893,CH,swinging_strike,Swing
2018,Post-Statcast (2018 All-Star),9,3,1,0.8128968790731722,1.8038858757443972,FS,foul,Swing
2018,Post-Statcast (2018 All-Star),8,2,1,0.20913051546653297,1.80279943605196,FF,called_strike,Take (Called Strike)
2018,Post-Statcast (2018 All-Star),2,2,3,0.04206420539447308,3.616252308118275,FF,hit_into_play,Swing
2018,Post-Statcast (2018 All-Star),8,2,1,0.1278330566529926,1.615795950416919,CH,foul,Swing
2018,Post-Statcast (2018 All-Star),5,2,2,-0.1759081867229324,2.6280268219826213,CH,swinging_strike,Swing
2018,Post-Statcast (2018 All-Star),6,3,2,0.4178918584869782,2.8352634233058605,CH,called_strike,Take (Called Strike)
2018,Post-Statcast (2018 All-Star),6,3,2,0.6297002317980657,2.4935104049074344,FF,foul,Swing
2018,Post-Statcast (2018 All-Star),6,3,2,0.39924729979161394,2.8094097085295453,FF,swinging_strike,Swing
2018,Post-Statcast (2018 All-Star),2,2,3,-0.2744793692905495,3.2677787165141217,FC,swinging_strike,Swing
2018,Post-Statcast (2018 All-Star),8,2,1,-0.11826467130325136,1.6007830543311847,CH,foul,Swing
2018,Post-Statcast (2018 All-Star),8,2,1,-0.1562809599712771,2.0045894458647155,CH,hit_into_play,Swing
2018,Post-Statcast (2018 All-Star),2,2,3,-0.08026602622715573,3.424360220221905,FF,called_strike,Take (Called Strike)
2018,Post-Statcast (2018 All-Star),6,3,2,0.5505116167879817,2.161515202456956,SL,hit_into_play,Swing
2018,Post-Statcast (2018 All-Star),3,3,3,0.586489243533003,3.5399686456301516,FF,foul,Swing
2018,Post-Statcast (2018 All-Star),8,2,1,-0.2254739250722947,1.948438531499049,CH,foul,Swing
2018,Post-Statcast (2018 All-Star),2,2,3,-0.2356968338377816,2.9166902717636174,SL,foul,Swing
2018,Post-Statcast (2018 All-Star),3,3,3,0.36033057798782225,3.3953695051076136,CH,foul,Swing
2018,Post-Statcast (2018 All-Star),5,2,2,0.1956460587345955,2.0824498000039515,FF,foul,Swing
2018,Post-Statcast (2018 All-Star),5,2,2,-0.04430359482917129,2.623209451270456,FF,foul,Swing
2018,Post-Statcast (2018 All-Star),5,2,2,-0.17481261414317578,2.8446951149573185,FF,foul,Swing
2018,Post-Statcast (2018 All-Star),6,3,2,0.818434375797189,2.405331825417158,FF,foul,Swing
2018,Post-Statcast (2018 All-Star),5,2,2,0.05649712702770744,2.384250175498905,SL,foul,Swing
2018,Post-Statcast (2018 All-Star),5,2,2,-0.1116536526598666,2.5982230470890277,FS,hit_into_play,Swing
2018,Post-Statcast (2018 All-Star),5,2,2,-0.1713403856124777,2.418380376676464,FF,foul,Swing
2018,Post-Statcast (2018 All-Star),9,3,1,0.5794338497886865,1.926490140434027,FF,swinging_strike,Swing
2018,Post-Statcast (2018 All-Star),7,1,1,-0.7226973402677404,1.4943197890822617,SI,foul,Swing
2018,Post-Statcast (2018 All-Star),4,1,2,-0.3980063507030246,2.3705167364402975,SL,foul,Swing
2018,Post-Statcast (2018 All-Star),8,2,1,-0.1905851057090342,1.413344194326092,FS,foul,Swing
2018,Post-Statcast (2018 All-Star),3,3,3,0.7830401255147075,3.207853528574544,FF,called_strike,Take (Called Strike)
2018,Post-Statcast (2018 All-Star),5,2,2,0.06759597620114743,2.6046036923431095,SL,hit_into_play,Swing
2018,Post-Statcast (2018 All-Star),3,3,3,0.3383220384646144,3.337028537604728,FF,foul,Swing
2018,Post-Statcast (2018 All-Star),3,3,3,0.732864861642701,3.5898745397267913,FF,ball,Take (Called Strike)
2018,Post-Statcast (2018 All-Star),5,2,2,-0.16227916747887472,2.3292650414741187,FC,hit_into_play,Swing
2018,Post-Statcast (2018 All-Star),9,3,1,0.410568472835396,1.7737802922969537,SL,foul,Swing
2018,Post-Statcast (2018 All-Star),8,2,1,8.5084312507067e-4,1.4598663863585286,FC,foul,Swing
2018,Post-Statcast (2018 All-Star),6,3,2,0.531720911122034,2.4818434978553694,SL,hit_into_play,Swing
2018,Post-Statcast (2018 All-Star),4,1,2,-0.56462952337432,2.5127918090122456,SL,hit_into_play,Swing
2018,Post-Statcast (2018 All-Star),8,2,1,-0.2086211054794812,2.286981170760607,SL,hit_into_play,Swing
2018,Post-Statcast (2018 All-Star),1,1,3,-0.3961434732581124,3.350459252883174,SI,foul,Swing
2018,Post-Statcast (2018 All-Star),9,3,1,0.5769335641201626,2.2101914983058517,FF,swinging_strike,Swing
2018,Post-Statcast (2018 All-Star),1,1,3,-0.7761180787777153,3.4410487333331465,FF,foul,Swing
2018,Post-Statcast (2018 All-Star),6,3,2,0.5927025416078824,2.70919833994314,SI,hit_into_play,Swing
2018,Post-Statcast (2018 All-Star),3,3,3,0.7463060461409565,3.552327037654112,FF,ball,Take (Called Strike)
2018,Post-Statcast (2018 All-Star),9,3,1,0.6419582916493562,1.7072121875154518,SL,hit_into_play,Swing
2018,Post-Statcast (2018 All-Star),7,1,1,-0.6096931578900462,2.010309109458935,FS,hit_into_play,Swing
2018,Post-Statcast (2018 All-Star),4,1,2,-0.28753402396933925,2.7110405694885986,FF,foul,Swing
2018,Post-Statcast (2018 All-Star),7,1,1,-0.42310267915598176,1.6269795282148145,SL,foul,Swing
2018,Post-Statcast (2018 All-Star),5,2,2,0.12373157899532128,2.971243065168207,FF,called_strike,Take (Called Strike)
2018,Post-Statcast (2018 All-Star),7,1,1,-0.6957371702289301,2.2658837967322674,SL,called_strike,Take (Called Strike)
2018,Post-Statcast (2018 All-Star),9,3,1,0.426590231532864,1.7709114511959676,SL,foul,Swing
2018,Post-Statcast (2018 All-Star),9,3,1,0.3944284839366511,1.9493904602939387,SL,swinging_strike,Swing
2018,Post-Statcast (2018 All-Star),4,1,2,-0.5341658514005077,2.376709809935679,SL,hit_into_play,Swing
2018,Post-Statcast (2018 All-Star),9,3,1,0.7792514557044915,1.9807907492904655,SL,swinging_strike,Swing
2018,Post-Statcast (2018 All-Star),8,2,1,-0.0730093379602827,1.857441206276233,FF,called_strike,Take (Called Strike)
2018,Post-Statcast (2018 All-Star),3,3,3,0.34124361952235455,3.088497539913599,SL,foul,Swing
2018,Post-Statcast (2018 All-Star),5,2,2,2.5184881561791e-4,2.3720921404806945,FF,foul,Swing
2018,Post-Statcast (2018 All-Star),4,1,2,-0.4836331546927424,2.690661141246814,FC,hit_into_play,Swing
2018,Post-Statcast (2018 All-Star),5,2,2,0.05627929554989991,2.9336769936926563,FC,swinging_strike,Swing
2018,Post-Statcast (2018 All-Star),6,3,2,0.2764995232903276,2.467878462619495,ST,called_strike,Take (Called Strike)
2018,Post-Statcast (2018 All-Star),2,2,3,-0.23691382436892833,3.1347927725209237,SL,hit_into_play,Swing
2018,Post-Statcast (2018 All-Star),7,1,1,-0.72629594954993415,1.9795029178919712,SL,foul,Swing
2018,Post-Statcast (2018 All-Star),9,3,1,0.6106704678383847,2.22160862582594,FF,hit_into_play,Swing
2018,Post-Statcast (2018 All-Star),5,2,2,-0.08551397936966199,2.3074595300355116,FF,hit_into_play,Swing
2018,Post-Statcast (2018 All-Star),7,1,1,-0.27836431270935275,1.7372735757128337,SL,called_strike,Take (Called Strike)
2018,Post-Statcast (2018 All-Star),6,3,2,0.5840019471928077,2.6668209560083325,FF,called_strike,Take (Called Strike)
2018,Post-Statcast (2018 All-Star),8,2,1,0.1323291381509376,1.603092126519436,CH,hit_into_play,Swing
2018,Post-Statcast (2018 All-Star),6,3,2,0.8123057600280799,2.25964712627268,FF,hit_into_play,Swing
2018,Post-Statcast (2018 All-Star),8,2,1,0.23290410374180043,1.9305834874737595,CH,foul,Swing
2018,Post-Statcast (2018 All-Star),3,3,3,0.7483262626002126,3.1480008118522296,FF,called_strike,Take (Called Strike)
2018,Post-Statcast (2018 All-Star),8,2,1,-0.14219878758175275,1.9332956003068624,ST,foul,Swing
2018,Post-Statcast (2018 All-Star),6,3,2,0.45903497507281377,2.6248593453771885,ST,foul,Swing
2018,Post-Statcast (2018 All-Star),4,1,2,-0.7400744450573644,2.711462130437652,ST,foul,Swing
2018,Post-Statcast (2018 All-Star),1,1,3,-0.5395968397525976,3.6373283374082295,ST,ball,Take (Called Strike)
2018,Post-Statcast (2018 All-Star),2,2,3,-0.10618327730992472,3.037323993970579,FF,foul,Swing
2018,Post-Statcast (2018 All-Star),8,2,1,0.17551357147104174,1.761025802250885,FF,called_strike,Take (Called Strike)
2018,Post-Statcast (2018 All-Star),1,1,3,-0.5163249892389787,3.3974957782180977,SL,foul,Swing
2018,Post-Statcast (2018 All-Star),6,3,2,0.451847941261893,2.891599492414268,FF,swinging_strike,Swing
2018,Post-Statcast (2018 All-Star),9,3,1,0.6948654588512331,1.9022623866624833,SL,swinging_strike,Swing
2018,Post-Statcast (2018 All-Star),1,1,3,-0.5197987596457639,3.680733195996822,SL,swinging_strike,Swing
2018,Post-Statcast (2018 All-Star),3,3,3,0.4532947509083025,3.1593468894812204,FF,swinging_strike,Swing
2018,Post-Statcast (2018 All-Star),2,2,3,0.0755751287362014,3.533065291261787,FF,called_strike,Take (Called Strike)
2018,Post-Statcast (2018 All-Star),9,3,1,0.5628309318583711,2.096633411644542,CU,hit_into_play,Swing
2018,Post-Statcast (2018 All-Star),5,2,2,0.2461272411114263,2.8204900366302237,FF,swinging_strike,Swing
2018,Post-Statcast (2018 All-Star),5,2,2,0.18943256945689335,2.497140034112338,SL,swinging_strike,Swing
2018,Post-Statcast (2018 All-Star),1,1,3,-0.5843756509851198,3.1119711393473417,FF,foul,Swing
2018,Post-Statcast (2018 All-Star),8,2,1,0.1094179934044232,1.7667720966026912,SL,swinging_strike,Swing
