year,era,zone,x,y,plate_x,plate_z,pitch_type,description,outcome
2014,Pre-Statcast (2014 MVP Runner-Up),4,1,2,-0.8071420319429291,2.4618948069378517,CH,hit_into_play,Contact / Foul
2014,Pre-Statcast (2014 MVP Runner-Up),5,2,2,-0.23926659394128127,2.5704107166892056,FC,hit_into_play,Contact / Foul
2014,Pre-Statcast (2014 MVP Runner-Up),9,3,1,0.6084589791158119,2.2996682823320516,SL,hit_into_play,Contact / Foul
2014,Pre-Statcast (2014 MVP Runner-Up),6,3,2,0.6064097615739344,2.466662930130206,SL,foul,Contact / Foul
2014,Pre-Statcast (2014 MVP Runner-Up),1,1,3,-0.77544290455028,3.476870566573017,FF,foul,Contact / Foul
2014,Pre-Statcast (2014 MVP Runner-Up),5,2,2,0.12908313647459202,2.7790730917283666,FF,foul,Contact / Foul
2014,Pre-Statcast (2014 MVP Runner-Up),6,3,2,0.5293197753522793,2.4380305224557564,FF,hit_into_play,Contact / Foul
2014,Pre-Statcast (2014 MVP Runner-Up),2,2,3,0.14860566059764957,3.1499734355213036,FF,swinging_strike,Whiff (Miss)
2014,Pre-Statcast (2014 MVP Runner-Up),8,2,1,0.03843353710569497,2.149117019532256,SI,foul,Contact / Foul
2014,Pre-Statcast (2014 MVP Runner-Up),3,3,3,0.33228392486977687,3.4078585525486846,SL,hit_into_play,Contact / Foul
2014,Pre-Statcast (2014 MVP Runner-Up),1,1,3,-0.6937850548392531,3.631569861199165,FF,swinging_strike,Whiff (Miss)
2014,Pre-Statcast (2014 MVP Runner-Up),8,2,1,-0.08933705247864654,1.893021337585466,CH,swinging_strike,Whiff (Miss)
2014,Pre-Statcast (2014 MVP Runner-Up),4,1,2,-0.7407763078770796,2.409071843447778,FF,hit_into_play,Contact / Foul
2014,Pre-Statcast (2014 MVP Runner-Up),8,2,1,0.23895145658686773,2.3381998000597015,SL,hit_into_play,Contact / Foul
2014,Pre-Statcast (2014 MVP Runner-Up),8,2,1,0.04163407475614961,2.360171671756082,SL,foul,Contact / Foul
2014,Pre-Statcast (2014 MVP Runner-Up),2,2,3,-0.26702388829722024,3.937806190924034,FF,foul,Contact / Foul
2014,Pre-Statcast (2014 MVP Runner-Up),8,2,1,0.08244597117104141,1.7057753245993577,SL,swinging_strike,Whiff (Miss)
2014,Pre-Statcast (2014 MVP Runner-Up),2,2,3,0.08170675085729129,3.2739655003210624,FF,foul,Contact / Foul
2014,Pre-Statcast (2014 MVP Runner-Up),6,3,2,0.6065065595066658,2.9287176535457133,FF,foul,Contact / Foul
2014,Pre-Statcast (2014 MVP Runner-Up),6,3,2,0.6702924286607888,2.9810690667803748,SI,hit_into_play,Contact / Foul
2014,Pre-Statcast (2014 MVP Runner-Up),7,1,1,-0.4588456383398246,1.754776216760798,KC,hit_into_play,Contact / Foul
2014,Pre-Statcast (2014 MVP Runner-Up),6,3,2,0.392051012914338,2.4308084500955243,SI,foul,Contact / Foul
2014,Pre-Statcast (2014 MVP Runner-Up),2,2,3,0.16294920822877912,3.226970899495474,FF,hit_into_play,Contact / Foul
2014,Pre-Statcast (2014 MVP Runner-Up),5,2,2,0.21760164219859313,2.8726607867723635,SI,hit_into_play,Contact / Foul
2014,Pre-Statcast (2014 MVP Runner-Up),6,3,2,0.3843725060828051,2.541626984668658,FF,foul,Contact / Foul
2014,Pre-Statcast (2014 MVP Runner-Up),6,3,2,0.7995340209095516,3.006359548882677,SI,foul,Contact / Foul
2014,Pre-Statcast (2014 MVP Runner-Up),6,3,2,0.7728415863752799,2.416992959381584,SL,hit_into_play,Contact / Foul
2014,Pre-Statcast (2014 MVP Runner-Up),6,3,2,0.5579425692937701,2.8656019200496385,SL,foul,Contact / Foul
2014,Pre-Statcast (2014 MVP Runner-Up),8,2,1,-0.2658197532846571,2.2194633980932017,CH,hit_into_play,Contact / Foul
2014,Pre-Statcast (2014 MVP Runner-Up),9,3,1,0.5151024740209438,2.305541506460502,FF,foul,Contact / Foul
2014,Pre-Statcast (2014 MVP Runner-Up),9,3,1,0.7547535913252019,1.9056704833335243,CH,hit_into_play,Contact / Foul
2014,Pre-Statcast (2014 MVP Runner-Up),5,2,2,-0.2415451224283746,2.5557073538688853,FF,foul_tip,Contact / Foul
2014,Pre-Statcast (2014 MVP Runner-Up),5,2,2,0.20404713151379833,2.715155699664972,FF,swinging_strike,Whiff (Miss)
2014,Pre-Statcast (2014 MVP Runner-Up),9,3,1,0.5877005464399655,2.007693454361224,SI,foul,Contact / Foul
2014,Pre-Statcast (2014 MVP Runner-Up),7,1,1,-0.48446497271309663,2.5985701738465967,FF,foul,Contact / Foul
2014,Pre-Statcast (2014 MVP Runner-Up),9,3,1,0.5138018203423915,2.0686641952677483,CU,hit_into_play,Contact / Foul
2014,Pre-Statcast (2014 MVP Runner-Up),9,3,1,0.5487598075091725,2.1769576640005237,FF,hit_into_play,Contact / Foul
2014,Pre-Statcast (2014 MVP Runner-Up),9,3,1,0.7432411405327739,2.3270763677979165,FC,hit_into_play,Contact / Foul
2014,Pre-Statcast (2014 MVP Runner-Up),6,3,2,0.7249523589442612,3.149821411066652,SI,foul,Contact / Foul
2014,Pre-Statcast (2014 MVP Runner-Up),7,1,1,-0.6659313737642367,1.6946218957662418,FF,hit_into_play,Contact / Foul
2014,Pre-Statcast (2014 MVP Runner-Up),9,3,1,0.5318583063797637,2.0527872309756536,SI,hit_into_play,Contact / Foul
2014,Pre-Statcast (2014 MVP Runner-Up),5,2,2,-0.11019246203045543,3.124701678585574,FF,hit_into_play,Contact / Foul
2014,Pre-Statcast (2014 MVP Runner-Up),4,1,2,-0.8237193275525729,2.8409333975245605,FF,hit_into_play,Contact / Foul
2014,Pre-Statcast (2014 MVP Runner-Up),6,3,2,0.4943570103792919,2.711808621375345,FF,foul,Contact / Foul
2014,Pre-Statcast (2014 MVP Runner-Up),5,2,2,-0.0191199615867724,2.556638023888894,FC,hit_into_play,Contact / Foul
2014,Pre-Statcast (2014 MVP Runner-Up),7,1,1,-0.44658929448788176,2.3502551675186325,FC,hit_into_play,Contact / Foul
2014,Pre-Statcast (2014 MVP Runner-Up),8,2,1,0.1845952838952556,2.1163464378170778,SI,hit_into_play,Contact / Foul
2014,Pre-Statcast (2014 MVP Runner-Up),4,1,2,-0.4504982808264305,2.8107292715187553,FF,foul,Contact / Foul
2014,Pre-Statcast (2014 MVP Runner-Up),8,2,1,-0.09658512992276524,2.1852553858837473,SL,hit_into_play,Contact / Foul
2014,Pre-Statcast (2014 MVP Runner-Up),8,2,1,-0.15406015009202534,2.111733991504539,FF,foul,Contact / Foul
2014,Pre-Statcast (2014 MVP Runner-Up),8,2,1,0.22999791268224645,2.1647224915093677,FF,hit_into_play,Contact / Foul
2014,Pre-Statcast (2014 MVP Runner-Up),8,2,1,0.1358445412724164,1.7467202666792452,SL,foul,Contact / Foul
2014,Pre-Statcast (2014 MVP Runner-Up),4,1,2,-0.46830532285208326,2.807070631775221,CU,foul,Contact / Foul
2014,Pre-Statcast (2014 MVP Runner-Up),7,1,1,-0.5072788540413191,2.3100290226020945,CU,foul,Contact / Foul
2014,Pre-Statcast (2014 MVP Runner-Up),6,3,2,0.5628636203199575,2.486388401158289,CU,swinging_strike,Whiff (Miss)
2014,Pre-Statcast (2014 MVP Runner-Up),7,1,1,-0.5742062998607366,2.2126602446313934,CH,swinging_strike,Whiff (Miss)
2014,Pre-Statcast (2014 MVP Runner-Up),6,3,2,0.6856099573234835,2.701672078073732,SL,hit_into_play,Contact / Foul
2014,Pre-Statcast (2014 MVP Runner-Up),8,2,1,-0.09145738364002765,1.9030335338906004,SL,swinging_strike,Whiff (Miss)
2014,Pre-Statcast (2014 MVP Runner-Up),1,1,3,-0.7061697425938731,3.5113221381679103,FF,swinging_strike,Whiff (Miss)
2014,Pre-Statcast (2014 MVP Runner-Up),1,1,3,-0.5906739313329923,3.6325036656274854,FF,foul,Contact / Foul
2014,Pre-Statcast (2014 MVP Runner-Up),2,2,3,-0.07433097665932875,3.481417966841432,SI,swinging_strike,Whiff (Miss)
2014,Pre-Statcast (2014 MVP Runner-Up),4,1,2,-0.4506491726539559,2.858853478503226,SI,foul,Contact / Foul
2014,Pre-Statcast (2014 MVP Runner-Up),9,3,1,0.4516612047362432,1.6712227269262927,CU,hit_into_play,Contact / Foul
2014,Pre-Statcast (2014 MVP Runner-Up),4,1,2,-0.3220214357873208,3.0499945094161545,SI,foul,Contact / Foul
2014,Pre-Statcast (2014 MVP Runner-Up),6,3,2,0.5167126467951162,2.9497948251162973,CH,foul,Contact / Foul
2014,Pre-Statcast (2014 MVP Runner-Up),4,1,2,-0.3719612713129191,2.7737775346621403,FF,foul,Contact / Foul
2014,Pre-Statcast (2014 MVP Runner-Up),9,3,1,0.540607291490386,1.590672387662117,CH,foul,Contact / Foul
2014,Pre-Statcast (2014 MVP Runner-Up),8,2,1,-0.04986394147389311,1.8863904341164712,CH,hit_into_play,Contact / Foul
2014,Pre-Statcast (2014 MVP Runner-Up),6,3,2,0.5784494854451185,2.75501776232524,SL,foul,Contact / Foul
2014,Pre-Statcast (2014 MVP Runner-Up),7,1,1,-0.4258322609362247,1.9048372906710984,CH,foul,Contact / Foul
2014,Pre-Statcast (2014 MVP Runner-Up),6,3,2,0.455179766436781,2.87487829607985,FF,swinging_strike,Whiff (Miss)
2014,Pre-Statcast (2014 MVP Runner-Up),5,2,2,-0.00540091828205657,2.651004144253275,CH,foul,Contact / Foul
2014,Pre-Statcast (2014 MVP Runner-Up),6,3,2,0.6687402667551633,2.6863110469375973,CH,foul_tip,Contact / Foul
2014,Pre-Statcast (2014 MVP Runner-Up),5,2,2,0.20426201157224333,3.0777135055279503,SL,foul,Contact / Foul
2014,Pre-Statcast (2014 MVP Runner-Up),5,2,2,-0.03423121087194947,2.6034815098400585,CH,swinging_strike,Whiff (Miss)
2014,Pre-Statcast (2014 MVP Runner-Up),3,3,3,0.3808674330877808,3.72974661695159,FF,foul,Contact / Foul
2014,Pre-Statcast (2014 MVP Runner-Up),4,1,2,-0.38003392450734474,2.934035134995916,FF,hit_into_play,Contact / Foul
2014,Pre-Statcast (2014 MVP Runner-Up),4,1,2,-0.3628154792152941,2.5365083737630587,SI,hit_into_play,Contact / Foul
2014,Pre-Statcast (2014 MVP Runner-Up),5,2,2,-0.23427711159141917,2.861201114807461,FF,hit_into_play,Contact / Foul
2014,Pre-Statcast (2014 MVP Runner-Up),7,1,1,-0.41524606253027896,2.1343672748915075,SL,hit_into_play,Contact / Foul
2014,Pre-Statcast (2014 MVP Runner-Up),4,1,2,-0.810974515404638,2.568452206266121,FF,foul,Contact / Foul
2014,Pre-Statcast (2014 MVP Runner-Up),2,2,3,0.1252898290619323,3.2989359171984103,FF,foul,Contact / Foul
2014,Pre-Statcast (2014 MVP Runner-Up),6,3,2,0.4277070245271781,2.7244694255464545,SL,hit_into_play,Contact / Foul
2014,Pre-Statcast (2014 MVP Runner-Up),4,1,2,-0.442935195073535,2.834237333050805,FF,foul,Contact / Foul
2014,Pre-Statcast (2014 MVP Runner-Up),6,3,2,0.4942930656701932,2.5571619419437215,SL,foul,Contact / Foul
2014,Pre-Statcast (2014 MVP Runner-Up),4,1,2,-0.7488233122400059,3.0445243782796796,SL,hit_into_play,Contact / Foul
2014,Pre-Statcast (2014 MVP Runner-Up),6,3,2,0.6352056426252081,2.931221177026055,FF,foul,Contact / Foul
2014,Pre-Statcast (2014 MVP Runner-Up),1,1,3,-0.4234441071072253,3.376687353795345,ST,foul,Contact / Foul
2014,Pre-Statcast (2014 MVP Runner-Up),5,2,2,-0.24055993329624537,2.481908325292041,CU,foul,Contact / Foul
2014,Pre-Statcast (2014 MVP Runner-Up),6,3,2,0.7651222532919445,2.647207735841961,CH,hit_into_play,Contact / Foul
2014,Pre-Statcast (2014 MVP Runner-Up),1,1,3,-0.6015920099777227,3.276487486697756,SL,foul,Contact / Foul
2014,Pre-Statcast (2014 MVP Runner-Up),2,2,3,0.00470255472747288,3.635288420379315,SL,foul,Contact / Foul
2014,Pre-Statcast (2014 MVP Runner-Up),5,2,2,-0.263890606791777,2.569667394337258,SI,hit_into_play,Contact / Foul
2014,Pre-Statcast (2014 MVP Runner-Up),8,2,1,0.2636130101825872,1.9083433484549583,CU,foul,Contact / Foul
2014,Pre-Statcast (2014 MVP Runner-Up),8,2,1,-0.06281427167489995,1.9399063469415916,SI,foul,Contact / Foul
2014,Pre-Statcast (2014 MVP Runner-Up),2,2,3,0.25189993817683737,3.418902494138369,SL,foul,Contact / Foul
2014,Pre-Statcast (2014 MVP Runner-Up),9,3,1,0.8180633223878835,1.9022925054596056,SL,swinging_strike,Whiff (Miss)
2014,Pre-Statcast (2014 MVP Runner-Up),8,2,1,0.0885920220380807,2.19929632249099,FF,swinging_strike,Whiff (Miss)
2014,Pre-Statcast (2014 MVP Runner-Up),5,2,2,0.0744146511585615,2.7351202480302996,SL,foul_tip,Contact / Foul
2014,Pre-Statcast (2014 MVP Runner-Up),5,2,2,0.00727455837168483,2.877767862858705,FF,foul,Contact / Foul
2014,Pre-Statcast (2014 MVP Runner-Up),6,3,2,0.6330068006722648,2.453968328464181,SL,foul,Contact / Foul
2014,Pre-Statcast (2014 MVP Runner-Up),5,2,2,0.10534664147736428,3.08109675315349,SL,foul,Contact / Foul
2014,Pre-Statcast (2014 MVP Runner-Up),8,2,1,-0.1611557554734498,2.3192115958773267,SL,hit_into_play,Contact / Foul
2014,Pre-Statcast (2014 MVP Runner-Up),3,3,3,0.6435900186413126,3.1998125851678347,FF,hit_into_play,Contact / Foul
2014,Pre-Statcast (2014 MVP Runner-Up),4,1,2,-0.8107818054868422,3.340077044066758,FC,foul,Contact / Foul
2014,Pre-Statcast (2014 MVP Runner-Up),9,3,1,0.7603498734928814,2.381836217790597,FC,foul,Contact / Foul
2014,Pre-Statcast (2014 MVP Runner-Up),9,3,1,0.7696674670125101,1.7989571007970109,FC,foul,Contact / Foul
2014,Pre-Statcast (2014 MVP Runner-Up),8,2,1,-0.0917945712270104,2.143826218109116,CH,hit_into_play,Contact / Foul
2014,Pre-Statcast (2014 MVP Runner-Up),7,1,1,-0.8190429609132239,1.71018675018141,FF,hit_into_play,Contact / Foul
2014,Pre-Statcast (2014 MVP Runner-Up),5,2,2,-0.26993541129491083,3.2864845955932354,FF,foul,Contact / Foul
2014,Pre-Statcast (2014 MVP Runner-Up),9,3,1,0.4226126005604862,2.14597992237366,CH,hit_into_play,Contact / Foul
2014,Pre-Statcast (2014 MVP Runner-Up),4,1,2,-0.7532604909836971,2.658990240504373,FF,hit_into_play,Contact / Foul
2014,Pre-Statcast (2014 MVP Runner-Up),9,3,1,0.371822802133537,2.035400474274142,SL,hit_into_play,Contact / Foul
2014,Pre-Statcast (2014 MVP Runner-Up),5,2,2,0.05652968372764577,2.660203598954333,FF,hit_into_play,Contact / Foul
2014,Pre-Statcast (2014 MVP Runner-Up),8,2,1,0.2165482298480508,2.2122018777184778,CH,hit_into_play,Contact / Foul
2014,Pre-Statcast (2014 MVP Runner-Up),2,2,3,0.1787594227069943,3.7938666825759944,FF,foul,Contact / Foul
2014,Pre-Statcast (2014 MVP Runner-Up),4,1,2,-0.39576922802144543,2.8227250867011344,FF,foul,Contact / Foul
2014,Pre-Statcast (2014 MVP Runner-Up),2,2,3,0.00375712123113924,3.414674677371304,FF,hit_into_play,Contact / Foul
2014,Pre-Statcast (2014 MVP Runner-Up),8,2,1,-0.23611913898108472,2.410276162310303,SL,foul,Contact / Foul
2014,Pre-Statcast (2014 MVP Runner-Up),7,1,1,-0.5340551324314058,2.0444698615460855,SL,hit_into_play,Contact / Foul
2014,Pre-Statcast (2014 MVP Runner-Up),5,2,2,-0.2445126491696888,2.4095319991401114,CU,swinging_strike,Whiff (Miss)
2014,Pre-Statcast (2014 MVP Runner-Up),9,3,1,0.335818667810631,1.9886317119942984,FC,hit_into_play,Contact / Foul
2014,Pre-Statcast (2014 MVP Runner-Up),9,3,1,0.6065568939288373,2.2946456452780817,FC,hit_into_play,Contact / Foul
2014,Pre-Statcast (2014 MVP Runner-Up),8,2,1,-0.264177585232205,1.6840532828391908,CU,swinging_strike,Whiff (Miss)
2014,Pre-Statcast (2014 MVP Runner-Up),4,1,2,-0.5474327560907619,2.832119226243044,CU,hit_into_play,Contact / Foul
2014,Pre-Statcast (2014 MVP Runner-Up),6,3,2,0.7957071854369611,2.8598902404115023,FC,foul,Contact / Foul
2014,Pre-Statcast (2014 MVP Runner-Up),2,2,3,-0.12903252441932012,3.767571655812413,FF,foul,Contact / Foul
2014,Pre-Statcast (2014 MVP Runner-Up),3,3,3,0.29362418282013963,3.187702231509715,FF,foul,Contact / Foul
2014,Pre-Statcast (2014 MVP Runner-Up),5,2,2,0.01606373790627513,2.9486502054950843,FF,hit_into_play,Contact / Foul
2014,Pre-Statcast (2014 MVP Runner-Up),2,2,3,-0.18645813280055024,3.3644718292196747,FF,swinging_strike,Whiff (Miss)
2014,Pre-Statcast (2014 MVP Runner-Up),6,3,2,0.5816012847889723,2.983925671145335,FC,hit_into_play,Contact / Foul
2014,Pre-Statcast (2014 MVP Runner-Up),9,3,1,0.6040049636412401,2.1175241996816796,FC,hit_into_play,Contact / Foul
2014,Pre-Statcast (2014 MVP Runner-Up),4,1,2,-0.3367670423905327,2.586038577599596,SI,hit_into_play,Contact / Foul
2014,Pre-Statcast (2014 MVP Runner-Up),2,2,3,0.07694783345664982,3.116967081819589,SL,hit_into_play,Contact / Foul
2014,Pre-Statcast (2014 MVP Runner-Up),5,2,2,-0.0313403624828909,3.0757041626585933,FF,foul,Contact / Foul
2014,Pre-Statcast (2014 MVP Runner-Up),3,3,3,0.6153739385080417,3.212460870766712,FC,foul,Contact / Foul
2014,Pre-Statcast (2014 MVP Runner-Up),6,3,2,0.3956876245099037,2.668659515513067,FF,foul,Contact / Foul
2014,Pre-Statcast (2014 MVP Runner-Up),5,2,2,-0.06049681129778027,2.5982944869498774,FC,hit_into_play,Contact / Foul
2014,Pre-Statcast (2014 MVP Runner-Up),1,1,3,-0.49892828647662,3.2756200092657193,FF,swinging_strike,Whiff (Miss)
2014,Pre-Statcast (2014 MVP Runner-Up),5,2,2,0.10220014136864296,3.088022660582811,FF,swinging_strike,Whiff (Miss)
2014,Pre-Statcast (2014 MVP Runner-Up),7,1,1,-0.3092986285847379,2.1255902622490868,SL,hit_into_play,Contact / Foul
2014,Pre-Statcast (2014 MVP Runner-Up),2,2,3,0.08917711299686248,3.4417305926143467,SI,swinging_strike,Whiff (Miss)
2014,Pre-Statcast (2014 MVP Runner-Up),9,3,1,0.7461506717982475,1.9461300910708657,FF,hit_into_play,Contact / Foul
2014,Pre-Statcast (2014 MVP Runner-Up),4,1,2,-0.7992474450979428,2.595851934208503,KC,foul,Contact / Foul
2014,Pre-Statcast (2014 MVP Runner-Up),8,2,1,-0.23425681249869812,2.1506481176676884,KC,foul,Contact / Foul
2014,Pre-Statcast (2014 MVP Runner-Up),5,2,2,0.12181205904119664,2.7531468751814483,SI,foul,Contact / Foul
2014,Pre-Statcast (2014 MVP Runner-Up),2,2,3,-0.07309679199920582,3.549759193822855,FF,hit_into_play,Contact / Foul
2014,Pre-Statcast (2014 MVP Runner-Up),6,3,2,0.2876845583973514,2.897125989081144,FF,foul,Contact / Foul
2014,Pre-Statcast (2014 MVP Runner-Up),5,2,2,0.2019354473514739,2.73326171488147,FF,swinging_strike,Whiff (Miss)
2014,Pre-Statcast (2014 MVP Runner-Up),4,1,2,-0.6017083893918679,2.7396271026350014,FF,foul,Contact / Foul
2014,Pre-Statcast (2014 MVP Runner-Up),5,2,2,-0.01988863347896685,2.539131986802058,KC,hit_into_play,Contact / Foul
2014,Pre-Statcast (2014 MVP Runner-Up),7,1,1,-0.3732976038995551,1.8345589578053607,KC,foul,Contact / Foul
2014,Pre-Statcast (2014 MVP Runner-Up),2,2,3,-0.0627941020459375,3.6091331994232703,SI,hit_into_play,Contact / Foul
2014,Pre-Statcast (2014 MVP Runner-Up),9,3,1,0.3948297658466682,2.270874427177883,SI,hit_into_play,Contact / Foul
2014,Pre-Statcast (2014 MVP Runner-Up),6,3,2,0.5111623172951503,2.833065550381551,SL,swinging_strike,Whiff (Miss)
2014,Pre-Statcast (2014 MVP Runner-Up),8,2,1,0.17064788403861686,1.7525159804433286,CH,swinging_strike,Whiff (Miss)
2014,Pre-Statcast (2014 MVP Runner-Up),9,3,1,0.7040888917522239,1.8884752538753031,SI,hit_into_play,Contact / Foul
2014,Pre-Statcast (2014 MVP Runner-Up),4,1,2,-0.5527275080968691,2.904882410088432,FS,hit_into_play,Contact / Foul
2014,Pre-Statcast (2014 MVP Runner-Up),2,2,3,0.014965758177089,3.2283121381932944,SI,foul,Contact / Foul
2014,Pre-Statcast (2014 MVP Runner-Up),5,2,2,-0.196957229301012,2.8955513678362648,SI,foul,Contact / Foul
2014,Pre-Statcast (2014 MVP Runner-Up),9,3,1,0.48294019895274654,1.9622152593316955,SL,swinging_strike,Whiff (Miss)
2014,Pre-Statcast (2014 MVP Runner-Up),8,2,1,-0.11415424922092744,1.9482010626769335,FF,swinging_strike,Whiff (Miss)
2014,Pre-Statcast (2014 MVP Runner-Up),6,3,2,0.2981660284475849,2.923512400210151,SI,swinging_strike,Whiff (Miss)
2014,Pre-Statcast (2014 MVP Runner-Up),8,2,1,0.2479571990238321,2.5071618659045423,SI,foul_tip,Contact / Foul
2014,Pre-Statcast (2014 MVP Runner-Up),4,1,2,-0.39487271763865206,3.23792105686884,SL,swinging_strike,Whiff (Miss)
2014,Pre-Statcast (2014 MVP Runner-Up),6,3,2,0.5930073223474384,2.951853974194701,SL,hit_into_play,Contact / Foul
2014,Pre-Statcast (2014 MVP Runner-Up),5,2,2,0.00372340395401016,2.878177177405965,FF,foul,Contact / Foul
2014,Pre-Statcast (2014 MVP Runner-Up),9,3,1,0.31944696343664314,2.0249291725341507,SL,swinging_strike,Whiff (Miss)
2014,Pre-Statcast (2014 MVP Runner-Up),9,3,1,0.568776407585097,2.133511750578808,FF,hit_into_play,Contact / Foul
2014,Pre-Statcast (2014 MVP Runner-Up),8,2,1,0.03325544245757628,2.3240296768153605,SI,foul,Contact / Foul
2014,Pre-Statcast (2014 MVP Runner-Up),2,2,3,-0.22643162543127443,3.6117191967972153,FF,hit_into_play,Contact / Foul
2014,Pre-Statcast (2014 MVP Runner-Up),6,3,2,0.3907058608633764,2.9931162806325564,FF,swinging_strike,Whiff (Miss)
2014,Pre-Statcast (2014 MVP Runner-Up),8,2,1,0.2761266118104969,2.0075263361093967,FF,hit_into_play,Contact / Foul
2014,Pre-Statcast (2014 MVP Runner-Up),5,2,2,0.12647165449753606,3.1105149942327484,FC,foul_tip,Contact / Foul
2014,Pre-Statcast (2014 MVP Runner-Up),7,1,1,-0.3006267782865619,2.5380504707298264,FC,foul,Contact / Foul
2014,Pre-Statcast (2014 MVP Runner-Up),4,1,2,-0.34979129644403517,2.872536756796221,FF,hit_into_play,Contact / Foul
2014,Pre-Statcast (2014 MVP Runner-Up),3,3,3,0.456553173776064,3.4729522803200057,FF,swinging_strike,Whiff (Miss)
2014,Pre-Statcast (2014 MVP Runner-Up),9,3,1,0.4000902664576584,2.180483849153983,SL,foul,Contact / Foul
2014,Pre-Statcast (2014 MVP Runner-Up),9,3,1,0.5878732303416122,2.035201767098475,SL,swinging_strike,Whiff (Miss)
2014,Pre-Statcast (2014 MVP Runner-Up),6,3,2,0.645320056159326,2.753036509771392,FF,foul,Contact / Foul
2014,Pre-Statcast (2014 MVP Runner-Up),6,3,2,0.3542891559053015,2.801121672068717,FF,foul,Contact / Foul
2014,Pre-Statcast (2014 MVP Runner-Up),1,1,3,-0.5097587318811843,3.4940856721808164,SI,swinging_strike,Whiff (Miss)
2014,Pre-Statcast (2014 MVP Runner-Up),1,1,3,-0.3897252184071851,3.566996680067106,FF,swinging_strike,Whiff (Miss)
2014,Pre-Statcast (2014 MVP Runner-Up),4,1,2,-0.7670117595781514,2.5489853509402653,SI,hit_into_play,Contact / Foul
2014,Pre-Statcast (2014 MVP Runner-Up),4,1,2,-0.6073890726740061,2.8538185090794608,SI,hit_into_play,Contact / Foul
2014,Pre-Statcast (2014 MVP Runner-Up),9,3,1,0.5957703966633678,2.0653283039768073,SL,swinging_strike,Whiff (Miss)
2014,Pre-Statcast (2014 MVP Runner-Up),6,3,2,0.4335494984512468,2.3931046140110332,SL,hit_into_play,Contact / Foul
2014,Pre-Statcast (2014 MVP Runner-Up),4,1,2,-0.7239164483402383,2.866364375928965,CU,hit_into_play,Contact / Foul
2014,Pre-Statcast (2014 MVP Runner-Up),1,1,3,-0.4190579198620855,3.145957874578841,FF,foul,Contact / Foul
2014,Pre-Statcast (2014 MVP Runner-Up),9,3,1,0.4276559991551596,2.008614474692609,SL,hit_into_play,Contact / Foul
2014,Pre-Statcast (2014 MVP Runner-Up),9,3,1,0.44033673044261534,2.2507791037485796,SL,swinging_strike,Whiff (Miss)
2014,Pre-Statcast (2014 MVP Runner-Up),4,1,2,-0.6934592801080179,2.4256278595564047,FF,hit_into_play,Contact / Foul
2014,Pre-Statcast (2014 MVP Runner-Up),7,1,1,-0.33950086005415714,2.0171481265631495,SL,foul,Contact / Foul
2014,Pre-Statcast (2014 MVP Runner-Up),2,2,3,-0.2541869534048804,3.116595628254678,FF,swinging_strike,Whiff (Miss)
2014,Pre-Statcast (2014 MVP Runner-Up),5,2,2,-0.17482340951283545,2.6991101086779965,FF,swinging_strike,Whiff (Miss)
2014,Pre-Statcast (2014 MVP Runner-Up),3,3,3,0.6084543915305382,3.29261309409018,FF,swinging_strike,Whiff (Miss)
2014,Pre-Statcast (2014 MVP Runner-Up),8,2,1,0.25710075984388303,1.7307669356239566,FC,swinging_strike,Whiff (Miss)
2014,Pre-Statcast (2014 MVP Runner-Up),5,2,2,-0.25021001918428026,2.9273402759839557,FF,swinging_strike,Whiff (Miss)
2014,Pre-Statcast (2014 MVP Runner-Up),9,3,1,0.6399984503620321,1.6140967490902494,SL,swinging_strike,Whiff (Miss)
2014,Pre-Statcast (2014 MVP Runner-Up),3,3,3,0.5063576912781609,3.6329784150916775,FF,foul,Contact / Foul
2014,Pre-Statcast (2014 MVP Runner-Up),5,2,2,0.23299370457350552,2.771697756007346,CU,foul,Contact / Foul
2014,Pre-Statcast (2014 MVP Runner-Up),9,3,1,0.4422574495629869,2.006810109931428,SL,foul_tip,Contact / Foul
2014,Pre-Statcast (2014 MVP Runner-Up),5,2,2,-0.05257393545882016,2.9851985169761788,KC,hit_into_play,Contact / Foul
2014,Pre-Statcast (2014 MVP Runner-Up),3,3,3,0.6128591298252424,3.702644019218479,FC,hit_into_play,Contact / Foul
2014,Pre-Statcast (2014 MVP Runner-Up),2,2,3,-0.24217490491622629,3.429232119220449,SI,foul,Contact / Foul
2014,Pre-Statcast (2014 MVP Runner-Up),9,3,1,0.5929351886145153,1.6721569034514945,CU,swinging_strike,Whiff (Miss)
2014,Pre-Statcast (2014 MVP Runner-Up),5,2,2,0.05169391907797927,2.4395202182882834,CU,swinging_strike,Whiff (Miss)
2014,Pre-Statcast (2014 MVP Runner-Up),4,1,2,-0.7691402265727789,2.9999536232200414,SL,hit_into_play,Contact / Foul
2014,Pre-Statcast (2014 MVP Runner-Up),5,2,2,-0.19818023606889223,2.695587448995548,CH,hit_into_play,Contact / Foul
2014,Pre-Statcast (2014 MVP Runner-Up),6,3,2,0.4454127902041797,2.8106492550526228,FF,foul,Contact / Foul
2014,Pre-Statcast (2014 MVP Runner-Up),8,2,1,0.21502315800323668,2.179945199978831,FF,foul,Contact / Foul
2014,Pre-Statcast (2014 MVP Runner-Up),1,1,3,-0.6226808029670406,3.405685187055136,SI,hit_into_play,Contact / Foul
2014,Pre-Statcast (2014 MVP Runner-Up),2,2,3,0.23150741678713263,3.324530050947044,FF,hit_into_play,Contact / Foul
2014,Pre-Statcast (2014 MVP Runner-Up),8,2,1,0.14691440474253148,2.2361866355556868,SI,foul,Contact / Foul
2014,Pre-Statcast (2014 MVP Runner-Up),9,3,1,0.4508416050434101,2.253832622613217,FF,foul,Contact / Foul
2014,Pre-Statcast (2014 MVP Runner-Up),6,3,2,0.3116591606951752,2.613958731368527,FF,foul_tip,Contact / Foul
2014,Pre-Statcast (2014 MVP Runner-Up),6,3,2,0.6461343468419893,2.6469107345462826,FF,swinging_strike,Whiff (Miss)
2014,Pre-Statcast (2014 MVP Runner-Up),8,2,1,-0.05297422140537455,2.089877769275629,SI,hit_into_play,Contact / Foul
2014,Pre-Statcast (2014 MVP Runner-Up),9,3,1,0.630426497958197,2.253815140736676,FF,foul,Contact / Foul
2014,Pre-Statcast (2014 MVP Runner-Up),1,1,3,-0.5947840088686186,3.354943041413694,FF,foul,Contact / Foul
2014,Pre-Statcast (2014 MVP Runner-Up),8,2,1,-0.1843913702634263,1.65998057341811,SL,foul,Contact / Foul
2014,Pre-Statcast (2014 MVP Runner-Up),1,1,3,-0.5859325428632234,3.3946293682228568,SL,foul,Contact / Foul
2014,Pre-Statcast (2014 MVP Runner-Up),9,3,1,0.497008576742174,2.0807668644151542,FF,foul,Contact / Foul
2014,Pre-Statcast (2014 MVP Runner-Up),1,1,3,-0.6932587376045739,3.661161091903043,SL,foul,Contact / Foul
2014,Pre-Statcast (2014 MVP Runner-Up),5,2,2,-0.1182808043622909,2.937920669141871,KC,hit_into_play,Contact / Foul
2014,Pre-Statcast (2014 MVP Runner-Up),1,1,3,-0.8252168998167622,3.5663470317172137,CH,hit_into_play,Contact / Foul
2014,Pre-Statcast (2014 MVP Runner-Up),8,2,1,0.10770369705160712,1.7228424651663037,SL,hit_into_play,Contact / Foul
2014,Pre-Statcast (2014 MVP Runner-Up),4,1,2,-0.5245415925045489,2.661962427638505,SL,foul_tip,Contact / Foul
2014,Pre-Statcast (2014 MVP Runner-Up),3,3,3,0.3305011290766925,3.663452988695131,FF,foul,Contact / Foul
2014,Pre-Statcast (2014 MVP Runner-Up),4,1,2,-0.768235634883731,3.0717370334275325,FF,foul,Contact / Foul
2014,Pre-Statcast (2014 MVP Runner-Up),5,2,2,0.08066250854689266,2.3563855647177254,FF,foul,Contact / Foul
2014,Pre-Statcast (2014 MVP Runner-Up),7,1,1,-0.47448277943387185,1.8144643180818036,SL,foul,Contact / Foul
2014,Pre-Statcast (2014 MVP Runner-Up),9,3,1,0.36941227152247785,1.9416182728032616,SL,hit_into_play,Contact / Foul
2014,Pre-Statcast (2014 MVP Runner-Up),5,2,2,0.09570606957701784,3.0712174880929317,FF,foul,Contact / Foul
2014,Pre-Statcast (2014 MVP Runner-Up),1,1,3,-0.7735858447922107,3.078253347143605,CH,swinging_strike,Whiff (Miss)
2014,Pre-Statcast (2014 MVP Runner-Up),7,1,1,-0.5443980709701657,1.7250986843591298,CH,foul,Contact / Foul
2014,Pre-Statcast (2014 MVP Runner-Up),8,2,1,-0.0667038811386153,2.2565391150158463,CH,hit_into_play,Contact / Foul
2014,Pre-Statcast (2014 MVP Runner-Up),8,2,1,0.24585723752409583,2.2650452375612975,CH,hit_into_play,Contact / Foul
2014,Pre-Statcast (2014 MVP Runner-Up),4,1,2,-0.374012203750234,2.390390626660931,CU,hit_into_play,Contact / Foul
2014,Pre-Statcast (2014 MVP Runner-Up),9,3,1,0.4217277120480238,2.2650560852261665,FC,foul_tip,Contact / Foul
2014,Pre-Statcast (2014 MVP Runner-Up),9,3,1,0.6056146053260043,1.9302786236967424,SI,foul,Contact / Foul
2014,Pre-Statcast (2014 MVP Runner-Up),4,1,2,-0.3386634602121892,2.62699029986705,SI,hit_into_play,Contact / Foul
2014,Pre-Statcast (2014 MVP Runner-Up),9,3,1,0.5723017284245842,2.2344755289525864,FC,foul,Contact / Foul
2014,Pre-Statcast (2014 MVP Runner-Up),4,1,2,-0.4178280563910194,2.7662799357965433,FF,hit_into_play,Contact / Foul
2014,Pre-Statcast (2014 MVP Runner-Up),9,3,1,0.3042806854982948,2.1092861053528953,CU,hit_into_play,Contact / Foul
2014,Pre-Statcast (2014 MVP Runner-Up),3,3,3,0.4058462648325287,4.3201655097330605,FF,foul,Contact / Foul
2014,Pre-Statcast (2014 MVP Runner-Up),2,2,3,0.14883065150698593,3.6750145625163544,FF,swinging_strike,Whiff (Miss)
2014,Pre-Statcast (2014 MVP Runner-Up),5,2,2,0.2046286603049261,2.4618441333815335,CH,foul,Contact / Foul
2014,Pre-Statcast (2014 MVP Runner-Up),1,1,3,-0.3595815686468453,3.124220767566555,CH,foul,Contact / Foul
2014,Pre-Statcast (2014 MVP Runner-Up),7,1,1,-0.5736233485802649,2.213293394987387,SI,hit_into_play,Contact / Foul
2014,Pre-Statcast (2014 MVP Runner-Up),4,1,2,-0.3881382085498928,2.844307785982897,FF,foul,Contact / Foul
2014,Pre-Statcast (2014 MVP Runner-Up),7,1,1,-0.4773525144583417,1.8139463530321416,CU,swinging_strike,Whiff (Miss)
2014,Pre-Statcast (2014 MVP Runner-Up),9,3,1,0.4870673082232937,1.5891324601278547,CU,swinging_strike,Whiff (Miss)
2014,Pre-Statcast (2014 MVP Runner-Up),1,1,3,-0.5274137776504805,3.3858348613071207,CU,foul,Contact / Foul
2014,Pre-Statcast (2014 MVP Runner-Up),4,1,2,-0.4451815702516704,2.6305402276199654,CU,hit_into_play,Contact / Foul
2014,Pre-Statcast (2014 MVP Runner-Up),7,1,1,-0.6805392636538012,1.7278212720151276,SI,foul,Contact / Foul
2014,Pre-Statcast (2014 MVP Runner-Up),4,1,2,-0.7164424601172474,2.6415083266255652,SI,foul,Contact / Foul
2014,Pre-Statcast (2014 MVP Runner-Up),2,2,3,0.2531894779450562,3.2786160889372464,FF,swinging_strike,Whiff (Miss)
2014,Pre-Statcast (2014 MVP Runner-Up),5,2,2,-0.15321122690462283,2.413021779846684,FC,hit_into_play,Contact / Foul
2014,Pre-Statcast (2014 MVP Runner-Up),1,1,3,-0.7953327955501407,3.7746201219899422,SI,hit_into_play,Contact / Foul
2014,Pre-Statcast (2014 MVP Runner-Up),2,2,3,0.2438600074369794,3.295007530029182,FF,foul,Contact / Foul
2014,Pre-Statcast (2014 MVP Runner-Up),4,1,2,-0.794006355826968,2.6939708360052235,FC,hit_into_play,Contact / Foul
2014,Pre-Statcast (2014 MVP Runner-Up),4,1,2,-0.4468892889381266,2.803481265729518,FC,hit_into_play,Contact / Foul
2014,Pre-Statcast (2014 MVP Runner-Up),3,3,3,0.7860718163182319,3.7788990375853566,FC,foul,Contact / Foul
2014,Pre-Statcast (2014 MVP Runner-Up),9,3,1,0.4876822615839307,1.85121695673874,CH,foul,Contact / Foul
2014,Pre-Statcast (2014 MVP Runner-Up),5,2,2,0.11643653936577868,2.8581914147420946,CU,swinging_strike,Whiff (Miss)
2014,Pre-Statcast (2014 MVP Runner-Up),9,3,1,0.5357482030705862,2.057056990446493,FF,hit_into_play,Contact / Foul
2014,Pre-Statcast (2014 MVP Runner-Up),2,2,3,0.02552294699972626,3.437800395729117,FC,hit_into_play,Contact / Foul
2014,Pre-Statcast (2014 MVP Runner-Up),4,1,2,-0.4337000131244508,2.4285119007532354,SL,hit_into_play,Contact / Foul
2014,Pre-Statcast (2014 MVP Runner-Up),5,2,2,0.0157992399527718,2.8495766777297526,SL,swinging_strike,Whiff (Miss)
2014,Pre-Statcast (2014 MVP Runner-Up),1,1,3,-0.6853366901405246,3.2643957957243313,FF,hit_into_play,Contact / Foul
2014,Pre-Statcast (2014 MVP Runner-Up),7,1,1,-0.5421252364529037,2.2805662788396583,FF,swinging_strike,Whiff (Miss)
2014,Pre-Statcast (2014 MVP Runner-Up),4,1,2,-0.4058699556136488,2.6010473483980348,SL,foul,Contact / Foul
2014,Pre-Statcast (2014 MVP Runner-Up),7,1,1,-0.7519107537930432,2.170330999013479,CH,foul,Contact / Foul
2014,Pre-Statcast (2014 MVP Runner-Up),8,2,1,-0.16432343335322197,1.779030490517478,CU,swinging_strike,Whiff (Miss)
2014,Pre-Statcast (2014 MVP Runner-Up),3,3,3,0.5538971211384476,3.348904111061512,CH,hit_into_play,Contact / Foul
2014,Pre-Statcast (2014 MVP Runner-Up),9,3,1,0.6091976378945176,1.8936971668052096,CH,foul,Contact / Foul
2014,Pre-Statcast (2014 MVP Runner-Up),8,2,1,0.08975433943348077,2.0266634003396766,SI,hit_into_play,Contact / Foul
2014,Pre-Statcast (2014 MVP Runner-Up),6,3,2,0.42492911162030017,2.5965926940325574,FC,hit_into_play,Contact / Foul
2014,Pre-Statcast (2014 MVP Runner-Up),5,2,2,0.13189330972108226,2.5258903555240724,FF,hit_into_play,Contact / Foul
2014,Pre-Statcast (2014 MVP Runner-Up),4,1,2,-0.3846990306626865,2.4417249082141543,FF,foul,Contact / Foul
2014,Pre-Statcast (2014 MVP Runner-Up),1,1,3,-0.5370323540412529,3.7694693758002416,FF,swinging_strike,Whiff (Miss)
2014,Pre-Statcast (2014 MVP Runner-Up),5,2,2,-0.13383212373531672,2.8899602487289067,CU,hit_into_play,Contact / Foul
2014,Pre-Statcast (2014 MVP Runner-Up),1,1,3,-0.8011051368963671,3.2444709747226437,CH,swinging_strike,Whiff (Miss)
2014,Pre-Statcast (2014 MVP Runner-Up),2,2,3,0.2732560270844241,3.110167091307318,FF,foul,Contact / Foul
2014,Pre-Statcast (2014 MVP Runner-Up),6,3,2,0.3975056255644868,2.9941285348812867,FF,swinging_strike,Whiff (Miss)
2014,Pre-Statcast (2014 MVP Runner-Up),5,2,2,0.01993257545357529,2.6098065999796103,FF,foul,Contact / Foul
2014,Pre-Statcast (2014 MVP Runner-Up),4,1,2,-0.6180674464145051,2.584004558585181,CU,foul,Contact / Foul
2014,Pre-Statcast (2014 MVP Runner-Up),4,1,2,-0.3715838727716426,2.927820914270667,FF,foul,Contact / Foul
2014,Pre-Statcast (2014 MVP Runner-Up),9,3,1,0.3918117464223963,2.003149193018061,FF,hit_into_play,Contact / Foul
2014,Pre-Statcast (2014 MVP Runner-Up),6,3,2,0.4378086922705815,3.0505411684916166,FF,foul,Contact / Foul
2014,Pre-Statcast (2014 MVP Runner-Up),5,2,2,-0.2747475395877066,2.980263907115109,FF,hit_into_play,Contact / Foul
2014,Pre-Statcast (2014 MVP Runner-Up),5,2,2,0.16664009129971158,2.84352332359481,FF,swinging_strike,Whiff (Miss)
2014,Pre-Statcast (2014 MVP Runner-Up),5,2,2,-0.09330219189906797,2.3759193180629063,SI,hit_into_play,Contact / Foul
2014,Pre-Statcast (2014 MVP Runner-Up),5,2,2,0.1519183858261662,3.2011606442275924,FC,hit_into_play,Contact / Foul
2014,Pre-Statcast (2014 MVP Runner-Up),9,3,1,0.4314942967546558,2.113001712806783,FC,hit_into_play,Contact / Foul
2014,Pre-Statcast (2014 MVP Runner-Up),7,1,1,-0.4305636635573207,1.9938753067681407,CH,swinging_strike,Whiff (Miss)
2014,Pre-Statcast (2014 MVP Runner-Up),2,2,3,-0.0627542861974684,3.5787574167873686,FC,foul,Contact / Foul
2014,Pre-Statcast (2014 MVP Runner-Up),6,3,2,0.4244311984876062,2.763081428951578,FC,hit_into_play,Contact / Foul
2014,Pre-Statcast (2014 MVP Runner-Up),2,2,3,0.15455448827746743,3.6059310833683194,FF,swinging_strike,Whiff (Miss)
2014,Pre-Statcast (2014 MVP Runner-Up),9,3,1,0.3467210686155868,2.040699020670478,CH,hit_into_play,Contact / Foul
2014,Pre-Statcast (2014 MVP Runner-Up),9,3,1,0.592891548955353,1.8700482093007365,CH,foul_tip,Contact / Foul
2014,Pre-Statcast (2014 MVP Runner-Up),5,2,2,-0.1919108192197249,2.4203196762390053,FF,hit_into_play,Contact / Foul
2014,Pre-Statcast (2014 MVP Runner-Up),2,2,3,-0.18212434352116724,3.189294330123372,FF,foul_tip,Contact / Foul
2014,Pre-Statcast (2014 MVP Runner-Up),4,1,2,-0.7188634715632192,2.9580627881286254,SI,hit_into_play,Contact / Foul
2014,Pre-Statcast (2014 MVP Runner-Up),9,3,1,0.43758838576706394,1.7163140863321984,KC,swinging_strike,Whiff (Miss)
2014,Pre-Statcast (2014 MVP Runner-Up),3,3,3,0.6141486089737643,3.8082427596775825,FF,hit_into_play,Contact / Foul
2014,Pre-Statcast (2014 MVP Runner-Up),7,1,1,-0.8040421324635223,2.3859593729761257,CH,hit_into_play,Contact / Foul
2014,Pre-Statcast (2014 MVP Runner-Up),5,2,2,0.23986441694505856,2.400614171034465,CU,foul,Contact / Foul
2014,Pre-Statcast (2014 MVP Runner-Up),4,1,2,-0.5371428138554237,2.8837837370309662,SI,hit_into_play,Contact / Foul
2014,Pre-Statcast (2014 MVP Runner-Up),4,1,2,-0.690763763726838,2.7896758917788347,SI,hit_into_play,Contact / Foul
2014,Pre-Statcast (2014 MVP Runner-Up),1,1,3,-0.4772016033096682,3.5215083124909503,SI,foul,Contact / Foul
2014,Pre-Statcast (2014 MVP Runner-Up),7,1,1,-0.7196379440790046,2.117057967176407,CH,foul,Contact / Foul
2014,Pre-Statcast (2014 MVP Runner-Up),1,1,3,-0.7042939027256067,3.4094531020047234,FF,hit_into_play,Contact / Foul
2014,Pre-Statcast (2014 MVP Runner-Up),8,2,1,0.25760577291893805,2.3955749421026775,SI,foul,Contact / Foul
2014,Pre-Statcast (2014 MVP Runner-Up),3,3,3,0.36575858284595536,3.3786934762103713,FC,swinging_strike,Whiff (Miss)
2014,Pre-Statcast (2014 MVP Runner-Up),8,2,1,-0.1923993234981478,1.9565799852730796,CH,foul,Contact / Foul
2014,Pre-Statcast (2014 MVP Runner-Up),1,1,3,-0.561555523610764,3.4963152362917,FF,foul,Contact / Foul
2014,Pre-Statcast (2014 MVP Runner-Up),1,1,3,-0.7848702622023105,4.085927486378947,FF,foul,Contact / Foul
2014,Pre-Statcast (2014 MVP Runner-Up),2,2,3,-0.11728406744652886,3.643168400026884,FF,foul,Contact / Foul
2014,Pre-Statcast (2014 MVP Runner-Up),9,3,1,0.48815945656234616,2.3560564490251874,FF,hit_into_play,Contact / Foul
2014,Pre-Statcast (2014 MVP Runner-Up),4,1,2,-0.7090657607478994,3.255693122766602,FF,swinging_strike,Whiff (Miss)
2014,Pre-Statcast (2014 MVP Runner-Up),7,1,1,-0.709045176888679,2.283403529432357,FF,hit_into_play,Contact / Foul
2014,Pre-Statcast (2014 MVP Runner-Up),5,2,2,-0.19212907493165257,2.423291346302238,CH,hit_into_play,Contact / Foul
2014,Pre-Statcast (2014 MVP Runner-Up),5,2,2,0.1677264879077619,2.4417973370027335,CH,foul,Contact / Foul
2014,Pre-Statcast (2014 MVP Runner-Up),9,3,1,0.7922162714744857,1.71567119508738,SI,foul,Contact / Foul
2014,Pre-Statcast (2014 MVP Runner-Up),1,1,3,-0.7775589640240282,3.2323668814224593,FF,foul,Contact / Foul
2014,Pre-Statcast (2014 MVP Runner-Up),6,3,2,0.6723614715487841,2.3857495550938843,SL,foul,Contact / Foul
2014,Pre-Statcast (2014 MVP Runner-Up),6,3,2,0.34637030958757564,2.745269042273533,FF,foul,Contact / Foul
2014,Pre-Statcast (2014 MVP Runner-Up),2,2,3,-0.2229929948836047,3.0907170964527,SI,foul,Contact / Foul
2014,Pre-Statcast (2014 MVP Runner-Up),1,1,3,-0.6866155961654843,3.1687547431341865,SI,hit_into_play,Contact / Foul
2014,Pre-Statcast (2014 MVP Runner-Up),9,3,1,0.8246534023262819,2.05291142386215,KC,hit_into_play,Contact / Foul
2014,Pre-Statcast (2014 MVP Runner-Up),9,3,1,0.7394498304603074,1.730778473117192,FF,foul,Contact / Foul
2014,Pre-Statcast (2014 MVP Runner-Up),4,1,2,-0.5528457168752696,2.747516418001176,FF,hit_into_play,Contact / Foul
2014,Pre-Statcast (2014 MVP Runner-Up),6,3,2,0.7107604921471321,2.8786849225355207,FF,swinging_strike,Whiff (Miss)
2014,Pre-Statcast (2014 MVP Runner-Up),2,2,3,-0.23627533975651616,3.1313376116712557,FF,foul,Contact / Foul
2014,Pre-Statcast (2014 MVP Runner-Up),6,3,2,0.6723689012910388,2.585484519365744,SL,hit_into_play,Contact / Foul
2014,Pre-Statcast (2014 MVP Runner-Up),7,1,1,-0.753656494955541,1.6909864176952878,SL,swinging_strike,Whiff (Miss)
2014,Pre-Statcast (2014 MVP Runner-Up),7,1,1,-0.29737269954709733,1.7978221467147524,SL,swinging_strike,Whiff (Miss)
2014,Pre-Statcast (2014 MVP Runner-Up),7,1,1,-0.5466533623957068,2.309231080796954,CH,hit_into_play,Contact / Foul
2014,Pre-Statcast (2014 MVP Runner-Up),4,1,2,-0.3958333872896784,3.0750789977347357,SL,hit_into_play,Contact / Foul
2014,Pre-Statcast (2014 MVP Runner-Up),5,2,2,0.1920022633375165,3.0616216154794538,FF,foul,Contact / Foul
2014,Pre-Statcast (2014 MVP Runner-Up),7,1,1,-0.6886687191877123,2.2978905013184594,FC,hit_into_play,Contact / Foul
2014,Pre-Statcast (2014 MVP Runner-Up),9,3,1,0.5428967996108949,1.8356206702413775,CU,hit_into_play,Contact / Foul
2014,Pre-Statcast (2014 MVP Runner-Up),8,2,1,0.06937413290029415,2.224631908992019,CH,hit_into_play,Contact / Foul
2014,Pre-Statcast (2014 MVP Runner-Up),8,2,1,0.0365943371030229,1.6143353542797068,SL,hit_into_play,Contact / Foul
2014,Pre-Statcast (2014 MVP Runner-Up),5,2,2,0.1583905117959329,2.7885430741016046,SI,foul,Contact / Foul
2014,Pre-Statcast (2014 MVP Runner-Up),7,1,1,-0.42927662535359945,1.943363759904792,CH,hit_into_play,Contact / Foul
2014,Pre-Statcast (2014 MVP Runner-Up),9,3,1,0.4840931350831018,1.784956127232682,SL,foul,Contact / Foul
2014,Pre-Statcast (2014 MVP Runner-Up),8,2,1,0.18642643081866916,1.9308147818183476,SL,hit_into_play,Contact / Foul
2014,Pre-Statcast (2014 MVP Runner-Up),4,1,2,-0.776034856158661,2.9494264827504644,SI,hit_into_play,Contact / Foul
2014,Pre-Statcast (2014 MVP Runner-Up),5,2,2,0.26875327399401105,2.551948876552223,SI,foul,Contact / Foul
2014,Pre-Statcast (2014 MVP Runner-Up),6,3,2,0.280385223592435,2.3588197843380048,CU,foul,Contact / Foul
2014,Pre-Statcast (2014 MVP Runner-Up),5,2,2,0.246403273224758,2.830776792605534,FF,foul,Contact / Foul
2014,Pre-Statcast (2014 MVP Runner-Up),8,2,1,-0.05389840203472063,2.212278223774317,CU,foul,Contact / Foul
2014,Pre-Statcast (2014 MVP Runner-Up),9,3,1,0.5432697825388395,2.1722871180204657,FF,hit_into_play,Contact / Foul
2014,Pre-Statcast (2014 MVP Runner-Up),1,1,3,-0.6321618986940234,3.1265804130469697,FC,hit_into_play,Contact / Foul
2014,Pre-Statcast (2014 MVP Runner-Up),6,3,2,0.3700164752883929,2.351501472921438,FF,foul,Contact / Foul
2014,Pre-Statcast (2014 MVP Runner-Up),8,2,1,-0.00929067779484005,1.710118900390112,CH,foul,Contact / Foul
2014,Pre-Statcast (2014 MVP Runner-Up),5,2,2,-0.18678526725543365,2.6919783046762764,SL,hit_into_play,Contact / Foul
2014,Pre-Statcast (2014 MVP Runner-Up),2,2,3,-0.1359193036862153,3.119679619624252,SL,foul,Contact / Foul
2014,Pre-Statcast (2014 MVP Runner-Up),9,3,1,0.27657561951344684,2.049887868236178,SL,hit_into_play,Contact / Foul
2014,Pre-Statcast (2014 MVP Runner-Up),8,2,1,0.20921321730404124,1.711996502074684,SL,swinging_strike,Whiff (Miss)
2014,Pre-Statcast (2014 MVP Runner-Up),4,1,2,-0.7529088175449168,2.3233412791834933,FS,foul,Contact / Foul
2014,Pre-Statcast (2014 MVP Runner-Up),6,3,2,0.4621218858378713,2.6067901814878436,SI,hit_into_play,Contact / Foul
2014,Pre-Statcast (2014 MVP Runner-Up),1,1,3,-0.36919171339340473,3.2995298271528917,SI,foul,Contact / Foul
2014,Pre-Statcast (2014 MVP Runner-Up),9,3,1,0.5789767512425832,2.0039000642752907,SL,hit_into_play,Contact / Foul
2014,Pre-Statcast (2014 MVP Runner-Up),6,3,2,0.7469621083026601,2.9806560920346312,SL,foul,Contact / Foul
2014,Pre-Statcast (2014 MVP Runner-Up),4,1,2,-0.7674910144302061,2.828636910969279,FF,hit_into_play,Contact / Foul
2014,Pre-Statcast (2014 MVP Runner-Up),9,3,1,0.3298118045060833,1.565139018453519,CU,hit_into_play,Contact / Foul
2014,Pre-Statcast (2014 MVP Runner-Up),2,2,3,0.22583309356070003,3.5147031534255366,SL,hit_into_play,Contact / Foul
2014,Pre-Statcast (2014 MVP Runner-Up),9,3,1,0.6976880583227425,2.165156196678225,SL,swinging_strike,Whiff (Miss)
2014,Pre-Statcast (2014 MVP Runner-Up),6,3,2,0.43372764742981906,2.7583420835622987,FF,foul,Contact / Foul
2014,Pre-Statcast (2014 MVP Runner-Up),8,2,1,-0.12597008680667232,2.2542588666501557,SL,foul,Contact / Foul
2014,Pre-Statcast (2014 MVP Runner-Up),6,3,2,0.5037729425274124,2.322733783312977,SL,swinging_strike,Whiff (Miss)
2014,Pre-Statcast (2014 MVP Runner-Up),7,1,1,-0.611002500694416,2.1496407703579448,SI,foul_tip,Contact / Foul
2014,Pre-Statcast (2014 MVP Runner-Up),2,2,3,-0.2506913608517525,3.234490711708176,SI,foul,Contact / Foul
2014,Pre-Statcast (2014 MVP Runner-Up),6,3,2,0.34438593159007996,2.4737833688002944,SL,hit_into_play,Contact / Foul
2014,Pre-Statcast (2014 MVP Runner-Up),7,1,1,-0.7024945789043853,2.2257573472787735,SI,foul,Contact / Foul
2014,Pre-Statcast (2014 MVP Runner-Up),4,1,2,-0.7706830276557379,2.914953139269598,FS,hit_into_play,Contact / Foul
2014,Pre-Statcast (2014 MVP Runner-Up),4,1,2,-0.5539411042816877,2.464401613955393,CU,foul,Contact / Foul
2014,Pre-Statcast (2014 MVP Runner-Up),8,2,1,-0.00915521844037337,1.9546884687931407,CH,hit_into_play,Contact / Foul
2014,Pre-Statcast (2014 MVP Runner-Up),6,3,2,0.43111773988402097,2.8522422246198893,KC,foul,Contact / Foul
2014,Pre-Statcast (2014 MVP Runner-Up),6,3,2,0.569577894347418,2.854185249480069,SI,hit_into_play,Contact / Foul
2014,Pre-Statcast (2014 MVP Runner-Up),8,2,1,0.07001053790848899,2.136214932328655,SI,hit_into_play,Contact / Foul
2014,Pre-Statcast (2014 MVP Runner-Up),8,2,1,-0.1136378201923618,2.1523504311293147,SI,hit_into_play,Contact / Foul
2014,Pre-Statcast (2014 MVP Runner-Up),9,3,1,0.3025589114990025,1.871620948909229,CH,swinging_strike,Whiff (Miss)
2014,Pre-Statcast (2014 MVP Runner-Up),9,3,1,0.5550865523541755,1.856603307315163,SI,foul,Contact / Foul
2014,Pre-Statcast (2014 MVP Runner-Up),9,3,1,0.4829853078203152,1.9660435690852471,FC,hit_into_play,Contact / Foul
2014,Pre-Statcast (2014 MVP Runner-Up),9,3,1,0.7079854472776113,2.190626623260121,ST,swinging_strike,Whiff (Miss)
2014,Pre-Statcast (2014 MVP Runner-Up),9,3,1,0.4538615677204456,1.958534143104315,FC,swinging_strike,Whiff (Miss)
2014,Pre-Statcast (2014 MVP Runner-Up),5,2,2,0.00932962644762536,2.375099769042059,FC,hit_into_play,Contact / Foul
2014,Pre-Statcast (2014 MVP Runner-Up),5,2,2,-0.04306839648278796,2.7999250460692404,FF,foul,Contact / Foul
2014,Pre-Statcast (2014 MVP Runner-Up),7,1,1,-0.4371303778148684,2.121947450226013,FF,hit_into_play,Contact / Foul
2014,Pre-Statcast (2014 MVP Runner-Up),5,2,2,0.15898165231864403,2.5548950667731916,FF,swinging_strike,Whiff (Miss)
2014,Pre-Statcast (2014 MVP Runner-Up),6,3,2,0.699418444267556,2.373490853379658,SL,swinging_strike,Whiff (Miss)
2014,Pre-Statcast (2014 MVP Runner-Up),4,1,2,-0.3075412049625128,2.454668284986707,FF,hit_into_play,Contact / Foul
2014,Pre-Statcast (2014 MVP Runner-Up),4,1,2,-0.3196555572724604,3.027993782876362,FC,swinging_strike,Whiff (Miss)
2014,Pre-Statcast (2014 MVP Runner-Up),9,3,1,0.41318128658842446,2.1059322334815436,FF,foul,Contact / Foul
2014,Pre-Statcast (2014 MVP Runner-Up),6,3,2,0.6662846125740651,2.37545414601752,SL,foul,Contact / Foul
2014,Pre-Statcast (2014 MVP Runner-Up),5,2,2,0.20303265360519837,2.520283337395884,SL,foul,Contact / Foul
2014,Pre-Statcast (2014 MVP Runner-Up),8,2,1,-0.21607596900374448,1.81803602447487,FF,foul,Contact / Foul
2014,Pre-Statcast (2014 MVP Runner-Up),4,1,2,-0.32886802837616935,2.8877216098026777,FF,foul,Contact / Foul
2014,Pre-Statcast (2014 MVP Runner-Up),1,1,3,-0.3719610678254268,3.464898457156443,FF,swinging_strike,Whiff (Miss)
2014,Pre-Statcast (2014 MVP Runner-Up),5,2,2,0.11432243238547568,2.552155383287358,SL,hit_into_play,Contact / Foul
2014,Pre-Statcast (2014 MVP Runner-Up),7,1,1,-0.7325029630780697,1.64896845901891,CU,foul,Contact / Foul
2014,Pre-Statcast (2014 MVP Runner-Up),9,3,1,0.3223072659444134,2.059993005843327,SL,swinging_strike,Whiff (Miss)
2014,Pre-Statcast (2014 MVP Runner-Up),9,3,1,0.41224178841591047,1.7697061021470877,CU,swinging_strike,Whiff (Miss)
2014,Pre-Statcast (2014 MVP Runner-Up),2,2,3,-0.2082543406142993,3.581818325606407,SL,foul,Contact / Foul
2014,Pre-Statcast (2014 MVP Runner-Up),2,2,3,-0.10852995753974404,3.646968048309202,FF,foul,Contact / Foul
2014,Pre-Statcast (2014 MVP Runner-Up),9,3,1,0.3484543644062979,2.146288133786653,SL,swinging_strike,Whiff (Miss)
2014,Pre-Statcast (2014 MVP Runner-Up),5,2,2,-0.04213589937703932,3.0161998542077804,SI,hit_into_play,Contact / Foul
2014,Pre-Statcast (2014 MVP Runner-Up),4,1,2,-0.48436576827547806,2.3677896023421625,SI,foul,Contact / Foul
2014,Pre-Statcast (2014 MVP Runner-Up),4,1,2,-0.7425280263385343,2.3835871061295597,FF,hit_into_play,Contact / Foul
2014,Pre-Statcast (2014 MVP Runner-Up),5,2,2,0.19263454278236403,2.5376757428295686,FF,foul_tip,Contact / Foul
2014,Pre-Statcast (2014 MVP Runner-Up),7,1,1,-0.2971761389330929,2.141621200108683,FS,swinging_strike,Whiff (Miss)
2014,Pre-Statcast (2014 MVP Runner-Up),8,2,1,0.09581797992570468,2.278652730284925,FF,hit_into_play,Contact / Foul
2014,Pre-Statcast (2014 MVP Runner-Up),5,2,2,0.11415215348439668,2.4287011177524507,FF,foul,Contact / Foul
2014,Pre-Statcast (2014 MVP Runner-Up),9,3,1,0.7461474497630642,2.282547293298947,FF,foul,Contact / Foul
2014,Pre-Statcast (2014 MVP Runner-Up),6,3,2,0.4398033276573403,2.9366193061271746,SI,foul,Contact / Foul
2014,Pre-Statcast (2014 MVP Runner-Up),5,2,2,0.08566922506437402,2.7028039370582944,SI,swinging_strike,Whiff (Miss)
2014,Pre-Statcast (2014 MVP Runner-Up),8,2,1,-0.0119431092087768,1.7469050432794433,FF,hit_into_play,Contact / Foul
2014,Pre-Statcast (2014 MVP Runner-Up),4,1,2,-0.5061915642814497,2.78058441371175,FF,foul,Contact / Foul
2014,Pre-Statcast (2014 MVP Runner-Up),5,2,2,-0.06357924954349115,2.7784590442061745,FF,foul,Contact / Foul
2014,Pre-Statcast (2014 MVP Runner-Up),2,2,3,-0.13653786741602364,3.4301553598943286,FF,foul,Contact / Foul
2014,Pre-Statcast (2014 MVP Runner-Up),9,3,1,0.7899397911459042,1.6671018859134588,SL,hit_into_play,Contact / Foul
2014,Pre-Statcast (2014 MVP Runner-Up),1,1,3,-0.6031289251282985,3.356070116911419,FC,hit_into_play,Contact / Foul
2014,Pre-Statcast (2014 MVP Runner-Up),8,2,1,0.07195312696685735,2.292963897347601,FF,foul,Contact / Foul
2014,Pre-Statcast (2014 MVP Runner-Up),8,2,1,-0.02427070272863312,2.2832177881228377,FF,foul,Contact / Foul
2014,Pre-Statcast (2014 MVP Runner-Up),6,3,2,0.31024836608471884,2.811057482444218,CH,hit_into_play,Contact / Foul
2014,Pre-Statcast (2014 MVP Runner-Up),6,3,2,0.6286157418567511,2.4264566236045075,SI,foul,Contact / Foul
2014,Pre-Statcast (2014 MVP Runner-Up),9,3,1,0.4111966200832273,2.283871351751138,SI,hit_into_play,Contact / Foul
2014,Pre-Statcast (2014 MVP Runner-Up),8,2,1,0.1809089317149375,1.67533573358006,CH,hit_into_play,Contact / Foul
2014,Pre-Statcast (2014 MVP Runner-Up),9,3,1,0.4054907146092393,1.8111968504843297,SL,swinging_strike,Whiff (Miss)
2014,Pre-Statcast (2014 MVP Runner-Up),9,3,1,0.6134647768704677,2.095634610195666,SL,foul,Contact / Foul
2014,Pre-Statcast (2014 MVP Runner-Up),1,1,3,-0.362025618571591,3.260582986280114,SL,foul,Contact / Foul
2014,Pre-Statcast (2014 MVP Runner-Up),5,2,2,-0.01120654898708783,2.9358658058181453,FF,foul,Contact / Foul
2014,Pre-Statcast (2014 MVP Runner-Up),4,1,2,-0.6347668447200031,2.4481305151514534,SL,hit_into_play,Contact / Foul
2014,Pre-Statcast (2014 MVP Runner-Up),8,2,1,-0.06138940375905621,1.9735128823453083,SL,swinging_strike,Whiff (Miss)
2014,Pre-Statcast (2014 MVP Runner-Up),8,2,1,-0.09333488086705435,1.9749262781099368,SL,swinging_strike,Whiff (Miss)
2014,Pre-Statcast (2014 MVP Runner-Up),9,3,1,0.4090442471769674,1.6933415935552176,SL,swinging_strike,Whiff (Miss)
2014,Pre-Statcast (2014 MVP Runner-Up),8,2,1,-0.08657833678838978,2.0348226745249094,SL,hit_into_play,Contact / Foul
2014,Pre-Statcast (2014 MVP Runner-Up),6,3,2,0.32068067275457424,2.753079403474836,FF,foul,Contact / Foul
2014,Pre-Statcast (2014 MVP Runner-Up),5,2,2,0.1558457568353418,2.6302179205911704,FF,hit_into_play,Contact / Foul
2014,Pre-Statcast (2014 MVP Runner-Up),3,3,3,0.35012588277106327,3.2059842595924053,FF,foul,Contact / Foul
2014,Pre-Statcast (2014 MVP Runner-Up),4,1,2,-0.3425309004244259,2.525052550376502,SI,hit_into_play,Contact / Foul
2014,Pre-Statcast (2014 MVP Runner-Up),6,3,2,0.31355188194333805,3.048780037853902,SL,hit_into_play,Contact / Foul
2014,Pre-Statcast (2014 MVP Runner-Up),8,2,1,-0.13916006976930173,2.283797970542272,FF,hit_into_play,Contact / Foul
2014,Pre-Statcast (2014 MVP Runner-Up),4,1,2,-0.5855540727900332,2.36022794923523,FF,foul,Contact / Foul
2014,Pre-Statcast (2014 MVP Runner-Up),9,3,1,0.713812651251066,1.9217396940330116,SL,swinging_strike,Whiff (Miss)
2014,Pre-Statcast (2014 MVP Runner-Up),7,1,1,-0.31611668507276125,2.1522449494503544,FF,hit_into_play,Contact / Foul
2014,Pre-Statcast (2014 MVP Runner-Up),6,3,2,0.2785610245291512,2.465781935732624,SL,hit_into_play,Contact / Foul
2014,Pre-Statcast (2014 MVP Runner-Up),5,2,2,0.10128821771523716,2.570660018864177,SL,hit_into_play,Contact / Foul
2014,Pre-Statcast (2014 MVP Runner-Up),9,3,1,0.427078127176187,2.0550675550441184,CH,hit_into_play,Contact / Foul
2014,Pre-Statcast (2014 MVP Runner-Up),3,3,3,0.5068708928154191,3.1150746406224954,SI,hit_into_play,Contact / Foul
2014,Pre-Statcast (2014 MVP Runner-Up),8,2,1,-0.07815676610435812,1.9962526173972115,SL,swinging_strike,Whiff (Miss)
2014,Pre-Statcast (2014 MVP Runner-Up),6,3,2,0.5710580180601522,2.8453729947378923,SL,hit_into_play,Contact / Foul
2014,Pre-Statcast (2014 MVP Runner-Up),9,3,1,0.5770111786288189,2.025651374570184,SL,swinging_strike,Whiff (Miss)
2014,Pre-Statcast (2014 MVP Runner-Up),5,2,2,0.22779747301340791,2.818342737680885,SL,foul,Contact / Foul
2014,Pre-Statcast (2014 MVP Runner-Up),4,1,2,-0.7592409324944629,2.801951259017699,CH,hit_into_play,Contact / Foul
2014,Pre-Statcast (2014 MVP Runner-Up),9,3,1,0.532907652509603,2.1832247968343665,SL,foul,Contact / Foul
2014,Pre-Statcast (2014 MVP Runner-Up),3,3,3,0.3911325615812116,3.2530110966956083,SL,foul,Contact / Foul
2014,Pre-Statcast (2014 MVP Runner-Up),5,2,2,-0.26050254207697515,2.881494009748482,CU,swinging_strike,Whiff (Miss)
2014,Pre-Statcast (2014 MVP Runner-Up),5,2,2,-0.15724973653741303,3.058948130780789,CH,hit_into_play,Contact / Foul
2014,Pre-Statcast (2014 MVP Runner-Up),4,1,2,-0.34302159010080696,2.33373006193753,FF,foul,Contact / Foul
2014,Pre-Statcast (2014 MVP Runner-Up),6,3,2,0.541990129168937,2.670800684475944,CH,hit_into_play,Contact / Foul
2014,Pre-Statcast (2014 MVP Runner-Up),5,2,2,0.1047790960334205,2.619797339186187,FF,hit_into_play,Contact / Foul
2014,Pre-Statcast (2014 MVP Runner-Up),9,3,1,0.3465234476689667,1.9818301006932904,FF,foul,Contact / Foul
2014,Pre-Statcast (2014 MVP Runner-Up),5,2,2,0.21432294865871837,2.7949648661286455,FF,hit_into_play,Contact / Foul
2014,Pre-Statcast (2014 MVP Runner-Up),4,1,2,-0.36209638693631663,2.456929370537411,FF,hit_into_play,Contact / Foul
2014,Pre-Statcast (2014 MVP Runner-Up),7,1,1,-0.42733976852642086,2.286566490150009,FF,hit_into_play,Contact / Foul
2014,Pre-Statcast (2014 MVP Runner-Up),9,3,1,0.3447941536137842,1.8546678192327568,CH,foul,Contact / Foul
2014,Pre-Statcast (2014 MVP Runner-Up),5,2,2,0.13137422624033743,2.5569671064285617,CH,foul,Contact / Foul
2014,Pre-Statcast (2014 MVP Runner-Up),6,3,2,0.3571249430136585,2.86235389138669,SI,hit_into_play,Contact / Foul
2014,Pre-Statcast (2014 MVP Runner-Up),8,2,1,-0.08048405428913863,2.026747001394593,SL,swinging_strike,Whiff (Miss)
2014,Pre-Statcast (2014 MVP Runner-Up),6,3,2,0.6487479509587386,2.350978127845194,CU,hit_into_play,Contact / Foul
2014,Pre-Statcast (2014 MVP Runner-Up),9,3,1,0.2856179345237009,2.1332514899288864,CH,swinging_strike,Whiff (Miss)
2014,Pre-Statcast (2014 MVP Runner-Up),3,3,3,0.4565832923368496,3.6123521731036465,FF,hit_into_play,Contact / Foul
2014,Pre-Statcast (2014 MVP Runner-Up),4,1,2,-0.5820106926898985,2.40978755158425,SI,foul,Contact / Foul
2014,Pre-Statcast (2014 MVP Runner-Up),1,1,3,-0.46104364275233367,3.1785565675267353,SI,hit_into_play,Contact / Foul
2014,Pre-Statcast (2014 MVP Runner-Up),8,2,1,-0.2090622640098375,2.0311094236335636,SL,hit_into_play,Contact / Foul
2014,Pre-Statcast (2014 MVP Runner-Up),3,3,3,0.8010515133702654,3.4666735193847935,FF,hit_into_play,Contact / Foul
2014,Pre-Statcast (2014 MVP Runner-Up),7,1,1,-0.37542057056019273,1.7430269048510465,SL,hit_into_play,Contact / Foul
2014,Pre-Statcast (2014 MVP Runner-Up),3,3,3,0.5545169348185672,3.52708901128846,FF,hit_into_play,Contact / Foul
2014,Pre-Statcast (2014 MVP Runner-Up),4,1,2,-0.32724152947702323,2.9068557081432487,SL,swinging_strike,Whiff (Miss)
2014,Pre-Statcast (2014 MVP Runner-Up),6,3,2,0.7763466171674765,2.7062498027740136,CH,hit_into_play,Contact / Foul
2014,Pre-Statcast (2014 MVP Runner-Up),5,2,2,0.13286883116007203,2.8514525371472574,FF,foul,Contact / Foul
2014,Pre-Statcast (2014 MVP Runner-Up),8,2,1,0.06904222768207635,1.5919700003446056,KC,swinging_strike,Whiff (Miss)
2014,Pre-Statcast (2014 MVP Runner-Up),1,1,3,-0.3852776812897384,3.085620904756663,FF,hit_into_play,Contact / Foul
2014,Pre-Statcast (2014 MVP Runner-Up),3,3,3,0.4177838824909751,3.3650386608163325,FF,foul,Contact / Foul
2014,Pre-Statcast (2014 MVP Runner-Up),8,2,1,-0.1066789685672448,1.9953415740859892,CH,swinging_strike,Whiff (Miss)
2014,Pre-Statcast (2014 MVP Runner-Up),5,2,2,-0.02702735496055652,2.629070593554168,SL,hit_into_play,Contact / Foul
2014,Pre-Statcast (2014 MVP Runner-Up),9,3,1,0.8194336814506485,2.2836796571415494,SL,foul,Contact / Foul
2014,Pre-Statcast (2014 MVP Runner-Up),2,2,3,0.01937435167987269,3.1913851971187817,SL,hit_into_play,Contact / Foul
2014,Pre-Statcast (2014 MVP Runner-Up),2,2,3,-0.26306903884696975,3.34133672759937,FF,hit_into_play,Contact / Foul
2014,Pre-Statcast (2014 MVP Runner-Up),2,2,3,-0.15788199898524025,3.05336948406927,FF,foul,Contact / Foul
2014,Pre-Statcast (2014 MVP Runner-Up),4,1,2,-0.3765069657843644,2.5637939569583303,FC,hit_into_play,Contact / Foul
2014,Pre-Statcast (2014 MVP Runner-Up),7,1,1,-0.28047770136315986,1.9930812721014388,SI,foul,Contact / Foul
2014,Pre-Statcast (2014 MVP Runner-Up),9,3,1,0.5052894028350428,2.065249136114725,FC,hit_into_play,Contact / Foul
2014,Pre-Statcast (2014 MVP Runner-Up),8,2,1,0.2680724730436669,1.852992531665288,FS,hit_into_play,Contact / Foul
2014,Pre-Statcast (2014 MVP Runner-Up),4,1,2,-0.393727220621144,2.298764583036876,KC,foul,Contact / Foul
2014,Pre-Statcast (2014 MVP Runner-Up),5,2,2,0.13994145441146588,3.007799346567365,FF,swinging_strike,Whiff (Miss)
2014,Pre-Statcast (2014 MVP Runner-Up),6,3,2,0.5174506293690241,2.480782742753813,FS,foul,Contact / Foul
2014,Pre-Statcast (2014 MVP Runner-Up),9,3,1,0.5386798210880086,2.0823809004417377,CH,hit_into_play,Contact / Foul
2014,Pre-Statcast (2014 MVP Runner-Up),8,2,1,-0.0689358341657782,1.7746932614957744,CH,hit_into_play,Contact / Foul
2014,Pre-Statcast (2014 MVP Runner-Up),7,1,1,-0.5286217706982813,1.7663757859268885,FF,hit_into_play,Contact / Foul
2014,Pre-Statcast (2014 MVP Runner-Up),7,1,1,-0.466297630586175,1.833596945193038,CH,foul,Contact / Foul
2014,Pre-Statcast (2014 MVP Runner-Up),7,1,1,-0.4338041155969192,1.7605695287231558,CH,foul,Contact / Foul
2014,Pre-Statcast (2014 MVP Runner-Up),9,3,1,0.7775518916698354,1.693065257179043,FF,swinging_strike,Whiff (Miss)
2014,Pre-Statcast (2014 MVP Runner-Up),8,2,1,0.09133272639355323,1.896613208848431,CU,swinging_strike,Whiff (Miss)
2014,Pre-Statcast (2014 MVP Runner-Up),9,3,1,0.450526696899281,1.7908169553719104,CH,hit_into_play,Contact / Foul
2014,Pre-Statcast (2014 MVP Runner-Up),7,1,1,-0.35880578059198953,1.6154152216926887,CH,swinging_strike,Whiff (Miss)
2014,Pre-Statcast (2014 MVP Runner-Up),4,1,2,-0.7868312443216838,2.728633026971944,CH,swinging_strike,Whiff (Miss)
2014,Pre-Statcast (2014 MVP Runner-Up),4,1,2,-0.7285283234608622,2.4567759861500074,SI,hit_into_play,Contact / Foul
2014,Pre-Statcast (2014 MVP Runner-Up),6,3,2,0.6614232004636589,2.4817272514203044,SL,hit_into_play,Contact / Foul
2014,Pre-Statcast (2014 MVP Runner-Up),6,3,2,0.358512419636168,2.597607853361057,CH,hit_into_play,Contact / Foul
2014,Pre-Statcast (2014 MVP Runner-Up),8,2,1,0.16045975246113986,2.1784062999669,KC,foul,Contact / Foul
2014,Pre-Statcast (2014 MVP Runner-Up),9,3,1,0.5625355194645398,2.2562733103700428,FF,hit_into_play,Contact / Foul
2014,Pre-Statcast (2014 MVP Runner-Up),2,2,3,0.105454715495652,3.195343024464326,FF,swinging_strike,Whiff (Miss)
2014,Pre-Statcast (2014 MVP Runner-Up),8,2,1,-0.09556228760474016,1.6900689085348706,CH,swinging_strike,Whiff (Miss)
2014,Pre-Statcast (2014 MVP Runner-Up),5,2,2,0.18348393461142623,2.6633776099506705,SL,hit_into_play,Contact / Foul
2014,Pre-Statcast (2014 MVP Runner-Up),8,2,1,-0.26239357654786,2.1944799734582072,FF,foul,Contact / Foul
2014,Pre-Statcast (2014 MVP Runner-Up),4,1,2,-0.5920912490901027,2.287694861171894,SI,hit_into_play,Contact / Foul
2014,Pre-Statcast (2014 MVP Runner-Up),4,1,2,-0.5487591505829974,2.3867634708816965,SI,hit_into_play,Contact / Foul
2014,Pre-Statcast (2014 MVP Runner-Up),5,2,2,0.03117402550627956,2.624186490641625,SI,hit_into_play,Contact / Foul
2014,Pre-Statcast (2014 MVP Runner-Up),4,1,2,-0.59695537530759335,2.4875923533934756,FF,foul,Contact / Foul
2014,Pre-Statcast (2014 MVP Runner-Up),1,1,3,-0.6382582476771334,3.5116726175164663,FF,hit_into_play,Contact / Foul
2014,Pre-Statcast (2014 MVP Runner-Up),1,1,3,-0.6509809654202435,3.3827864644017223,FF,foul,Contact / Foul
2014,Pre-Statcast (2014 MVP Runner-Up),8,2,1,0.03155199621621568,2.155890869007181,FC,hit_into_play,Contact / Foul
2014,Pre-Statcast (2014 MVP Runner-Up),5,2,2,-0.12385226298036156,2.524611824585495,CU,hit_into_play,Contact / Foul
2014,Pre-Statcast (2014 MVP Runner-Up),1,1,3,-0.5464944339298679,3.267936261040579,CH,swinging_strike,Whiff (Miss)
2014,Pre-Statcast (2014 MVP Runner-Up),9,3,1,0.7844426084514776,1.775953362398313,CU,swinging_strike,Whiff (Miss)
2014,Pre-Statcast (2014 MVP Runner-Up),5,2,2,0.1302944461313344,2.652590409109255,FF,hit_into_play,Contact / Foul
2014,Pre-Statcast (2014 MVP Runner-Up),6,3,2,0.5827145590585123,2.976678966787895,SI,hit_into_play,Contact / Foul
2014,Pre-Statcast (2014 MVP Runner-Up),4,1,2,-0.5794566857007133,2.8705000087382784,FF,hit_into_play,Contact / Foul
2014,Pre-Statcast (2014 MVP Runner-Up),8,2,1,-0.1047333401602637,1.6708302673341735,CH,swinging_strike,Whiff (Miss)
2014,Pre-Statcast (2014 MVP Runner-Up),6,3,2,0.6230817866935097,2.7654250953132684,FC,hit_into_play,Contact / Foul
2014,Pre-Statcast (2014 MVP Runner-Up),4,1,2,-0.37663747949090487,2.3980411822437144,CU,hit_into_play,Contact / Foul
2014,Pre-Statcast (2014 MVP Runner-Up),5,2,2,-0.03530859575854861,2.624126558552425,CU,foul,Contact / Foul
2014,Pre-Statcast (2014 MVP Runner-Up),9,3,1,0.5638519075817814,1.7652034113093684,CU,swinging_strike,Whiff (Miss)
2014,Pre-Statcast (2014 MVP Runner-Up),9,3,1,0.36737228627572927,2.0292337806723957,CH,swinging_strike,Whiff (Miss)
2014,Pre-Statcast (2014 MVP Runner-Up),9,3,1,0.4552188262788822,1.9700732991274752,SL,swinging_strike,Whiff (Miss)
2014,Pre-Statcast (2014 MVP Runner-Up),8,2,1,0.13240547168005212,2.1120362180531864,FF,hit_into_play,Contact / Foul
2014,Pre-Statcast (2014 MVP Runner-Up),4,1,2,-0.30422446851373697,2.8782719055458283,FF,hit_into_play,Contact / Foul
2014,Pre-Statcast (2014 MVP Runner-Up),4,1,2,-0.771343002446109,2.3915709283464315,CH,hit_into_play,Contact / Foul
2014,Pre-Statcast (2014 MVP Runner-Up),7,1,1,-0.6514322554275346,2.1691767157088133,CU,hit_into_play,Contact / Foul
2014,Pre-Statcast (2014 MVP Runner-Up),6,3,2,0.620784597816133,2.925777338319556,FF,hit_into_play,Contact / Foul
2014,Pre-Statcast (2014 MVP Runner-Up),3,3,3,0.8117423078645124,3.555227084822794,SI,foul,Contact / Foul
2014,Pre-Statcast (2014 MVP Runner-Up),9,3,1,0.81161767077427,2.299854907867697,KC,hit_into_play,Contact / Foul
2014,Pre-Statcast (2014 MVP Runner-Up),6,3,2,0.3606093421076843,2.726533675467908,KC,hit_into_play,Contact / Foul
2014,Pre-Statcast (2014 MVP Runner-Up),9,3,1,0.3347569785292417,1.799437877965853,CU,foul_tip,Contact / Foul
2014,Pre-Statcast (2014 MVP Runner-Up),4,1,2,-0.4807803902054588,2.530562893766303,CH,foul,Contact / Foul
2014,Pre-Statcast (2014 MVP Runner-Up),5,2,2,0.15225681136519142,2.58258760916552,SI,foul,Contact / Foul
2014,Pre-Statcast (2014 MVP Runner-Up),3,3,3,0.4208480975695048,3.224581771148164,SL,foul,Contact / Foul
2014,Pre-Statcast (2014 MVP Runner-Up),2,2,3,-0.21703351937241355,3.668109151660227,SI,foul,Contact / Foul
2014,Pre-Statcast (2014 MVP Runner-Up),4,1,2,-0.6205406363346322,2.5925078220167013,SI,hit_into_play,Contact / Foul
2014,Pre-Statcast (2014 MVP Runner-Up),1,1,3,-0.6437858543856946,3.366289520817624,SI,swinging_strike,Whiff (Miss)
2014,Pre-Statcast (2014 MVP Runner-Up),7,1,1,-0.7971649879820373,2.2208701770173733,SI,hit_into_play,Contact / Foul
2014,Pre-Statcast (2014 MVP Runner-Up),6,3,2,0.6767407730695689,3.006848207157266,FF,foul,Contact / Foul
2014,Pre-Statcast (2014 MVP Runner-Up),2,2,3,0.12458227324931388,3.4671757647943697,FF,foul,Contact / Foul
2014,Pre-Statcast (2014 MVP Runner-Up),5,2,2,0.129825064634747,2.61731888025287,FF,hit_into_play,Contact / Foul
2014,Pre-Statcast (2014 MVP Runner-Up),4,1,2,-0.43260535887985074,2.5994357645618114,FC,hit_into_play,Contact / Foul
2014,Pre-Statcast (2014 MVP Runner-Up),7,1,1,-0.5682148251605228,2.2662027461378624,CU,hit_into_play,Contact / Foul
2014,Pre-Statcast (2014 MVP Runner-Up),9,3,1,0.42962791052974375,2.176790663977193,FC,hit_into_play,Contact / Foul
2014,Pre-Statcast (2014 MVP Runner-Up),7,1,1,-0.5880717239114623,2.095200897339332,SI,foul,Contact / Foul
2014,Pre-Statcast (2014 MVP Runner-Up),8,2,1,-0.02653200496099117,2.217690401816645,SI,hit_into_play,Contact / Foul
2014,Pre-Statcast (2014 MVP Runner-Up),5,2,2,0.0753397153283486,2.580549106367678,SI,hit_into_play,Contact / Foul
2014,Pre-Statcast (2014 MVP Runner-Up),4,1,2,-0.5805846757077713,2.8344743835760484,FF,foul,Contact / Foul
2014,Pre-Statcast (2014 MVP Runner-Up),7,1,1,-0.3303949551389165,2.304252257016426,CH,swinging_strike,Whiff (Miss)
2014,Pre-Statcast (2014 MVP Runner-Up),2,2,3,0.20554617640265993,3.658691599771551,FF,foul,Contact / Foul
2014,Pre-Statcast (2014 MVP Runner-Up),9,3,1,0.5974145928648856,2.092790681989996,SL,swinging_strike,Whiff (Miss)
2014,Pre-Statcast (2014 MVP Runner-Up),9,3,1,0.7859682604020819,2.230678111559083,FF,foul,Contact / Foul
2014,Pre-Statcast (2014 MVP Runner-Up),4,1,2,-0.2976722996671504,2.383329494166784,FF,foul_tip,Contact / Foul
2014,Pre-Statcast (2014 MVP Runner-Up),8,2,1,-0.14182808612839026,1.714880046891678,CH,hit_into_play,Contact / Foul
2014,Pre-Statcast (2014 MVP Runner-Up),5,2,2,0.05074069298848549,2.921887449796667,SI,hit_into_play,Contact / Foul
2014,Pre-Statcast (2014 MVP Runner-Up),3,3,3,0.5039823791788476,3.238087162295101,SI,swinging_strike,Whiff (Miss)
2014,Pre-Statcast (2014 MVP Runner-Up),8,2,1,-0.23440622740521275,2.2266759635891127,SI,hit_into_play,Contact / Foul
2014,Pre-Statcast (2014 MVP Runner-Up),5,2,2,0.1869028576070716,2.338162043204342,SL,foul,Contact / Foul
2014,Pre-Statcast (2014 MVP Runner-Up),9,3,1,0.4865799045993152,1.774507367143359,SL,hit_into_play,Contact / Foul
2014,Pre-Statcast (2014 MVP Runner-Up),8,2,1,0.2079592596480232,1.9734710783142264,SL,swinging_strike,Whiff (Miss)
2014,Pre-Statcast (2014 MVP Runner-Up),4,1,2,-0.5942370966707028,2.4346318086147765,CU,hit_into_play,Contact / Foul
2014,Pre-Statcast (2014 MVP Runner-Up),4,1,2,-0.39392596445838135,2.881985063535468,FF,foul,Contact / Foul
2014,Pre-Statcast (2014 MVP Runner-Up),2,2,3,0.08520249534957569,3.1132713248214032,FF,foul,Contact / Foul
2014,Pre-Statcast (2014 MVP Runner-Up),8,2,1,0.23575681611429355,1.9400879605672121,CH,swinging_strike,Whiff (Miss)
2014,Pre-Statcast (2014 MVP Runner-Up),8,2,1,0.19367216561544665,1.937414673304645,SL,hit_into_play,Contact / Foul
2014,Pre-Statcast (2014 MVP Runner-Up),4,1,2,-0.3810097372891391,2.630846939866431,CU,hit_into_play,Contact / Foul
2014,Pre-Statcast (2014 MVP Runner-Up),8,2,1,-0.1599736430932157,1.8714123820072484,CU,foul,Contact / Foul
2014,Pre-Statcast (2014 MVP Runner-Up),1,1,3,-0.8164235755598557,3.7561662363496113,FF,foul_tip,Contact / Foul
2014,Pre-Statcast (2014 MVP Runner-Up),4,1,2,-0.4554968105863477,2.703474385226448,CU,swinging_strike,Whiff (Miss)
2014,Pre-Statcast (2014 MVP Runner-Up),5,2,2,0.00403842948390775,2.3111383605113907,CU,hit_into_play,Contact / Foul
2014,Pre-Statcast (2014 MVP Runner-Up),5,2,2,-0.0081539686271348,2.857444075214585,CU,swinging_strike,Whiff (Miss)
2014,Pre-Statcast (2014 MVP Runner-Up),8,2,1,0.1659842653298269,2.148986775019042,FF,foul,Contact / Foul
2014,Pre-Statcast (2014 MVP Runner-Up),2,2,3,-0.1971814055433294,3.5040550114110713,SI,foul,Contact / Foul
2014,Pre-Statcast (2014 MVP Runner-Up),8,2,1,-0.13729999526185083,2.0627177532154968,SL,hit_into_play,Contact / Foul
2014,Pre-Statcast (2014 MVP Runner-Up),6,3,2,0.35972998565327874,2.416585207325253,FF,hit_into_play,Contact / Foul
2014,Pre-Statcast (2014 MVP Runner-Up),7,1,1,-0.6269008348626608,2.2624063693118215,CH,swinging_strike,Whiff (Miss)
2014,Pre-Statcast (2014 MVP Runner-Up),5,2,2,0.2461918408721635,2.579488497133979,CU,foul,Contact / Foul
2014,Pre-Statcast (2014 MVP Runner-Up),5,2,2,0.01518254631191584,2.6082392657251927,SL,hit_into_play,Contact / Foul
2014,Pre-Statcast (2014 MVP Runner-Up),7,1,1,-0.2823893254347835,2.2734758221379003,SL,swinging_strike,Whiff (Miss)
2014,Pre-Statcast (2014 MVP Runner-Up),4,1,2,-0.6395637472947496,2.422325913290051,SL,foul,Contact / Foul
2014,Pre-Statcast (2014 MVP Runner-Up),8,2,1,-0.03306497801645339,1.6192432342199408,SL,hit_into_play,Contact / Foul
2014,Pre-Statcast (2014 MVP Runner-Up),3,3,3,0.4025272023928228,3.5967616305220176,FF,hit_into_play,Contact / Foul
2014,Pre-Statcast (2014 MVP Runner-Up),7,1,1,-0.6821489315853304,1.968190079500301,SL,foul,Contact / Foul
2014,Pre-Statcast (2014 MVP Runner-Up),5,2,2,0.1213713785228656,2.3978644898912354,SI,hit_into_play,Contact / Foul
2014,Pre-Statcast (2014 MVP Runner-Up),5,2,2,-0.01825098679886738,2.6716863969319897,SI,foul,Contact / Foul
2014,Pre-Statcast (2014 MVP Runner-Up),1,1,3,-0.5005783890926847,3.534975084563274,SI,foul,Contact / Foul
2014,Pre-Statcast (2014 MVP Runner-Up),4,1,2,-0.7617782689360397,2.814352643279272,SI,hit_into_play,Contact / Foul
2014,Pre-Statcast (2014 MVP Runner-Up),3,3,3,0.5770217912909421,3.256629472284552,FF,foul_tip,Contact / Foul
2014,Pre-Statcast (2014 MVP Runner-Up),5,2,2,0.0739028662614527,2.643345480199476,CH,hit_into_play,Contact / Foul
2014,Pre-Statcast (2014 MVP Runner-Up),9,3,1,0.5435214600493903,2.198627845575021,FF,hit_into_play,Contact / Foul
2014,Pre-Statcast (2014 MVP Runner-Up),4,1,2,-0.7073460071902218,2.5054300763220994,FF,hit_into_play,Contact / Foul
2014,Pre-Statcast (2014 MVP Runner-Up),8,2,1,0.13697987780619425,2.0649215480197665,SL,hit_into_play,Contact / Foul
2014,Pre-Statcast (2014 MVP Runner-Up),9,3,1,0.5994748597066287,2.0171163392705496,SL,hit_into_play,Contact / Foul
2014,Pre-Statcast (2014 MVP Runner-Up),7,1,1,-0.3126055364152462,1.5986649183424937,KC,swinging_strike,Whiff (Miss)
2014,Pre-Statcast (2014 MVP Runner-Up),8,2,1,-0.2097112616261485,1.7688335789200458,SI,foul,Contact / Foul
2014,Pre-Statcast (2014 MVP Runner-Up),6,3,2,0.5283765460384291,2.5628990297970975,FF,hit_into_play,Contact / Foul
2014,Pre-Statcast (2014 MVP Runner-Up),8,2,1,-0.07378018550670995,2.0520707123875033,FF,foul_tip,Contact / Foul
2014,Pre-Statcast (2014 MVP Runner-Up),2,2,3,-0.03015974146323863,3.262644240201916,FF,swinging_strike,Whiff (Miss)
2014,Pre-Statcast (2014 MVP Runner-Up),2,2,3,0.27439548351171994,3.468050224566726,SI,hit_into_play,Contact / Foul
2014,Pre-Statcast (2014 MVP Runner-Up),6,3,2,0.6090094971852594,2.398259481679921,SL,swinging_strike,Whiff (Miss)
2014,Pre-Statcast (2014 MVP Runner-Up),5,2,2,-0.15305729612659877,2.547391695203369,SL,hit_into_play,Contact / Foul
2014,Pre-Statcast (2014 MVP Runner-Up),6,3,2,0.5287015713332763,2.2916243278614714,FC,foul,Contact / Foul
2014,Pre-Statcast (2014 MVP Runner-Up),6,3,2,0.48962481596127727,2.553587132684757,FF,foul,Contact / Foul
2014,Pre-Statcast (2014 MVP Runner-Up),7,1,1,-0.7838711806641493,2.216119695976909,SL,foul,Contact / Foul
2014,Pre-Statcast (2014 MVP Runner-Up),6,3,2,0.5281573519742845,2.6484340979472956,FF,foul,Contact / Foul
2014,Pre-Statcast (2014 MVP Runner-Up),6,3,2,0.7168090389487597,2.40585177845776,SL,hit_into_play,Contact / Foul
2014,Pre-Statcast (2014 MVP Runner-Up),2,2,3,-0.22825362068117896,3.178967407517629,FF,swinging_strike,Whiff (Miss)
2014,Pre-Statcast (2014 MVP Runner-Up),5,2,2,0.24747103447967467,2.5189936482544377,SI,hit_into_play,Contact / Foul
2014,Pre-Statcast (2014 MVP Runner-Up),8,2,1,0.17223687169098112,2.2041620894251066,CU,hit_into_play,Contact / Foul
2014,Pre-Statcast (2014 MVP Runner-Up),5,2,2,-0.15658918264223898,2.4340192270783896,CH,foul,Contact / Foul
2014,Pre-Statcast (2014 MVP Runner-Up),4,1,2,-0.7748666877223357,2.8573243796175163,FF,hit_into_play,Contact / Foul
2014,Pre-Statcast (2014 MVP Runner-Up),8,2,1,0.2359059312550822,1.741427593043226,KC,hit_into_play,Contact / Foul
2014,Pre-Statcast (2014 MVP Runner-Up),8,2,1,-0.10953436379463466,1.5409847262528396,CH,swinging_strike,Whiff (Miss)
2014,Pre-Statcast (2014 MVP Runner-Up),4,1,2,-0.6569218730032316,2.9599366671551284,FF,foul,Contact / Foul
2014,Pre-Statcast (2014 MVP Runner-Up),9,3,1,0.7224138709272876,2.082300803461565,FF,hit_into_play,Contact / Foul
2014,Pre-Statcast (2014 MVP Runner-Up),5,2,2,0.1215023405030693,2.9066634546783146,SI,foul,Contact / Foul
2014,Pre-Statcast (2014 MVP Runner-Up),4,1,2,-0.4870786963820737,2.647570900060106,SL,hit_into_play,Contact / Foul
2014,Pre-Statcast (2014 MVP Runner-Up),5,2,2,-0.16400602030279132,2.316216379751152,SI,hit_into_play,Contact / Foul
2014,Pre-Statcast (2014 MVP Runner-Up),5,2,2,0.03602194548226151,2.5062734413110044,SL,hit_into_play,Contact / Foul
2014,Pre-Statcast (2014 MVP Runner-Up),8,2,1,0.1693335107132539,2.189698998031144,SI,hit_into_play,Contact / Foul
2014,Pre-Statcast (2014 MVP Runner-Up),8,2,1,-0.11900471948503476,2.0498287218905893,FF,swinging_strike,Whiff (Miss)
2014,Pre-Statcast (2014 MVP Runner-Up),9,3,1,0.7138199250836426,2.1657783609937904,CH,hit_into_play,Contact / Foul
2014,Pre-Statcast (2014 MVP Runner-Up),9,3,1,0.5568847852636246,1.54849336133931,FS,swinging_strike,Whiff (Miss)
2014,Pre-Statcast (2014 MVP Runner-Up),4,1,2,-0.29234138251809216,2.3960215231463433,FF,hit_into_play,Contact / Foul
2014,Pre-Statcast (2014 MVP Runner-Up),5,2,2,0.03215157707103189,2.587646580871315,SI,hit_into_play,Contact / Foul
2014,Pre-Statcast (2014 MVP Runner-Up),5,2,2,0.14373350141257424,2.5697123741717416,CH,hit_into_play,Contact / Foul
2014,Pre-Statcast (2014 MVP Runner-Up),1,1,3,-0.7677921737912689,3.0091741246444723,SI,hit_into_play,Contact / Foul
2014,Pre-Statcast (2014 MVP Runner-Up),4,1,2,-0.39701468323909034,2.6560489112325403,FF,foul,Contact / Foul
2014,Pre-Statcast (2014 MVP Runner-Up),1,1,3,-0.7376395112377983,3.19059751950678,SL,foul,Contact / Foul
2014,Pre-Statcast (2014 MVP Runner-Up),8,2,1,-0.12576613547539273,1.7421478557860457,CU,hit_into_play,Contact / Foul
2014,Pre-Statcast (2014 MVP Runner-Up),3,3,3,0.6418313680908625,3.5326790274654893,FF,foul,Contact / Foul
2014,Pre-Statcast (2014 MVP Runner-Up),5,2,2,0.10559999995245228,2.4233605213409763,FF,hit_into_play,Contact / Foul
2014,Pre-Statcast (2014 MVP Runner-Up),2,2,3,-0.21243967674594263,2.9702023582479113,SL,hit_into_play,Contact / Foul
2014,Pre-Statcast (2014 MVP Runner-Up),8,2,1,-0.02006661959312347,1.8421563970253771,CU,foul,Contact / Foul
2014,Pre-Statcast (2014 MVP Runner-Up),5,2,2,-0.2740349298599681,2.3814116708245994,SL,hit_into_play,Contact / Foul
2014,Pre-Statcast (2014 MVP Runner-Up),8,2,1,-0.23413247180041383,2.147619597929224,FF,hit_into_play,Contact / Foul
2014,Pre-Statcast (2014 MVP Runner-Up),4,1,2,-0.4432135293114903,2.4882524056757833,CH,hit_into_play,Contact / Foul
2014,Pre-Statcast (2014 MVP Runner-Up),6,3,2,0.690051347898587,2.574038573304772,FF,hit_into_play,Contact / Foul
2014,Pre-Statcast (2014 MVP Runner-Up),8,2,1,0.06471933764225724,1.6853247121411217,CU,swinging_strike,Whiff (Miss)
2014,Pre-Statcast (2014 MVP Runner-Up),7,1,1,-0.7939208785907645,1.841135283208485,FS,foul,Contact / Foul
2014,Pre-Statcast (2014 MVP Runner-Up),4,1,2,-0.5254080494340383,2.8303173274639004,FF,foul,Contact / Foul
2014,Pre-Statcast (2014 MVP Runner-Up),6,3,2,0.5129141115214925,2.324871755024552,FF,hit_into_play,Contact / Foul
2017,Post-Statcast (2017 MVP),5,2,2,-0.07572069121303189,2.8867593794647077,FF,foul,Contact / Foul
2017,Post-Statcast (2017 MVP),6,3,2,0.4894897695353628,2.445010800649216,FF,hit_into_play,Contact / Foul
2017,Post-Statcast (2017 MVP),1,1,3,-0.5852643430469634,3.6770167731214185,SL,swinging_strike,Whiff (Miss)
2017,Post-Statcast (2017 MVP),3,3,3,0.5466428028613671,3.481779314112959,FF,swinging_strike,Whiff (Miss)
2017,Post-Statcast (2017 MVP),2,2,3,0.1882942598936883,3.0137477233584553,SI,foul,Contact / Foul
2017,Post-Statcast (2017 MVP),6,3,2,0.6355503613591844,2.9634371036093974,SI,foul,Contact / Foul
2017,Post-Statcast (2017 MVP),5,2,2,0.24339108237855367,2.73465957992886,FF,hit_into_play,Contact / Foul
2017,Post-Statcast (2017 MVP),3,3,3,0.4825653737589447,3.395282115244643,FF,foul,Contact / Foul
2017,Post-Statcast (2017 MVP),6,3,2,0.7997500557704885,2.3871685736740185,SL,hit_into_play,Contact / Foul
2017,Post-Statcast (2017 MVP),8,2,1,-0.04295919854990671,1.4913846529561572,CH,swinging_strike,Whiff (Miss)
2017,Post-Statcast (2017 MVP),5,2,2,0.16309925717819318,2.877646185124585,FF,swinging_strike,Whiff (Miss)
2017,Post-Statcast (2017 MVP),8,2,1,-0.236936553358182,2.2228496656245653,CU,foul,Contact / Foul
2017,Post-Statcast (2017 MVP),7,1,1,-0.7737350926093994,2.131311505318176,FF,hit_into_play,Contact / Foul
2017,Post-Statcast (2017 MVP),7,1,1,-0.7914670374211028,1.7936955510011328,SL,hit_into_play,Contact / Foul
2017,Post-Statcast (2017 MVP),1,1,3,-0.7271989090273713,3.0628180475311098,FF,foul,Contact / Foul
2017,Post-Statcast (2017 MVP),6,3,2,0.6427371693493877,2.3656483025566897,FF,hit_into_play,Contact / Foul
2017,Post-Statcast (2017 MVP),6,3,2,0.5385268679278556,2.437536099995988,FC,hit_into_play,Contact / Foul
2017,Post-Statcast (2017 MVP),8,2,1,0.21284115096282452,2.1402274739399463,CU,hit_into_play,Contact / Foul
2017,Post-Statcast (2017 MVP),5,2,2,-0.03209012082454032,2.324766124163224,FF,foul,Contact / Foul
2017,Post-Statcast (2017 MVP),5,2,2,-0.19926261940664405,2.927338426440373,FF,foul,Contact / Foul
2017,Post-Statcast (2017 MVP),8,2,1,-0.10055016475345102,1.6218854646670446,SL,swinging_strike,Whiff (Miss)
2017,Post-Statcast (2017 MVP),8,2,1,-0.19930994256670503,2.205257824036599,SL,hit_into_play,Contact / Foul
2017,Post-Statcast (2017 MVP),7,1,1,-0.513499747895569,1.719514917574092,CU,hit_into_play,Contact / Foul
2017,Post-Statcast (2017 MVP),4,1,2,-0.7873812043322601,2.3772566497387615,SL,foul,Contact / Foul
2017,Post-Statcast (2017 MVP),2,2,3,0.08633136834836375,3.0040808098371867,SL,foul,Contact / Foul
2017,Post-Statcast (2017 MVP),1,1,3,-0.3776668055092331,3.0179067918296214,SL,swinging_strike,Whiff (Miss)
2017,Post-Statcast (2017 MVP),6,3,2,0.5391240566583217,2.427064170402158,FF,foul,Contact / Foul
2017,Post-Statcast (2017 MVP),2,2,3,0.04584817266067548,3.4817058498496447,FF,swinging_strike,Whiff (Miss)
2017,Post-Statcast (2017 MVP),9,3,1,0.6789214746141413,1.8794899392117228,SL,swinging_strike,Whiff (Miss)
2017,Post-Statcast (2017 MVP),5,2,2,0.17308046037167685,2.3860736550288446,FC,foul,Contact / Foul
2017,Post-Statcast (2017 MVP),4,1,2,-0.4851703879026419,2.237982114521275,FF,hit_into_play,Contact / Foul
2017,Post-Statcast (2017 MVP),8,2,1,0.26182742427207417,2.088644506591248,FF,foul,Contact / Foul
2017,Post-Statcast (2017 MVP),6,3,2,0.6521816528322885,3.0236442857243304,FC,foul,Contact / Foul
2017,Post-Statcast (2017 MVP),9,3,1,0.7804165717776497,2.0393920220744235,FC,hit_into_play,Contact / Foul
2017,Post-Statcast (2017 MVP),9,3,1,0.5973169963764189,1.9969836381538415,SL,hit_into_play,Contact / Foul
2017,Post-Statcast (2017 MVP),8,2,1,-0.1525548015245014,1.9387951671717505,FF,hit_into_play,Contact / Foul
2017,Post-Statcast (2017 MVP),2,2,3,-0.1279106663312477,3.5472513243396913,FF,swinging_strike,Whiff (Miss)
2017,Post-Statcast (2017 MVP),6,3,2,0.6181301814453366,2.8379960194318885,SI,hit_into_play,Contact / Foul
2017,Post-Statcast (2017 MVP),6,3,2,0.7481622913869224,2.3355027054819373,SL,foul,Contact / Foul
2017,Post-Statcast (2017 MVP),6,3,2,0.3917236464003291,2.5520415600602604,SI,swinging_strike,Whiff (Miss)
2017,Post-Statcast (2017 MVP),4,1,2,-0.3438464141528407,2.293444772573874,FF,hit_into_play,Contact / Foul
2017,Post-Statcast (2017 MVP),6,3,2,0.28031345478971725,2.6863842222055903,SL,swinging_strike,Whiff (Miss)
2017,Post-Statcast (2017 MVP),6,3,2,0.5890731603244195,2.785262493877372,CH,foul,Contact / Foul
2017,Post-Statcast (2017 MVP),5,2,2,0.11856018875761952,2.1204066731137665,CU,hit_into_play,Contact / Foul
2017,Post-Statcast (2017 MVP),7,1,1,-0.505338923522242,1.9998747582901504,FS,hit_into_play,Contact / Foul
2017,Post-Statcast (2017 MVP),5,2,2,-0.18585969236804845,2.237446367347705,SI,hit_into_play,Contact / Foul
2017,Post-Statcast (2017 MVP),8,2,1,0.2507047584623705,1.6818127806604777,FF,hit_into_play,Contact / Foul
2017,Post-Statcast (2017 MVP),8,2,1,0.11354984020900284,1.9599782918142568,FF,foul,Contact / Foul
2017,Post-Statcast (2017 MVP),8,2,1,0.26896590658798547,1.62563714816334,FC,hit_into_play,Contact / Foul
2017,Post-Statcast (2017 MVP),6,3,2,0.5484830318079953,2.849393426906632,CU,hit_into_play,Contact / Foul
2017,Post-Statcast (2017 MVP),9,3,1,0.6092159850072117,1.8422638556636537,SL,swinging_strike,Whiff (Miss)
2017,Post-Statcast (2017 MVP),8,2,1,-0.23767996616596695,1.9229910561138723,CH,foul,Contact / Foul
2017,Post-Statcast (2017 MVP),8,2,1,-0.01294380753173429,2.03062820510587,CH,foul,Contact / Foul
2017,Post-Statcast (2017 MVP),8,2,1,-0.2706481919326241,2.270798496129252,KC,hit_into_play,Contact / Foul
2017,Post-Statcast (2017 MVP),2,2,3,-0.1948140720413487,3.2219415040355144,FF,foul,Contact / Foul
2017,Post-Statcast (2017 MVP),1,1,3,-0.8214975697052763,3.224484331244767,FF,swinging_strike,Whiff (Miss)
2017,Post-Statcast (2017 MVP),9,3,1,0.3830726474175229,1.9757206583651188,CU,hit_into_play,Contact / Foul
2017,Post-Statcast (2017 MVP),5,2,2,-0.2678387131581349,2.771047172652586,FF,swinging_strike,Whiff (Miss)
2017,Post-Statcast (2017 MVP),6,3,2,0.7320900414721379,2.4337032724761,SL,hit_into_play,Contact / Foul
2017,Post-Statcast (2017 MVP),5,2,2,0.14611115159034427,2.4083305755551265,CU,hit_into_play,Contact / Foul
2017,Post-Statcast (2017 MVP),5,2,2,-0.11634591907362962,2.478567744947868,FF,foul,Contact / Foul
2017,Post-Statcast (2017 MVP),8,2,1,-0.10409679221128292,1.652364144375079,SL,foul_tip,Contact / Foul
2017,Post-Statcast (2017 MVP),7,1,1,-0.4999955620933074,1.6085775932509567,SI,foul,Contact / Foul
2017,Post-Statcast (2017 MVP),5,2,2,0.03738900153797286,2.832460628875889,FF,foul,Contact / Foul
2017,Post-Statcast (2017 MVP),8,2,1,0.24522914295190112,1.815508359011258,FS,foul,Contact / Foul
2017,Post-Statcast (2017 MVP),9,3,1,0.6476176163406454,2.1583867130269008,FF,foul,Contact / Foul
2017,Post-Statcast (2017 MVP),4,1,2,-0.3811679079885921,2.988438106041615,SL,hit_into_play,Contact / Foul
2017,Post-Statcast (2017 MVP),5,2,2,-0.1835779150949328,2.774886565989078,FF,hit_into_play,Contact / Foul
2017,Post-Statcast (2017 MVP),2,2,3,-0.2745153824919718,3.548378238342682,FF,swinging_strike,Whiff (Miss)
2017,Post-Statcast (2017 MVP),1,1,3,-0.3720160269900733,3.1406615970593457,FF,foul,Contact / Foul
2017,Post-Statcast (2017 MVP),5,2,2,0.20825689646703088,2.7657806210337945,SL,foul,Contact / Foul
2017,Post-Statcast (2017 MVP),8,2,1,0.02506445150930392,2.0471519808973673,FF,hit_into_play,Contact / Foul
2017,Post-Statcast (2017 MVP),8,2,1,-0.14796500882498487,1.8946273548288657,SL,hit_into_play,Contact / Foul
2017,Post-Statcast (2017 MVP),4,1,2,-0.5579908951816135,2.925871859708404,SI,hit_into_play,Contact / Foul
2017,Post-Statcast (2017 MVP),8,2,1,0.1891173513847384,1.7493852469577087,FC,hit_into_play,Contact / Foul
2017,Post-Statcast (2017 MVP),6,3,2,0.3133684045627011,2.622031378299587,FF,swinging_strike,Whiff (Miss)
2017,Post-Statcast (2017 MVP),6,3,2,0.6357222836346856,2.8091304794281244,SI,hit_into_play,Contact / Foul
2017,Post-Statcast (2017 MVP),2,2,3,0.012803109621433049,3.266649874372054,SI,swinging_strike,Whiff (Miss)
2017,Post-Statcast (2017 MVP),2,2,3,-0.12462648205591552,3.108176458041251,SI,swinging_strike,Whiff (Miss)
2017,Post-Statcast (2017 MVP),5,2,2,0.06101239823458715,2.3349718968875743,SL,hit_into_play,Contact / Foul
2017,Post-Statcast (2017 MVP),5,2,2,0.20779396059567157,2.466555645029542,FS,hit_into_play,Contact / Foul
2017,Post-Statcast (2017 MVP),7,1,1,-0.3838590473082647,2.1412471366536416,SI,swinging_strike,Whiff (Miss)
2017,Post-Statcast (2017 MVP),5,2,2,-0.08324691353344421,2.491560777977288,FC,hit_into_play,Contact / Foul
2017,Post-Statcast (2017 MVP),4,1,2,-0.44288799746030216,2.421461982070108,CH,hit_into_play,Contact / Foul
2017,Post-Statcast (2017 MVP),6,3,2,0.6113552442605715,2.4255574821480854,KC,hit_into_play,Contact / Foul
2017,Post-Statcast (2017 MVP),2,2,3,0.15760071577083978,3.1417788239168956,FF,swinging_strike,Whiff (Miss)
2017,Post-Statcast (2017 MVP),6,3,2,0.3408411909288612,2.463018797224622,SL,hit_into_play,Contact / Foul
2017,Post-Statcast (2017 MVP),2,2,3,0.2142064583526786,3.543770831326048,SL,swinging_strike,Whiff (Miss)
2017,Post-Statcast (2017 MVP),4,1,2,-0.5268818647377431,2.432754301689144,FF,swinging_strike,Whiff (Miss)
2017,Post-Statcast (2017 MVP),2,2,3,-0.2750587092363259,3.142782847348593,SL,foul,Contact / Foul
2017,Post-Statcast (2017 MVP),8,2,1,0.19702827225196273,1.9897287437776825,SI,foul,Contact / Foul
2017,Post-Statcast (2017 MVP),5,2,2,0.27359039504937255,2.360318106086827,KC,hit_into_play,Contact / Foul
2017,Post-Statcast (2017 MVP),1,1,3,-0.395240576448792,3.0600759541826243,FF,foul,Contact / Foul
2017,Post-Statcast (2017 MVP),9,3,1,0.7399997352240539,2.076705760382959,CH,swinging_strike,Whiff (Miss)
2017,Post-Statcast (2017 MVP),9,3,1,0.6664186451417881,2.1348687608483923,SL,foul,Contact / Foul
2017,Post-Statcast (2017 MVP),9,3,1,0.3792261097447847,1.8945937374968824,KN,hit_into_play,Contact / Foul
2017,Post-Statcast (2017 MVP),5,2,2,0.1534836538721306,2.3081246266650814,KN,foul,Contact / Foul
2017,Post-Statcast (2017 MVP),6,3,2,0.3507187055637654,2.4791727354383952,EP,swinging_strike,Whiff (Miss)
2017,Post-Statcast (2017 MVP),5,2,2,-0.2667863423574084,2.824279496097899,KN,foul,Contact / Foul
2017,Post-Statcast (2017 MVP),9,3,1,0.746246380977168,1.4716806408407803,SI,swinging_strike,Whiff (Miss)
2017,Post-Statcast (2017 MVP),8,2,1,-0.02649095580283877,1.847395395048595,SI,hit_into_play,Contact / Foul
2017,Post-Statcast (2017 MVP),9,3,1,0.5206369610552112,1.6796331720550357,SL,foul,Contact / Foul
2017,Post-Statcast (2017 MVP),9,3,1,0.46023419003115806,1.643000171760388,CH,hit_into_play,Contact / Foul
2017,Post-Statcast (2017 MVP),6,3,2,0.6654728147099966,2.4437969259649037,SI,hit_into_play,Contact / Foul
2017,Post-Statcast (2017 MVP),8,2,1,-0.18404433006551624,1.7950749109747604,FF,hit_into_play,Contact / Foul
2017,Post-Statcast (2017 MVP),6,3,2,0.5542119552549494,2.299235473791553,SL,hit_into_play,Contact / Foul
2017,Post-Statcast (2017 MVP),8,2,1,-0.20201222371034,1.7743353310681294,FF,hit_into_play,Contact / Foul
2017,Post-Statcast (2017 MVP),3,3,3,0.5195093955607875,3.135908090836933,FF,hit_into_play,Contact / Foul
2017,Post-Statcast (2017 MVP),3,3,3,0.4354108134103595,3.1465293166483104,FF,swinging_strike,Whiff (Miss)
2017,Post-Statcast (2017 MVP),7,1,1,-0.6811273601703138,1.6069209733010887,FF,hit_into_play,Contact / Foul
2017,Post-Statcast (2017 MVP),6,3,2,0.6261853139553945,2.533389815467441,SL,foul,Contact / Foul
2017,Post-Statcast (2017 MVP),2,2,3,0.18960288602015607,3.223489757111308,FF,swinging_strike,Whiff (Miss)
2017,Post-Statcast (2017 MVP),5,2,2,0.14196681980463155,2.8957537863876737,FF,swinging_strike,Whiff (Miss)
2017,Post-Statcast (2017 MVP),7,1,1,-0.6791867718590441,2.015873746735082,CH,swinging_strike,Whiff (Miss)
2017,Post-Statcast (2017 MVP),4,1,2,-0.4879670616755831,2.2748489712453615,CH,hit_into_play,Contact / Foul
2017,Post-Statcast (2017 MVP),6,3,2,0.4396747034282723,2.302165943750523,FF,hit_into_play,Contact / Foul
2017,Post-Statcast (2017 MVP),5,2,2,0.03698826658286891,2.6910965836674183,FF,foul,Contact / Foul
2017,Post-Statcast (2017 MVP),8,2,1,-0.1204526653881628,1.780494182786073,CU,hit_into_play,Contact / Foul
2017,Post-Statcast (2017 MVP),5,2,2,0.15080647690655136,2.334448693742594,CH,foul,Contact / Foul
2017,Post-Statcast (2017 MVP),8,2,1,0.03784612695481315,1.734258322222752,CU,swinging_strike,Whiff (Miss)
2017,Post-Statcast (2017 MVP),6,3,2,0.6512627381082889,2.746520109403866,SI,swinging_strike,Whiff (Miss)
2017,Post-Statcast (2017 MVP),8,2,1,-0.08791721705175903,1.7059591630831237,CH,swinging_strike,Whiff (Miss)
2017,Post-Statcast (2017 MVP),9,3,1,0.2877222608146188,1.7686423979685135,SI,foul,Contact / Foul
2017,Post-Statcast (2017 MVP),2,2,3,0.21412086921872375,3.2343454232136786,SI,hit_into_play,Contact / Foul
2017,Post-Statcast (2017 MVP),6,3,2,0.3802891741101875,2.5181693395572604,SI,foul,Contact / Foul
2017,Post-Statcast (2017 MVP),5,2,2,-0.0816545568148852,2.74606165420981,FF,foul,Contact / Foul
2017,Post-Statcast (2017 MVP),4,1,2,-0.6385287985519632,2.973820331345732,SI,hit_into_play,Contact / Foul
2017,Post-Statcast (2017 MVP),9,3,1,0.4719874149374823,2.1426969711323096,SL,hit_into_play,Contact / Foul
2017,Post-Statcast (2017 MVP),9,3,1,0.465284775768257,2.008365285353041,SL,hit_into_play,Contact / Foul
2017,Post-Statcast (2017 MVP),2,2,3,0.03041198036803072,3.767443506433516,SL,swinging_strike,Whiff (Miss)
2017,Post-Statcast (2017 MVP),4,1,2,-0.30377803699724093,2.4167379822672768,FF,foul,Contact / Foul
2017,Post-Statcast (2017 MVP),7,1,1,-0.48972423953939903,2.100584066228917,FS,swinging_strike,Whiff (Miss)
2017,Post-Statcast (2017 MVP),5,2,2,0.12652881302151886,2.9527695066928965,FF,swinging_strike,Whiff (Miss)
2017,Post-Statcast (2017 MVP),8,2,1,0.04788596339032991,1.7999293203177005,KC,foul,Contact / Foul
2017,Post-Statcast (2017 MVP),8,2,1,0.15630458418233228,1.807361387738272,CH,hit_into_play,Contact / Foul
2017,Post-Statcast (2017 MVP),4,1,2,-0.7623419729210268,3.008433192817123,CH,foul,Contact / Foul
2017,Post-Statcast (2017 MVP),5,2,2,-0.09658579865034168,2.8090641575221005,SI,swinging_strike,Whiff (Miss)
2017,Post-Statcast (2017 MVP),7,1,1,-0.5353802844206899,2.062545769869411,FF,hit_into_play,Contact / Foul
2017,Post-Statcast (2017 MVP),5,2,2,-0.24042325357363695,2.6310668171807157,SL,foul,Contact / Foul
2017,Post-Statcast (2017 MVP),9,3,1,0.7748081069263071,2.157977052571379,SL,hit_into_play,Contact / Foul
2017,Post-Statcast (2017 MVP),9,3,1,0.3850483061390679,1.7694896471490127,SL,swinging_strike,Whiff (Miss)
2017,Post-Statcast (2017 MVP),5,2,2,0.17276710979370755,2.5048199491754293,SL,hit_into_play,Contact / Foul
2017,Post-Statcast (2017 MVP),7,1,1,-0.558719062621191,2.097883205685791,CU,foul,Contact / Foul
2017,Post-Statcast (2017 MVP),4,1,2,-0.51698664308442,2.7350848478595777,FF,hit_into_play,Contact / Foul
2017,Post-Statcast (2017 MVP),8,2,1,0.1970141457748884,1.590018454164229,CH,swinging_strike,Whiff (Miss)
2017,Post-Statcast (2017 MVP),1,1,3,-0.7481871881436859,3.002718044892859,FF,hit_into_play,Contact / Foul
2017,Post-Statcast (2017 MVP),4,1,2,-0.340178148687612,2.7420513943132327,FF,hit_into_play,Contact / Foul
2017,Post-Statcast (2017 MVP),1,1,3,-0.4144911760993823,3.228401827774479,FF,hit_into_play,Contact / Foul
2017,Post-Statcast (2017 MVP),5,2,2,0.2642448970529362,2.272289187778086,FF,hit_into_play,Contact / Foul
2017,Post-Statcast (2017 MVP),1,1,3,-0.5522357026268503,3.37402042457339,FF,hit_into_play,Contact / Foul
2017,Post-Statcast (2017 MVP),5,2,2,-0.03755144571870084,3.026270800578075,FF,hit_into_play,Contact / Foul
2017,Post-Statcast (2017 MVP),2,2,3,0.11725168105515424,3.579738622947228,FF,foul,Contact / Foul
2017,Post-Statcast (2017 MVP),4,1,2,-0.6627419969963553,3.0156891356255437,FF,hit_into_play,Contact / Foul
2017,Post-Statcast (2017 MVP),8,2,1,0.0179095459877161,2.3983545002351216,SL,hit_into_play,Contact / Foul
2017,Post-Statcast (2017 MVP),8,2,1,0.0937290617245874,1.7098674971322927,SL,swinging_strike,Whiff (Miss)
2017,Post-Statcast (2017 MVP),8,2,1,-0.17354215085831337,1.4295564329779222,SL,swinging_strike,Whiff (Miss)
2017,Post-Statcast (2017 MVP),4,1,2,-0.4221421822723911,2.623949575390409,SL,hit_into_play,Contact / Foul
2017,Post-Statcast (2017 MVP),7,1,1,-0.37898062209533234,2.006707923175566,SL,hit_into_play,Contact / Foul
2017,Post-Statcast (2017 MVP),7,1,1,-0.564567163731891,2.1079406042386513,FF,hit_into_play,Contact / Foul
2017,Post-Statcast (2017 MVP),9,3,1,0.5615443201029879,2.1280545940624975,FF,hit_into_play,Contact / Foul
2017,Post-Statcast (2017 MVP),9,3,1,0.5455835562151856,2.0722377065476048,SL,hit_into_play,Contact / Foul
2017,Post-Statcast (2017 MVP),9,3,1,0.766358246386942,1.8191001727553464,FC,hit_into_play,Contact / Foul
2017,Post-Statcast (2017 MVP),1,1,3,-0.3661059523614979,3.202234882327292,FF,foul_tip,Contact / Foul
2017,Post-Statcast (2017 MVP),2,2,3,-0.17648969819278665,3.3049728664414335,FF,swinging_strike,Whiff (Miss)
2017,Post-Statcast (2017 MVP),7,1,1,-0.3876655918098476,2.2293545759734528,FC,hit_into_play,Contact / Foul
2017,Post-Statcast (2017 MVP),4,1,2,-0.5441816832640608,2.619005753911733,SI,hit_into_play,Contact / Foul
2017,Post-Statcast (2017 MVP),6,3,2,0.3307322644795828,2.628975388286401,SL,hit_into_play,Contact / Foul
2017,Post-Statcast (2017 MVP),4,1,2,-0.5642392574152512,2.524530869378198,FF,hit_into_play,Contact / Foul
2017,Post-Statcast (2017 MVP),5,2,2,0.00587556241568618,2.8938957050088963,FF,hit_into_play,Contact / Foul
2017,Post-Statcast (2017 MVP),9,3,1,0.7618191935202957,2.2198707531137485,FF,swinging_strike,Whiff (Miss)
2017,Post-Statcast (2017 MVP),6,3,2,0.6492299918382268,2.5585156120053,FF,swinging_strike,Whiff (Miss)
2017,Post-Statcast (2017 MVP),1,1,3,-0.6399855942224277,3.635515257973304,FF,foul,Contact / Foul
2017,Post-Statcast (2017 MVP),6,3,2,0.4301986268971188,2.8099359524793357,FF,hit_into_play,Contact / Foul
2017,Post-Statcast (2017 MVP),1,1,3,-0.7545048386630064,3.571246532572194,FF,hit_into_play,Contact / Foul
2017,Post-Statcast (2017 MVP),6,3,2,0.8136570740396795,2.4394946300345186,FS,swinging_strike,Whiff (Miss)
2017,Post-Statcast (2017 MVP),8,2,1,0.05110502520232746,1.8829214051059728,FS,swinging_strike,Whiff (Miss)
2017,Post-Statcast (2017 MVP),5,2,2,-0.01516563206873211,2.695528750890735,FS,hit_into_play,Contact / Foul
2017,Post-Statcast (2017 MVP),5,2,2,0.0886127685432947,2.534988182386072,FF,hit_into_play,Contact / Foul
2017,Post-Statcast (2017 MVP),8,2,1,0.18428524230156176,1.494397129880212,KC,hit_into_play,Contact / Foul
2017,Post-Statcast (2017 MVP),1,1,3,-0.6360736970630543,3.485062070480412,SL,swinging_strike,Whiff (Miss)
2017,Post-Statcast (2017 MVP),4,1,2,-0.647944988288076,2.7655213565704377,FF,foul,Contact / Foul
2017,Post-Statcast (2017 MVP),4,1,2,-0.586753493975234,2.582673857580688,FF,foul_tip,Contact / Foul
2017,Post-Statcast (2017 MVP),6,3,2,0.3521882686623856,2.800161785907865,FF,swinging_strike,Whiff (Miss)
2017,Post-Statcast (2017 MVP),1,1,3,-0.3879221910939908,3.5151099336203897,FF,foul,Contact / Foul
2017,Post-Statcast (2017 MVP),8,2,1,0.00132680649610805,1.6736350621136884,FF,hit_into_play,Contact / Foul
2017,Post-Statcast (2017 MVP),6,3,2,0.5043598000878435,2.5238793065131016,CH,foul,Contact / Foul
2017,Post-Statcast (2017 MVP),2,2,3,-0.04590837614545462,3.007529649290413,FF,foul_tip,Contact / Foul
2017,Post-Statcast (2017 MVP),4,1,2,-0.5973339085064606,2.943240151118972,FF,foul,Contact / Foul
2017,Post-Statcast (2017 MVP),1,1,3,-0.668976721028919,3.196150726784675,FF,swinging_strike,Whiff (Miss)
2017,Post-Statcast (2017 MVP),4,1,2,-0.47966407831201874,2.4829809234252176,SL,foul,Contact / Foul
2017,Post-Statcast (2017 MVP),4,1,2,-0.6974112438327013,2.5297009886168578,FF,hit_into_play,Contact / Foul
2017,Post-Statcast (2017 MVP),4,1,2,-0.5792189532806665,2.2732857583335595,CH,hit_into_play,Contact / Foul
2017,Post-Statcast (2017 MVP),4,1,2,-0.8045204956393698,2.705059767479401,SI,hit_into_play,Contact / Foul
2017,Post-Statcast (2017 MVP),6,3,2,0.2819312277530136,2.3192070166008314,CU,hit_into_play,Contact / Foul
2017,Post-Statcast (2017 MVP),3,3,3,0.31191319171794685,3.3727022179060127,SI,foul,Contact / Foul
2017,Post-Statcast (2017 MVP),2,2,3,-0.10545106147279268,3.0144340267455494,SL,foul,Contact / Foul
2017,Post-Statcast (2017 MVP),3,3,3,0.3762681572329648,3.1833403598585344,SI,foul_tip,Contact / Foul
2017,Post-Statcast (2017 MVP),9,3,1,0.5072387736847953,1.8016283700540217,SL,hit_into_play,Contact / Foul
2017,Post-Statcast (2017 MVP),4,1,2,-0.6402870310277828,2.7485882974215494,FF,hit_into_play,Contact / Foul
2017,Post-Statcast (2017 MVP),4,1,2,-0.5286697080545877,2.51976660596495,SL,hit_into_play,Contact / Foul
2017,Post-Statcast (2017 MVP),2,2,3,0.09912274948124532,3.0556341005744367,FF,foul,Contact / Foul
2017,Post-Statcast (2017 MVP),1,1,3,-0.3465672710231442,3.668157456905747,SI,foul,Contact / Foul
2017,Post-Statcast (2017 MVP),6,3,2,0.4092546972525135,2.5415267887850503,CU,foul,Contact / Foul
2017,Post-Statcast (2017 MVP),7,1,1,-0.5664352103141477,1.9927562749285048,CU,foul,Contact / Foul
2017,Post-Statcast (2017 MVP),2,2,3,-0.2716666736161155,3.314116885840667,SI,hit_into_play,Contact / Foul
2017,Post-Statcast (2017 MVP),2,2,3,0.17553072841432116,3.2649120768828284,FC,swinging_strike,Whiff (Miss)
2017,Post-Statcast (2017 MVP),6,3,2,0.5767961901851075,2.5290573206576523,FF,foul,Contact / Foul
2017,Post-Statcast (2017 MVP),4,1,2,-0.3201730970911045,2.3923694005599,FC,hit_into_play,Contact / Foul
2017,Post-Statcast (2017 MVP),5,2,2,0.25973927097934923,2.4013072338813113,SL,foul,Contact / Foul
2017,Post-Statcast (2017 MVP),6,3,2,0.7430019165809474,2.791081446232524,FC,hit_into_play,Contact / Foul
2017,Post-Statcast (2017 MVP),4,1,2,-0.5002730695477773,2.679071119621129,FF,hit_into_play,Contact / Foul
2017,Post-Statcast (2017 MVP),7,1,1,-0.7907033410113065,2.09953975975135,SI,foul,Contact / Foul
2017,Post-Statcast (2017 MVP),7,1,1,-0.4521452795201548,1.7364981722819297,CH,hit_into_play,Contact / Foul
2017,Post-Statcast (2017 MVP),5,2,2,-0.20053821273687644,2.450766855008953,SI,hit_into_play,Contact / Foul
2017,Post-Statcast (2017 MVP),6,3,2,0.5827711044690769,2.556062621229026,FF,hit_into_play,Contact / Foul
2017,Post-Statcast (2017 MVP),2,2,3,0.12208240749955623,3.401341151072051,FF,foul,Contact / Foul
2017,Post-Statcast (2017 MVP),9,3,1,0.35449706564316974,2.0154506899423987,SL,swinging_strike,Whiff (Miss)
2017,Post-Statcast (2017 MVP),5,2,2,0.04817968641874604,2.6985926083265435,FF,swinging_strike,Whiff (Miss)
2017,Post-Statcast (2017 MVP),2,2,3,-0.2138649507151381,3.354846706422868,FF,swinging_strike,Whiff (Miss)
2017,Post-Statcast (2017 MVP),5,2,2,-0.14143985814181326,2.8346818917358174,CH,hit_into_play,Contact / Foul
2017,Post-Statcast (2017 MVP),8,2,1,0.2512271390831924,2.288067547322333,FF,hit_into_play,Contact / Foul
2017,Post-Statcast (2017 MVP),5,2,2,-0.1997687520565834,2.4879291218334147,CH,foul_tip,Contact / Foul
2017,Post-Statcast (2017 MVP),5,2,2,0.07184303891694455,2.4035415207333877,CU,hit_into_play,Contact / Foul
2017,Post-Statcast (2017 MVP),1,1,3,-0.7169701213048456,3.8005971889424206,FF,foul,Contact / Foul
2017,Post-Statcast (2017 MVP),6,3,2,0.32134120303576674,2.4088083957464304,SL,foul,Contact / Foul
2017,Post-Statcast (2017 MVP),8,2,1,-0.10865464673540635,2.2792092543581015,CU,foul,Contact / Foul
2017,Post-Statcast (2017 MVP),7,1,1,-0.787616367132083,1.9388023458533172,FF,foul,Contact / Foul
2017,Post-Statcast (2017 MVP),4,1,2,-0.3554678017823144,2.343804924017932,SL,hit_into_play,Contact / Foul
2017,Post-Statcast (2017 MVP),7,1,1,-0.3877111056617624,1.9850549916641305,FF,hit_into_play,Contact / Foul
2017,Post-Statcast (2017 MVP),6,3,2,0.7122203688880622,2.7284369950587513,SL,foul,Contact / Foul
2017,Post-Statcast (2017 MVP),9,3,1,0.8003294434174455,2.1433590851062077,SL,hit_into_play,Contact / Foul
2017,Post-Statcast (2017 MVP),7,1,1,-0.4664962821182841,1.6376450860922112,FF,foul,Contact / Foul
2017,Post-Statcast (2017 MVP),8,2,1,-0.09905295733832711,1.787823114633509,SL,foul,Contact / Foul
2017,Post-Statcast (2017 MVP),9,3,1,0.6568866883745514,1.764043551598904,SL,foul,Contact / Foul
2017,Post-Statcast (2017 MVP),5,2,2,0.04901139959387743,2.8407666508588716,SL,swinging_strike,Whiff (Miss)
2017,Post-Statcast (2017 MVP),6,3,2,0.7087270070276508,2.2773988610693285,SL,hit_into_play,Contact / Foul
2017,Post-Statcast (2017 MVP),1,1,3,-0.7935087574536858,3.148651658869211,SI,hit_into_play,Contact / Foul
2017,Post-Statcast (2017 MVP),5,2,2,-0.05192560411721514,2.2683719522959205,SI,hit_into_play,Contact / Foul
2017,Post-Statcast (2017 MVP),2,2,3,-0.2759900140569894,2.942256200703472,SL,hit_into_play,Contact / Foul
2017,Post-Statcast (2017 MVP),6,3,2,0.7272750941791513,2.2062066950407755,CH,hit_into_play,Contact / Foul
2017,Post-Statcast (2017 MVP),2,2,3,-0.06770239949422213,2.900050844340108,SL,swinging_strike,Whiff (Miss)
2017,Post-Statcast (2017 MVP),6,3,2,0.786540992386635,2.5117427102725114,FF,foul,Contact / Foul
2017,Post-Statcast (2017 MVP),2,2,3,0.1823573257724066,2.8995753787117993,FF,swinging_strike,Whiff (Miss)
2017,Post-Statcast (2017 MVP),4,1,2,-0.6993753652119037,2.3415783502931076,FF,hit_into_play,Contact / Foul
2017,Post-Statcast (2017 MVP),7,1,1,-0.36037392581695793,1.6867863841173825,SL,swinging_strike,Whiff (Miss)
2017,Post-Statcast (2017 MVP),2,2,3,0.10426860417656948,3.0172594674343314,FF,hit_into_play,Contact / Foul
2017,Post-Statcast (2017 MVP),5,2,2,0.23475528210813823,2.6710937730772075,FF,swinging_strike,Whiff (Miss)
2017,Post-Statcast (2017 MVP),2,2,3,0.2311762337441128,3.234697365025003,FF,swinging_strike,Whiff (Miss)
2017,Post-Statcast (2017 MVP),4,1,2,-0.5685103226776818,2.849210831425424,FF,swinging_strike,Whiff (Miss)
2017,Post-Statcast (2017 MVP),7,1,1,-0.40758151394894226,2.1181055192634677,SI,hit_into_play,Contact / Foul
2017,Post-Statcast (2017 MVP),9,3,1,0.2773565473523741,1.9382522867868843,SL,swinging_strike,Whiff (Miss)
2017,Post-Statcast (2017 MVP),9,3,1,0.6569424393067587,1.5064255182759174,CU,foul,Contact / Foul
2017,Post-Statcast (2017 MVP),7,1,1,-0.774278475734125,1.947209019432571,CH,hit_into_play,Contact / Foul
2017,Post-Statcast (2017 MVP),1,1,3,-0.6167388277913318,3.030514814344606,FF,foul,Contact / Foul
2017,Post-Statcast (2017 MVP),9,3,1,0.31986776584876986,1.494478949177403,SI,hit_into_play,Contact / Foul
2017,Post-Statcast (2017 MVP),2,2,3,-0.1622766551850464,3.3078051845612046,FF,foul_tip,Contact / Foul
2017,Post-Statcast (2017 MVP),6,3,2,0.5407881352860666,2.443071196705497,FF,foul,Contact / Foul
2017,Post-Statcast (2017 MVP),5,2,2,0.1988810313462336,2.6148076238319757,FC,hit_into_play,Contact / Foul
2017,Post-Statcast (2017 MVP),3,3,3,0.8217430671363997,3.0329392870163137,FF,hit_into_play,Contact / Foul
2017,Post-Statcast (2017 MVP),5,2,2,-0.0705526693707732,2.2478701319829937,KN,hit_into_play,Contact / Foul
2017,Post-Statcast (2017 MVP),8,2,1,0.11423122090604362,2.1384097228606116,KN,hit_into_play,Contact / Foul
2017,Post-Statcast (2017 MVP),4,1,2,-0.632247615089835,2.6106292204906287,FF,foul,Contact / Foul
2017,Post-Statcast (2017 MVP),4,1,2,-0.5559398482317285,2.471444340712824,SL,hit_into_play,Contact / Foul
2017,Post-Statcast (2017 MVP),1,1,3,-0.44062856755103474,3.139895831726253,FF,hit_into_play,Contact / Foul
2017,Post-Statcast (2017 MVP),5,2,2,0.16205483629905892,2.339337006382804,CH,foul,Contact / Foul
2017,Post-Statcast (2017 MVP),4,1,2,-0.5190811613854176,2.3864625800058725,FF,hit_into_play,Contact / Foul
2017,Post-Statcast (2017 MVP),7,1,1,-0.7672659000733754,1.8393789236901972,CU,swinging_strike,Whiff (Miss)
2017,Post-Statcast (2017 MVP),8,2,1,0.16530517101904518,2.1766114811575363,FS,hit_into_play,Contact / Foul
2017,Post-Statcast (2017 MVP),1,1,3,-0.5617544453860807,3.292546076555346,FF,foul,Contact / Foul
2017,Post-Statcast (2017 MVP),5,2,2,0.12883491563469318,2.4993046805184385,FF,hit_into_play,Contact / Foul
2017,Post-Statcast (2017 MVP),8,2,1,0.23163039785941783,1.9612489628028664,FF,foul,Contact / Foul
2017,Post-Statcast (2017 MVP),5,2,2,-0.12929832091967852,2.283903439450282,CH,foul,Contact / Foul
2017,Post-Statcast (2017 MVP),6,3,2,0.5574969973801165,2.8678152887293535,SL,hit_into_play,Contact / Foul
2017,Post-Statcast (2017 MVP),4,1,2,-0.7421332457316469,2.759143209922258,FF,hit_into_play,Contact / Foul
2017,Post-Statcast (2017 MVP),2,2,3,0.19410612205883823,3.676076879479713,SI,hit_into_play,Contact / Foul
2017,Post-Statcast (2017 MVP),8,2,1,0.14262026062594574,1.793347696614631,FC,hit_into_play,Contact / Foul
2017,Post-Statcast (2017 MVP),7,1,1,-0.4709987436614158,2.0507058004813077,SL,hit_into_play,Contact / Foul
2017,Post-Statcast (2017 MVP),2,2,3,-0.1256906518111075,3.134988185958877,FF,swinging_strike,Whiff (Miss)
2017,Post-Statcast (2017 MVP),3,3,3,0.6761329759698609,3.0139610676136632,SL,foul,Contact / Foul
2017,Post-Statcast (2017 MVP),4,1,2,-0.6846780386427318,2.402732084204826,FS,foul,Contact / Foul
2017,Post-Statcast (2017 MVP),6,3,2,0.33901445094619514,2.8157738669161905,SL,hit_into_play,Contact / Foul
2017,Post-Statcast (2017 MVP),2,2,3,-0.20404549093455784,3.2330120840039527,FF,swinging_strike,Whiff (Miss)
2017,Post-Statcast (2017 MVP),2,2,3,0.0071509410726922,3.1924596905072193,KC,foul,Contact / Foul
2017,Post-Statcast (2017 MVP),3,3,3,0.28471234961229186,3.315744021945685,FF,foul,Contact / Foul
2017,Post-Statcast (2017 MVP),1,1,3,-0.4495291907926264,3.088690094429964,FF,hit_into_play,Contact / Foul
2017,Post-Statcast (2017 MVP),7,1,1,-0.47643060723629704,2.0312101277647696,CH,hit_into_play,Contact / Foul
2017,Post-Statcast (2017 MVP),2,2,3,0.08503094608189321,3.1979421635578342,SI,foul,Contact / Foul
2017,Post-Statcast (2017 MVP),5,2,2,-0.02553159037739316,2.9175135179634046,CH,foul,Contact / Foul
2017,Post-Statcast (2017 MVP),1,1,3,-0.7797569743543032,3.1450294446421285,FF,foul,Contact / Foul
2017,Post-Statcast (2017 MVP),4,1,2,-0.6825019816045663,2.5859887531689556,FC,foul,Contact / Foul
2017,Post-Statcast (2017 MVP),2,2,3,0.1675288841789675,3.207998985428227,FF,swinging_strike,Whiff (Miss)
2017,Post-Statcast (2017 MVP),8,2,1,0.02192332330453972,1.4504345584622826,CH,hit_into_play,Contact / Foul
2017,Post-Statcast (2017 MVP),8,2,1,0.25438697961933543,1.4643615154304546,CH,swinging_strike,Whiff (Miss)
2017,Post-Statcast (2017 MVP),9,3,1,0.5249125811860837,1.604076189795872,CH,swinging_strike,Whiff (Miss)
2017,Post-Statcast (2017 MVP),4,1,2,-0.5696561597538912,2.540532873994901,SI,hit_into_play,Contact / Foul
2017,Post-Statcast (2017 MVP),2,2,3,-0.23764672562003653,3.200821301242791,SI,foul,Contact / Foul
2017,Post-Statcast (2017 MVP),1,1,3,-0.8198594065759084,3.185716528129877,SI,hit_into_play,Contact / Foul
2017,Post-Statcast (2017 MVP),2,2,3,-0.1341231726903911,3.181175601631922,SI,foul,Contact / Foul
2017,Post-Statcast (2017 MVP),1,1,3,-0.7230355003466582,3.5627128223600315,SI,hit_into_play,Contact / Foul
2017,Post-Statcast (2017 MVP),3,3,3,0.3957258815929461,3.386149920363655,SL,swinging_strike,Whiff (Miss)
2017,Post-Statcast (2017 MVP),5,2,2,0.17619578323817786,2.403977569402366,SL,hit_into_play,Contact / Foul
2017,Post-Statcast (2017 MVP),9,3,1,0.6111534080556573,1.9867625941852056,SL,hit_into_play,Contact / Foul
2017,Post-Statcast (2017 MVP),7,1,1,-0.768027320995852,1.449749701441373,FS,swinging_strike,Whiff (Miss)
2017,Post-Statcast (2017 MVP),8,2,1,-0.17559589385882668,1.9282613354701612,FS,swinging_strike,Whiff (Miss)
2017,Post-Statcast (2017 MVP),6,3,2,0.6188396636997076,2.727325931799516,SL,hit_into_play,Contact / Foul
2017,Post-Statcast (2017 MVP),2,2,3,0.03486253747692502,3.099735831352148,FF,foul,Contact / Foul
2017,Post-Statcast (2017 MVP),2,2,3,0.2715630447642372,3.538487823593206,FF,swinging_strike,Whiff (Miss)
2017,Post-Statcast (2017 MVP),1,1,3,-0.42611189232436114,3.208564293819218,SL,swinging_strike,Whiff (Miss)
2017,Post-Statcast (2017 MVP),5,2,2,-0.09975243389188326,2.2840420765850573,FF,swinging_strike,Whiff (Miss)
2017,Post-Statcast (2017 MVP),5,2,2,-0.04528634137828084,2.636418427675757,SL,foul,Contact / Foul
2017,Post-Statcast (2017 MVP),2,2,3,-0.233522229719082,3.124105751006944,SL,hit_into_play,Contact / Foul
2017,Post-Statcast (2017 MVP),4,1,2,-0.29953957414791693,2.607586713438049,SL,hit_into_play,Contact / Foul
2017,Post-Statcast (2017 MVP),1,1,3,-0.4556929668358934,3.368494777543241,FF,foul_tip,Contact / Foul
2017,Post-Statcast (2017 MVP),1,1,3,-0.7157198177005439,3.072512994731562,FF,swinging_strike,Whiff (Miss)
2017,Post-Statcast (2017 MVP),4,1,2,-0.8212731196359494,2.315322158587733,FF,hit_into_play,Contact / Foul
2017,Post-Statcast (2017 MVP),5,2,2,-0.15450001563356164,2.301021781367561,KC,hit_into_play,Contact / Foul
2017,Post-Statcast (2017 MVP),4,1,2,-0.6009115775219891,2.928867950477711,FF,hit_into_play,Contact / Foul
2017,Post-Statcast (2017 MVP),5,2,2,-0.18955457274298515,2.5899749285092515,KC,hit_into_play,Contact / Foul
2017,Post-Statcast (2017 MVP),4,1,2,-0.39931078145985305,3.1216566411370508,FF,foul,Contact / Foul
2017,Post-Statcast (2017 MVP),2,2,3,0.1823370038291036,3.061180759132218,FF,foul_tip,Contact / Foul
2017,Post-Statcast (2017 MVP),5,2,2,-0.05258550978947091,2.612646398653272,FF,foul,Contact / Foul
2017,Post-Statcast (2017 MVP),7,1,1,-0.7231362705135271,2.2383472599434655,FF,hit_into_play,Contact / Foul
2017,Post-Statcast (2017 MVP),9,3,1,0.6203997227923854,2.3696313336371606,FS,hit_into_play,Contact / Foul
2017,Post-Statcast (2017 MVP),2,2,3,0.22987589015727736,3.4391706997598734,FF,foul,Contact / Foul
2017,Post-Statcast (2017 MVP),6,3,2,0.8238199509486022,2.918800251735402,FS,foul,Contact / Foul
2017,Post-Statcast (2017 MVP),8,2,1,-0.13214746358821605,1.733826200288834,FS,swinging_strike,Whiff (Miss)
2017,Post-Statcast (2017 MVP),6,3,2,0.3978109521037904,3.083574965573498,FF,foul_tip,Contact / Foul
2017,Post-Statcast (2017 MVP),4,1,2,-0.3366848238992962,2.5164240274303307,FF,hit_into_play,Contact / Foul
2017,Post-Statcast (2017 MVP),2,2,3,-0.01205634107009356,3.004841453066827,SL,hit_into_play,Contact / Foul
2017,Post-Statcast (2017 MVP),4,1,2,-0.39616842038351585,2.7660448597944285,SI,hit_into_play,Contact / Foul
2017,Post-Statcast (2017 MVP),1,1,3,-0.7480449283666419,3.3186710892183675,FF,swinging_strike,Whiff (Miss)
2017,Post-Statcast (2017 MVP),7,1,1,-0.749653667577318,1.6064005808205837,CU,hit_into_play,Contact / Foul
2017,Post-Statcast (2017 MVP),5,2,2,-0.13485412735788915,2.3461991935926108,CU,foul,Contact / Foul
2017,Post-Statcast (2017 MVP),3,3,3,0.4809932745220098,3.1113537123957316,FF,foul,Contact / Foul
2017,Post-Statcast (2017 MVP),4,1,2,-0.5233554639149891,2.825823544556992,CU,hit_into_play,Contact / Foul
2017,Post-Statcast (2017 MVP),9,3,1,0.3980636917309053,2.083158342539238,CU,swinging_strike,Whiff (Miss)
2017,Post-Statcast (2017 MVP),9,3,1,0.8098191043167942,2.017671097287145,FF,foul,Contact / Foul
2017,Post-Statcast (2017 MVP),5,2,2,0.10263057664271312,2.7234593163988645,FF,swinging_strike,Whiff (Miss)
2017,Post-Statcast (2017 MVP),2,2,3,0.12499097377957465,3.598011757790442,FF,swinging_strike,Whiff (Miss)
2017,Post-Statcast (2017 MVP),9,3,1,0.4835891637557181,2.1420534945430134,FC,foul,Contact / Foul
2017,Post-Statcast (2017 MVP),7,1,1,-0.3319020865978879,1.6631257568083535,CH,swinging_strike,Whiff (Miss)
2017,Post-Statcast (2017 MVP),4,1,2,-0.3505097866000402,2.8323780136423347,FF,foul,Contact / Foul
2017,Post-Statcast (2017 MVP),7,1,1,-0.2847579949817326,2.166029719063941,SI,hit_into_play,Contact / Foul
2017,Post-Statcast (2017 MVP),8,2,1,0.0979243400979326,1.7527655942114566,CU,hit_into_play,Contact / Foul
2017,Post-Statcast (2017 MVP),5,2,2,0.1536270670378151,2.9824834799013615,FC,foul,Contact / Foul
2017,Post-Statcast (2017 MVP),8,2,1,-0.07555112275933873,1.7225054482715654,SI,foul,Contact / Foul
2017,Post-Statcast (2017 MVP),7,1,1,-0.8038571158496818,2.1641430473301884,FF,hit_into_play,Contact / Foul
2017,Post-Statcast (2017 MVP),5,2,2,-0.20761548765647064,2.319739977300176,SI,hit_into_play,Contact / Foul
2017,Post-Statcast (2017 MVP),2,2,3,-0.21811536168856505,3.7114388621818137,FF,swinging_strike,Whiff (Miss)
2017,Post-Statcast (2017 MVP),5,2,2,-0.27413217070701035,2.4163484240093704,FF,foul,Contact / Foul
2017,Post-Statcast (2017 MVP),5,2,2,-0.04360742237447562,2.4138349054895705,SL,hit_into_play,Contact / Foul
2017,Post-Statcast (2017 MVP),4,1,2,-0.7811256264896375,2.2952594007865974,CH,foul,Contact / Foul
2017,Post-Statcast (2017 MVP),8,2,1,0.23421476484422105,1.8191730430516633,FC,hit_into_play,Contact / Foul
2017,Post-Statcast (2017 MVP),6,3,2,0.7815198682563627,2.3883236951090607,FC,hit_into_play,Contact / Foul
2017,Post-Statcast (2017 MVP),5,2,2,0.03590334878288154,2.703242421353215,SL,hit_into_play,Contact / Foul
2017,Post-Statcast (2017 MVP),1,1,3,-0.304328512856171,3.194928381264214,FF,foul,Contact / Foul
2017,Post-Statcast (2017 MVP),3,3,3,0.6360395900834979,3.338781340734032,SL,foul,Contact / Foul
2017,Post-Statcast (2017 MVP),4,1,2,-0.49595516386428434,2.569578750406683,SL,hit_into_play,Contact / Foul
2017,Post-Statcast (2017 MVP),6,3,2,0.5743435810703622,2.63604184016862,SL,hit_into_play,Contact / Foul
2017,Post-Statcast (2017 MVP),7,1,1,-0.5111914263201671,1.529340984959727,SI,swinging_strike,Whiff (Miss)
2017,Post-Statcast (2017 MVP),8,2,1,0.01019147207965365,2.1244556720590753,FF,hit_into_play,Contact / Foul
2017,Post-Statcast (2017 MVP),4,1,2,-0.7192920723071485,2.532054969250377,KC,hit_into_play,Contact / Foul
2017,Post-Statcast (2017 MVP),6,3,2,0.6475823775792666,2.875172747205547,FF,foul,Contact / Foul
2017,Post-Statcast (2017 MVP),2,2,3,-0.2150026906620095,3.367069109309776,FF,hit_into_play,Contact / Foul
2017,Post-Statcast (2017 MVP),3,3,3,0.46579601922022507,3.392298990071319,CH,hit_into_play,Contact / Foul
2017,Post-Statcast (2017 MVP),7,1,1,-0.6754445514890264,2.2543461061430694,SI,hit_into_play,Contact / Foul
2017,Post-Statcast (2017 MVP),9,3,1,0.5211563511486352,2.1830673997341283,FC,hit_into_play,Contact / Foul
2017,Post-Statcast (2017 MVP),8,2,1,-0.2444722200398446,1.950935871390088,CH,foul,Contact / Foul
2017,Post-Statcast (2017 MVP),5,2,2,0.02592837551055904,2.4687000207508447,FF,hit_into_play,Contact / Foul
2017,Post-Statcast (2017 MVP),8,2,1,-0.2649636620736038,2.300086895925769,SI,hit_into_play,Contact / Foul
2017,Post-Statcast (2017 MVP),3,3,3,0.3126922105528045,3.298405312027449,FF,hit_into_play,Contact / Foul
2017,Post-Statcast (2017 MVP),5,2,2,-0.10507703642043176,2.343423505230659,FF,foul,Contact / Foul
2017,Post-Statcast (2017 MVP),3,3,3,0.6952671019094767,3.039997687930995,FF,swinging_strike,Whiff (Miss)
2017,Post-Statcast (2017 MVP),2,2,3,-0.22389702415168555,3.113629509971659,SI,hit_into_play,Contact / Foul
2017,Post-Statcast (2017 MVP),2,2,3,0.10070584527282832,3.0394229140134135,FF,foul,Contact / Foul
2017,Post-Statcast (2017 MVP),5,2,2,0.1366285424279705,2.856615427912959,SI,foul,Contact / Foul
2017,Post-Statcast (2017 MVP),4,1,2,-0.4058142843291488,2.3284597744640707,SL,hit_into_play,Contact / Foul
2017,Post-Statcast (2017 MVP),4,1,2,-0.4459519622435505,2.8499199475873467,FF,foul,Contact / Foul
2017,Post-Statcast (2017 MVP),3,3,3,0.2940060819989909,3.2154973470044603,FF,swinging_strike,Whiff (Miss)
2017,Post-Statcast (2017 MVP),6,3,2,0.36371218074212497,2.3709895016243463,FF,swinging_strike,Whiff (Miss)
2017,Post-Statcast (2017 MVP),5,2,2,-0.2313931730518536,2.940696835073094,SI,foul_tip,Contact / Foul
2017,Post-Statcast (2017 MVP),9,3,1,0.3845362681111302,1.9692964917490663,CH,hit_into_play,Contact / Foul
2017,Post-Statcast (2017 MVP),2,2,3,0.1676162825219768,2.9670874430153784,SI,swinging_strike,Whiff (Miss)
2017,Post-Statcast (2017 MVP),6,3,2,0.27919921085138455,2.6214816730233403,CU,foul,Contact / Foul
2017,Post-Statcast (2017 MVP),7,1,1,-0.7675681371208007,2.133843116837125,SI,hit_into_play,Contact / Foul
2017,Post-Statcast (2017 MVP),5,2,2,-0.2125764176525509,2.819789136042789,SI,swinging_strike,Whiff (Miss)
2017,Post-Statcast (2017 MVP),4,1,2,-0.7396513264520308,2.2467512020528315,SI,hit_into_play,Contact / Foul
2017,Post-Statcast (2017 MVP),2,2,3,-0.24584812724767924,3.307646947522679,FF,foul,Contact / Foul
2017,Post-Statcast (2017 MVP),7,1,1,-0.4476307835254507,1.7654723931346643,SI,hit_into_play,Contact / Foul
2017,Post-Statcast (2017 MVP),8,2,1,-0.07966466667016792,1.877996577403388,FF,hit_into_play,Contact / Foul
2017,Post-Statcast (2017 MVP),3,3,3,0.3103545576641689,3.017741077881996,FF,foul,Contact / Foul
2017,Post-Statcast (2017 MVP),7,1,1,-0.4227976421963675,1.7536098709083192,SI,foul,Contact / Foul
2017,Post-Statcast (2017 MVP),7,1,1,-0.40389738374040607,1.8161550546451632,SI,hit_into_play,Contact / Foul
2017,Post-Statcast (2017 MVP),6,3,2,0.36512534529607854,2.4571758523723934,CU,foul,Contact / Foul
2017,Post-Statcast (2017 MVP),5,2,2,-0.1404178261264526,2.509584080647316,CH,foul,Contact / Foul
2017,Post-Statcast (2017 MVP),7,1,1,-0.44921631874504886,1.7382187365039394,FF,hit_into_play,Contact / Foul
2017,Post-Statcast (2017 MVP),6,3,2,0.32776206912363814,2.194145504925043,FC,foul,Contact / Foul
2017,Post-Statcast (2017 MVP),4,1,2,-0.3575530751979069,2.2647555575895733,FC,hit_into_play,Contact / Foul
2017,Post-Statcast (2017 MVP),9,3,1,0.3323766253117366,1.7227606515748888,FF,foul,Contact / Foul
2017,Post-Statcast (2017 MVP),5,2,2,-0.02266928319731587,2.3256393807607547,FF,swinging_strike,Whiff (Miss)
2017,Post-Statcast (2017 MVP),2,2,3,-0.08868364663881068,3.179482077409088,SI,foul,Contact / Foul
2017,Post-Statcast (2017 MVP),9,3,1,0.5325706674133203,1.9034129107535676,CH,hit_into_play,Contact / Foul
2017,Post-Statcast (2017 MVP),7,1,1,-0.6703557980225503,2.1823163170557223,SL,hit_into_play,Contact / Foul
2017,Post-Statcast (2017 MVP),4,1,2,-0.3994475907918949,2.8345782415047145,SI,hit_into_play,Contact / Foul
2017,Post-Statcast (2017 MVP),1,1,3,-0.30369259176958496,3.589751886601562,SI,foul,Contact / Foul
2017,Post-Statcast (2017 MVP),6,3,2,0.4477608998765734,2.732140132829097,SI,foul_tip,Contact / Foul
2017,Post-Statcast (2017 MVP),3,3,3,0.4856991698107105,3.0632310994524476,SL,swinging_strike,Whiff (Miss)
2017,Post-Statcast (2017 MVP),1,1,3,-0.6802743992118114,3.3420778775801563,SL,swinging_strike,Whiff (Miss)
2017,Post-Statcast (2017 MVP),9,3,1,0.35145739656798364,1.4918231783367069,SL,foul,Contact / Foul
2017,Post-Statcast (2017 MVP),4,1,2,-0.5064855414951008,2.3326126040299493,SI,hit_into_play,Contact / Foul
2017,Post-Statcast (2017 MVP),5,2,2,-0.04856570678976835,2.9221024327761307,CU,hit_into_play,Contact / Foul
2017,Post-Statcast (2017 MVP),2,2,3,0.12780644114544326,3.640760826131331,FF,swinging_strike,Whiff (Miss)
2017,Post-Statcast (2017 MVP),5,2,2,-0.2134134568788295,2.4416540976077723,FF,foul,Contact / Foul
2017,Post-Statcast (2017 MVP),5,2,2,-0.19932659889857865,2.6939366986029016,FF,hit_into_play,Contact / Foul
2017,Post-Statcast (2017 MVP),8,2,1,-0.10691106817222916,1.7846410450910215,CH,hit_into_play,Contact / Foul
2017,Post-Statcast (2017 MVP),2,2,3,0.08898766351275489,3.2548942665813225,CU,foul,Contact / Foul
2017,Post-Statcast (2017 MVP),4,1,2,-0.506063645945336,2.6659032454132845,FF,hit_into_play,Contact / Foul
2017,Post-Statcast (2017 MVP),4,1,2,-0.7798487969280925,2.7380210833533742,FF,hit_into_play,Contact / Foul
2017,Post-Statcast (2017 MVP),6,3,2,0.5860459642720955,2.5979675890302776,FC,hit_into_play,Contact / Foul
2017,Post-Statcast (2017 MVP),3,3,3,0.4964403918366213,3.1557876599162973,FF,foul,Contact / Foul
2017,Post-Statcast (2017 MVP),5,2,2,-0.24960092378909335,2.804688982569425,FF,foul,Contact / Foul
2017,Post-Statcast (2017 MVP),8,2,1,-0.10121963928283606,1.8038914415602152,FC,hit_into_play,Contact / Foul
2017,Post-Statcast (2017 MVP),8,2,1,-0.2335776171642252,2.1701140410065336,SI,hit_into_play,Contact / Foul
2017,Post-Statcast (2017 MVP),4,1,2,-0.3753291843434545,2.2842105482847455,SI,hit_into_play,Contact / Foul
2017,Post-Statcast (2017 MVP),4,1,2,-0.6059391896875634,2.8745815935439403,SL,hit_into_play,Contact / Foul
2017,Post-Statcast (2017 MVP),6,3,2,0.36899569329519893,2.642685529772652,SL,foul,Contact / Foul
2017,Post-Statcast (2017 MVP),9,3,1,0.6668033619174383,1.962990731504332,SL,swinging_strike,Whiff (Miss)
2017,Post-Statcast (2017 MVP),6,3,2,0.7644787834818514,2.635120948373154,SL,swinging_strike,Whiff (Miss)
2017,Post-Statcast (2017 MVP),4,1,2,-0.5118108601217563,2.7622558947275184,FF,hit_into_play,Contact / Foul
2017,Post-Statcast (2017 MVP),9,3,1,0.7771522335700572,2.2334859609246775,FF,foul,Contact / Foul
2017,Post-Statcast (2017 MVP),9,3,1,0.6217717071206554,1.8805639125506253,SL,foul,Contact / Foul
2017,Post-Statcast (2017 MVP),9,3,1,0.3792071030075797,1.8546709921838544,CH,swinging_strike,Whiff (Miss)
2017,Post-Statcast (2017 MVP),1,1,3,-0.515933336579779,3.559054770966728,FF,swinging_strike,Whiff (Miss)
2017,Post-Statcast (2017 MVP),9,3,1,0.46304379482531505,2.139854733972145,SL,swinging_strike,Whiff (Miss)
2017,Post-Statcast (2017 MVP),9,3,1,0.3653018037679615,1.7505067687777789,CU,hit_into_play,Contact / Foul
2017,Post-Statcast (2017 MVP),6,3,2,0.29035675317233145,2.643238858226975,FF,foul_tip,Contact / Foul
2017,Post-Statcast (2017 MVP),2,2,3,-0.01869963818806985,3.153101129679968,FF,foul,Contact / Foul
2017,Post-Statcast (2017 MVP),1,1,3,-0.6425870129358942,3.218845079054347,FF,foul,Contact / Foul
2017,Post-Statcast (2017 MVP),4,1,2,-0.3977678287846794,2.2720268335759153,SI,hit_into_play,Contact / Foul
2017,Post-Statcast (2017 MVP),9,3,1,0.6284650721881617,1.9723851816266176,FF,hit_into_play,Contact / Foul
2017,Post-Statcast (2017 MVP),5,2,2,-0.22593718787880757,2.6615802030969093,FF,swinging_strike,Whiff (Miss)
2017,Post-Statcast (2017 MVP),9,3,1,0.8141100634367522,2.0232084754290063,SI,hit_into_play,Contact / Foul
2017,Post-Statcast (2017 MVP),5,2,2,0.07308036651584948,2.782935587599775,SI,hit_into_play,Contact / Foul
2017,Post-Statcast (2017 MVP),6,3,2,0.4565519369007887,2.5172889451389087,SL,hit_into_play,Contact / Foul
2017,Post-Statcast (2017 MVP),6,3,2,0.327287338446999,2.6822621556728463,SI,foul,Contact / Foul
2017,Post-Statcast (2017 MVP),5,2,2,-0.17548994326325862,2.3705755281980125,SI,foul,Contact / Foul
2017,Post-Statcast (2017 MVP),7,1,1,-0.583930727821119,1.7518525057415677,SI,swinging_strike,Whiff (Miss)
2017,Post-Statcast (2017 MVP),3,3,3,0.5296522019173736,2.977616009256724,FF,foul,Contact / Foul
2017,Post-Statcast (2017 MVP),5,2,2,0.22506362590833032,2.6873763695334816,CU,hit_into_play,Contact / Foul
2017,Post-Statcast (2017 MVP),4,1,2,-0.5544899359862281,2.3192624866005005,FF,hit_into_play,Contact / Foul
2017,Post-Statcast (2017 MVP),5,2,2,0.2421856062778739,2.4577524729783176,FF,hit_into_play,Contact / Foul
2017,Post-Statcast (2017 MVP),5,2,2,-0.22638146049944005,3.345945712715456,FF,swinging_strike,Whiff (Miss)
2017,Post-Statcast (2017 MVP),7,1,1,-0.3961913139802582,2.18323138063614,SL,hit_into_play,Contact / Foul
2017,Post-Statcast (2017 MVP),7,1,1,-0.6682343628736385,2.3201506533963427,SI,hit_into_play,Contact / Foul
2017,Post-Statcast (2017 MVP),7,1,1,-0.6805812195707955,2.4223238195336076,FF,hit_into_play,Contact / Foul
2017,Post-Statcast (2017 MVP),6,3,2,0.4293116788360432,3.0050376688239724,CU,foul,Contact / Foul
2017,Post-Statcast (2017 MVP),4,1,2,-0.3285518221814714,2.592525554295802,SI,foul,Contact / Foul
2017,Post-Statcast (2017 MVP),1,1,3,-0.4116858597827239,2.966272039358989,FF,hit_into_play,Contact / Foul
2017,Post-Statcast (2017 MVP),4,1,2,-0.34499061545365306,2.556612100574942,SI,hit_into_play,Contact / Foul
2017,Post-Statcast (2017 MVP),5,2,2,0.07604012443891484,2.649082423153981,CH,foul,Contact / Foul
2017,Post-Statcast (2017 MVP),1,1,3,-0.5978466709710086,3.393180518301434,FF,swinging_strike,Whiff (Miss)
2017,Post-Statcast (2017 MVP),5,2,2,-0.17461661207210172,2.364214341151184,FF,swinging_strike,Whiff (Miss)
2017,Post-Statcast (2017 MVP),5,2,2,0.10294747921011882,2.7668336042272696,CH,foul,Contact / Foul
2017,Post-Statcast (2017 MVP),6,3,2,0.3654142367208606,2.3678015290605607,SL,hit_into_play,Contact / Foul
2017,Post-Statcast (2017 MVP),4,1,2,-0.7365870339362598,2.9780916035654545,SI,hit_into_play,Contact / Foul
2017,Post-Statcast (2017 MVP),9,3,1,0.8001238850205834,1.9986769640933224,FC,hit_into_play,Contact / Foul
2017,Post-Statcast (2017 MVP),8,2,1,0.07627985623290323,1.887460634574043,SL,swinging_strike,Whiff (Miss)
2017,Post-Statcast (2017 MVP),6,3,2,0.3002384497334417,2.305124803318128,FF,foul,Contact / Foul
2017,Post-Statcast (2017 MVP),4,1,2,-0.4928422468269242,2.5379273622746483,SL,hit_into_play,Contact / Foul
2017,Post-Statcast (2017 MVP),4,1,2,-0.36011216930203493,2.913697408765133,FF,foul,Contact / Foul
2017,Post-Statcast (2017 MVP),1,1,3,-0.331925415240642,3.379085299211677,FF,hit_into_play,Contact / Foul
2017,Post-Statcast (2017 MVP),6,3,2,0.387712978494214,2.6172545638348987,SL,hit_into_play,Contact / Foul
2017,Post-Statcast (2017 MVP),2,2,3,-0.26902747707496166,3.5127330859667105,FF,foul_tip,Contact / Foul
2017,Post-Statcast (2017 MVP),9,3,1,0.32737522797600027,1.7820790744981403,FF,foul,Contact / Foul
2017,Post-Statcast (2017 MVP),3,3,3,0.4480487010120781,3.1343263292170813,FF,hit_into_play,Contact / Foul
2017,Post-Statcast (2017 MVP),5,2,2,0.2257925333327373,2.2497287955713445,CU,hit_into_play,Contact / Foul
2017,Post-Statcast (2017 MVP),1,1,3,-0.559438741138782,3.692892413298307,SI,foul,Contact / Foul
2017,Post-Statcast (2017 MVP),5,2,2,0.2744084739201099,2.8372297415703525,CH,foul,Contact / Foul
2017,Post-Statcast (2017 MVP),8,2,1,-0.0574692727960181,1.9456957889650268,CH,hit_into_play,Contact / Foul
2017,Post-Statcast (2017 MVP),4,1,2,-0.3405225417235527,2.74132826794143,FF,foul,Contact / Foul
2017,Post-Statcast (2017 MVP),3,3,3,0.39826131426429745,3.4060998328256935,FF,foul,Contact / Foul
2017,Post-Statcast (2017 MVP),6,3,2,0.43834537342688185,2.3822638653928685,FF,foul,Contact / Foul
2017,Post-Statcast (2017 MVP),5,2,2,-0.10151814594875774,2.5242036220926876,FF,foul,Contact / Foul
2017,Post-Statcast (2017 MVP),5,2,2,0.25511431993125266,2.3205009856944065,FF,foul,Contact / Foul
2017,Post-Statcast (2017 MVP),5,2,2,0.1832669972387164,2.256683953719506,FF,hit_into_play,Contact / Foul
2017,Post-Statcast (2017 MVP),6,3,2,0.6785168524060423,2.375936206813986,FF,foul,Contact / Foul
2017,Post-Statcast (2017 MVP),9,3,1,0.3289347820615438,1.7281006173158049,FC,swinging_strike,Whiff (Miss)
2017,Post-Statcast (2017 MVP),2,2,3,0.19460381159521903,2.9537371540703243,FF,hit_into_play,Contact / Foul
2017,Post-Statcast (2017 MVP),7,1,1,-0.6753092557015976,1.9553407966800669,SL,foul,Contact / Foul
2017,Post-Statcast (2017 MVP),9,3,1,0.6199092022600868,1.632938187321615,CU,foul,Contact / Foul
2017,Post-Statcast (2017 MVP),9,3,1,0.6971182883751977,1.4080347863128986,FC,swinging_strike,Whiff (Miss)
2017,Post-Statcast (2017 MVP),9,3,1,0.5763885976841844,1.4014921912829492,FC,foul,Contact / Foul
2017,Post-Statcast (2017 MVP),4,1,2,-0.4829874405780143,2.4230475437350982,SI,hit_into_play,Contact / Foul
2017,Post-Statcast (2017 MVP),9,3,1,0.4256869680549533,2.006652157387766,CU,hit_into_play,Contact / Foul
2017,Post-Statcast (2017 MVP),5,2,2,0.2224700994855502,2.5552084922080542,SI,hit_into_play,Contact / Foul
2017,Post-Statcast (2017 MVP),8,2,1,0.2151936631196701,1.8020744498764771,CU,hit_into_play,Contact / Foul
2017,Post-Statcast (2017 MVP),7,1,1,-0.2948841734170462,2.058901406417066,CH,hit_into_play,Contact / Foul
2017,Post-Statcast (2017 MVP),1,1,3,-0.8116575832491149,3.12722035063539,SI,hit_into_play,Contact / Foul
2017,Post-Statcast (2017 MVP),6,3,2,0.5127650932806241,2.601796753033697,FF,hit_into_play,Contact / Foul
2017,Post-Statcast (2017 MVP),2,2,3,-0.11354417235436176,3.647944421398102,SI,swinging_strike,Whiff (Miss)
2017,Post-Statcast (2017 MVP),4,1,2,-0.7952756073385796,2.948030730459519,SI,swinging_strike,Whiff (Miss)
2017,Post-Statcast (2017 MVP),5,2,2,0.15662976532530182,2.4199882358288676,CU,hit_into_play,Contact / Foul
2017,Post-Statcast (2017 MVP),4,1,2,-0.34584201501489087,2.332835462891646,SI,foul,Contact / Foul
2017,Post-Statcast (2017 MVP),4,1,2,-0.8075070454243889,2.422169585920684,FF,hit_into_play,Contact / Foul
2017,Post-Statcast (2017 MVP),4,1,2,-0.6379790625634263,2.3526536185170053,FF,hit_into_play,Contact / Foul
2017,Post-Statcast (2017 MVP),5,2,2,0.26226341600096137,2.6015833267421886,SI,foul,Contact / Foul
2017,Post-Statcast (2017 MVP),6,3,2,0.4802296384382207,2.5305231478520795,FS,foul,Contact / Foul
2017,Post-Statcast (2017 MVP),7,1,1,-0.4746069659293811,2.0395146561607516,FF,hit_into_play,Contact / Foul
2017,Post-Statcast (2017 MVP),8,2,1,0.1569887431389787,2.072149866652843,FF,hit_into_play,Contact / Foul
2017,Post-Statcast (2017 MVP),8,2,1,0.2016845353622033,2.126223898083425,SL,hit_into_play,Contact / Foul
2017,Post-Statcast (2017 MVP),4,1,2,-0.5217453218094513,2.8811250957026098,FF,foul,Contact / Foul
2017,Post-Statcast (2017 MVP),6,3,2,0.5984716650943305,2.398141347988543,SL,foul,Contact / Foul
2017,Post-Statcast (2017 MVP),9,3,1,0.314474645207221,1.603515459114916,SL,foul_tip,Contact / Foul
2017,Post-Statcast (2017 MVP),7,1,1,-0.7888771475485681,1.796714360107985,FF,foul,Contact / Foul
2017,Post-Statcast (2017 MVP),6,3,2,0.39483571331075473,2.287629651885362,FS,foul,Contact / Foul
2017,Post-Statcast (2017 MVP),7,1,1,-0.7176002517201534,1.5398335075067622,FS,foul,Contact / Foul
2017,Post-Statcast (2017 MVP),9,3,1,0.4877078009777304,1.5955885115519353,FS,foul,Contact / Foul
2017,Post-Statcast (2017 MVP),8,2,1,0.08334483809074511,1.876191608621998,SI,hit_into_play,Contact / Foul
2017,Post-Statcast (2017 MVP),3,3,3,0.559151164579926,2.970281289207744,FF,swinging_strike,Whiff (Miss)
2017,Post-Statcast (2017 MVP),5,2,2,0.06882059094944061,2.5583162458727036,FF,swinging_strike,Whiff (Miss)
2017,Post-Statcast (2017 MVP),8,2,1,-0.14232051165043347,1.8443786071330743,SI,hit_into_play,Contact / Foul
2017,Post-Statcast (2017 MVP),9,3,1,0.7673793134833866,1.8159889108848168,KC,swinging_strike,Whiff (Miss)
2017,Post-Statcast (2017 MVP),1,1,3,-0.3641321893119962,3.309809156525513,FF,foul,Contact / Foul
2017,Post-Statcast (2017 MVP),6,3,2,0.7644144085026209,2.6507021857655175,FF,swinging_strike,Whiff (Miss)
2017,Post-Statcast (2017 MVP),4,1,2,-0.38515704673520257,2.6984124759581283,FF,foul,Contact / Foul
2017,Post-Statcast (2017 MVP),4,1,2,-0.7355900684670796,3.1666331543942348,FF,foul,Contact / Foul
2017,Post-Statcast (2017 MVP),5,2,2,-0.09504482293724108,2.5513289474111582,FF,hit_into_play,Contact / Foul
2017,Post-Statcast (2017 MVP),7,1,1,-0.6537132475848212,2.133569483985178,SL,foul,Contact / Foul
2017,Post-Statcast (2017 MVP),9,3,1,0.3630307123842955,2.17244997118396,SL,foul,Contact / Foul
2017,Post-Statcast (2017 MVP),5,2,2,0.05055144513390386,2.7527394371176537,FF,swinging_strike,Whiff (Miss)
2017,Post-Statcast (2017 MVP),4,1,2,-0.2946914714628134,2.754426772620234,CH,foul,Contact / Foul
2017,Post-Statcast (2017 MVP),3,3,3,0.4978576696924165,3.1740247667733232,FF,foul,Contact / Foul
2017,Post-Statcast (2017 MVP),4,1,2,-0.6059670733476632,2.5864126786618753,FF,hit_into_play,Contact / Foul
2017,Post-Statcast (2017 MVP),9,3,1,0.7306643816451943,1.7516842339698466,FF,hit_into_play,Contact / Foul
2017,Post-Statcast (2017 MVP),5,2,2,-0.09723843390595076,2.8623453530063516,FF,swinging_strike,Whiff (Miss)
2017,Post-Statcast (2017 MVP),6,3,2,0.2876703751425407,2.3419227317307763,SI,hit_into_play,Contact / Foul
2017,Post-Statcast (2017 MVP),1,1,3,-0.3537170979116213,3.045055938227057,FF,foul,Contact / Foul
2017,Post-Statcast (2017 MVP),6,3,2,0.3615619064464185,2.408414214491673,FF,foul,Contact / Foul
2017,Post-Statcast (2017 MVP),9,3,1,0.6732143946795548,2.0045594666202096,FF,hit_into_play,Contact / Foul
2017,Post-Statcast (2017 MVP),6,3,2,0.35280394859677966,2.3720240289570977,FS,hit_into_play,Contact / Foul
2017,Post-Statcast (2017 MVP),1,1,3,-0.43407241986979167,3.395435011563253,FF,foul,Contact / Foul
2017,Post-Statcast (2017 MVP),8,2,1,-0.24657879826375304,2.0103228875771313,SL,hit_into_play,Contact / Foul
2017,Post-Statcast (2017 MVP),5,2,2,-0.09802110217639926,2.842249286226808,SL,hit_into_play,Contact / Foul
2017,Post-Statcast (2017 MVP),3,3,3,0.5457001788051052,3.676592845177871,FC,foul,Contact / Foul
2017,Post-Statcast (2017 MVP),5,2,2,-0.10274022413688776,2.6170215000295407,SI,hit_into_play,Contact / Foul
2017,Post-Statcast (2017 MVP),9,3,1,0.3464245540628299,1.7563995894050444,SL,hit_into_play,Contact / Foul
2017,Post-Statcast (2017 MVP),1,1,3,-0.3650288031990678,3.649478443274234,FF,hit_into_play,Contact / Foul
2017,Post-Statcast (2017 MVP),9,3,1,0.3952893239021984,2.0617068658934583,FF,foul,Contact / Foul
2017,Post-Statcast (2017 MVP),5,2,2,0.1827566978471422,2.5632107300316957,SI,hit_into_play,Contact / Foul
2017,Post-Statcast (2017 MVP),6,3,2,0.4305679252955644,2.6519476229288603,FF,swinging_strike,Whiff (Miss)
2017,Post-Statcast (2017 MVP),5,2,2,-0.1463225488706158,2.9563733612783007,FF,foul,Contact / Foul
2017,Post-Statcast (2017 MVP),5,2,2,0.1131758572317505,2.5529687331848026,SI,hit_into_play,Contact / Foul
2017,Post-Statcast (2017 MVP),6,3,2,0.573022120386881,2.7520944406669257,SL,foul,Contact / Foul
2017,Post-Statcast (2017 MVP),4,1,2,-0.6099417759220216,2.7383348347372185,SL,foul,Contact / Foul
2017,Post-Statcast (2017 MVP),5,2,2,0.0068452159470449,2.8556156842496065,FF,hit_into_play,Contact / Foul
2017,Post-Statcast (2017 MVP),8,2,1,0.21169548285705453,2.402767712698675,FF,foul,Contact / Foul
2017,Post-Statcast (2017 MVP),5,2,2,-0.08544713561147499,3.0916737090092647,FF,foul,Contact / Foul
2017,Post-Statcast (2017 MVP),7,1,1,-0.3980571698390467,1.712470782621517,CU,hit_into_play,Contact / Foul
2017,Post-Statcast (2017 MVP),2,2,3,-0.00875686847251239,3.216131761566782,FF,foul,Contact / Foul
2017,Post-Statcast (2017 MVP),5,2,2,0.10863186640304628,3.016595395648883,FC,foul,Contact / Foul
2017,Post-Statcast (2017 MVP),9,3,1,0.728743702135652,2.198859918058914,FF,hit_into_play,Contact / Foul
2017,Post-Statcast (2017 MVP),6,3,2,0.6706968252552507,3.184699652260921,SL,foul,Contact / Foul
2017,Post-Statcast (2017 MVP),6,3,2,0.6908340223778611,2.859583264533717,SL,foul,Contact / Foul
2017,Post-Statcast (2017 MVP),6,3,2,0.7056283905288303,2.554642148429568,FC,hit_into_play,Contact / Foul
2017,Post-Statcast (2017 MVP),5,2,2,-0.16130644319619392,2.455541532394821,SI,foul,Contact / Foul
2017,Post-Statcast (2017 MVP),1,1,3,-0.4807920686967376,3.176786895405495,FF,hit_into_play,Contact / Foul
2017,Post-Statcast (2017 MVP),1,1,3,-0.3248811683294241,3.498237074993784,FF,swinging_strike,Whiff (Miss)
2017,Post-Statcast (2017 MVP),2,2,3,-0.2059443511229221,3.43706570649654,FF,swinging_strike,Whiff (Miss)
2017,Post-Statcast (2017 MVP),7,1,1,-0.5434849076977014,2.304602534911816,SI,hit_into_play,Contact / Foul
2017,Post-Statcast (2017 MVP),4,1,2,-0.3300042864958547,2.971763903606747,FF,foul,Contact / Foul
2017,Post-Statcast (2017 MVP),9,3,1,0.7668179700927117,2.2356087048650277,SL,hit_into_play,Contact / Foul
2017,Post-Statcast (2017 MVP),4,1,2,-0.6602639767671641,2.695057328519204,FF,foul,Contact / Foul
2017,Post-Statcast (2017 MVP),1,1,3,-0.6971714028121453,3.3109946627012268,FF,swinging_strike,Whiff (Miss)
2017,Post-Statcast (2017 MVP),9,3,1,0.4626944218742038,2.173533848717143,CH,hit_into_play,Contact / Foul
2017,Post-Statcast (2017 MVP),7,1,1,-0.383873630497389,1.805566849978307,FF,hit_into_play,Contact / Foul
2017,Post-Statcast (2017 MVP),8,2,1,0.21597117900902152,2.0502782418179892,SL,hit_into_play,Contact / Foul
2017,Post-Statcast (2017 MVP),9,3,1,0.5334276818092357,2.190027573312867,SL,swinging_strike,Whiff (Miss)
2017,Post-Statcast (2017 MVP),9,3,1,0.7357205676752884,2.403881836391554,SL,swinging_strike,Whiff (Miss)
2017,Post-Statcast (2017 MVP),9,3,1,0.5765790681108869,2.0035013860645536,SI,hit_into_play,Contact / Foul
2017,Post-Statcast (2017 MVP),5,2,2,0.17194437903781346,2.59524848988101,KC,hit_into_play,Contact / Foul
2017,Post-Statcast (2017 MVP),2,2,3,0.23027600035400983,3.818049958123059,FF,swinging_strike,Whiff (Miss)
2017,Post-Statcast (2017 MVP),9,3,1,0.6111540811987051,2.3117110391410156,FF,hit_into_play,Contact / Foul
2017,Post-Statcast (2017 MVP),4,1,2,-0.5174195251110272,3.0848449228585815,FC,swinging_strike,Whiff (Miss)
2017,Post-Statcast (2017 MVP),8,2,1,-0.1967154888511966,2.392862236038115,FC,hit_into_play,Contact / Foul
2017,Post-Statcast (2017 MVP),6,3,2,0.3746989282059535,2.5514309828461252,FF,hit_into_play,Contact / Foul
2017,Post-Statcast (2017 MVP),9,3,1,0.5013746445979722,2.222886875578407,KC,hit_into_play,Contact / Foul
2017,Post-Statcast (2017 MVP),4,1,2,-0.35197895199459095,2.5540293141608865,KC,foul,Contact / Foul
2017,Post-Statcast (2017 MVP),4,1,2,-0.6591751696812085,3.0945887000395147,KC,foul,Contact / Foul
2017,Post-Statcast (2017 MVP),7,1,1,-0.27755722724720733,2.3052061741237813,KC,foul,Contact / Foul
2017,Post-Statcast (2017 MVP),5,2,2,-0.26662956079093136,2.8934201758152938,CU,hit_into_play,Contact / Foul
2017,Post-Statcast (2017 MVP),8,2,1,0.02760135383926276,1.9715765248770043,CH,hit_into_play,Contact / Foul
2017,Post-Statcast (2017 MVP),5,2,2,-0.04295532259282808,2.8331621271569025,SL,hit_into_play,Contact / Foul
2017,Post-Statcast (2017 MVP),8,2,1,0.00261464392815131,2.349249487280036,FF,foul,Contact / Foul
2017,Post-Statcast (2017 MVP),5,2,2,0.04191429160552856,2.419629372987615,FF,swinging_strike,Whiff (Miss)
2017,Post-Statcast (2017 MVP),5,2,2,0.182167754265318,2.852123374425842,FC,foul,Contact / Foul
2017,Post-Statcast (2017 MVP),5,2,2,0.1952817827678548,2.4617161814942357,SL,foul,Contact / Foul
2017,Post-Statcast (2017 MVP),5,2,2,0.2523652781252012,2.686635230405797,FF,foul,Contact / Foul
2017,Post-Statcast (2017 MVP),8,2,1,0.18413662326845215,2.115421404014069,SL,foul,Contact / Foul
2017,Post-Statcast (2017 MVP),5,2,2,0.16741470151135107,3.037535604691547,KN,swinging_strike,Whiff (Miss)
2017,Post-Statcast (2017 MVP),1,1,3,-0.5720732716627406,3.4540279745715567,KN,hit_into_play,Contact / Foul
2017,Post-Statcast (2017 MVP),1,1,3,-0.7781248979348355,3.607447029704824,KN,swinging_strike,Whiff (Miss)
2017,Post-Statcast (2017 MVP),5,2,2,-0.08702697713211816,2.908648793734267,KN,foul,Contact / Foul
2017,Post-Statcast (2017 MVP),4,1,2,-0.6874755329521631,3.0006131053316256,FF,hit_into_play,Contact / Foul
2017,Post-Statcast (2017 MVP),5,2,2,-0.02515237392281449,2.9346716051422597,FF,hit_into_play,Contact / Foul
2017,Post-Statcast (2017 MVP),8,2,1,0.05572031307842146,1.7943962818612589,SL,hit_into_play,Contact / Foul
2017,Post-Statcast (2017 MVP),2,2,3,0.13381827229969534,3.5363893688296355,FF,foul,Contact / Foul
2017,Post-Statcast (2017 MVP),8,2,1,0.08349764717799013,2.1767576755353195,FF,hit_into_play,Contact / Foul
2017,Post-Statcast (2017 MVP),7,1,1,-0.6835061402422529,1.9794181164621865,CH,swinging_strike,Whiff (Miss)
2017,Post-Statcast (2017 MVP),7,1,1,-0.6179455917002488,2.212690728928253,CH,foul,Contact / Foul
2017,Post-Statcast (2017 MVP),5,2,2,0.2748281165427555,3.0155013638824073,SL,foul,Contact / Foul
2017,Post-Statcast (2017 MVP),1,1,3,-0.4288202689584646,3.2514378321716895,FF,foul,Contact / Foul
2017,Post-Statcast (2017 MVP),8,2,1,0.20115402635002577,1.754898308742062,FF,hit_into_play,Contact / Foul
2017,Post-Statcast (2017 MVP),5,2,2,-0.23468015849197943,2.8704795224519004,SL,foul,Contact / Foul
2017,Post-Statcast (2017 MVP),5,2,2,-0.06771091037558186,3.096911853967092,FF,hit_into_play,Contact / Foul
2017,Post-Statcast (2017 MVP),6,3,2,0.5488205893943846,2.4996652349702444,FC,foul,Contact / Foul
2017,Post-Statcast (2017 MVP),2,2,3,0.18196499912339803,3.3602515580137373,FF,foul,Contact / Foul
2017,Post-Statcast (2017 MVP),2,2,3,0.2375259341733736,3.5618999739235147,FC,foul_tip,Contact / Foul
2017,Post-Statcast (2017 MVP),2,2,3,0.13068514965226707,3.448101260710401,FF,swinging_strike,Whiff (Miss)
2017,Post-Statcast (2017 MVP),4,1,2,-0.4250911588778262,2.6353104596066883,FF,hit_into_play,Contact / Foul
2017,Post-Statcast (2017 MVP),6,3,2,0.4928152991592326,2.4917147260690555,FC,hit_into_play,Contact / Foul
2017,Post-Statcast (2017 MVP),6,3,2,0.5204697033353104,2.6344174702541383,FF,hit_into_play,Contact / Foul
2017,Post-Statcast (2017 MVP),9,3,1,0.8044132471388843,2.279554822347672,SL,foul,Contact / Foul
2017,Post-Statcast (2017 MVP),1,1,3,-0.7821040144147542,3.5832016608763664,SL,swinging_strike,Whiff (Miss)
2017,Post-Statcast (2017 MVP),5,2,2,0.13184322679167482,2.2936858578045993,CU,hit_into_play,Contact / Foul
2017,Post-Statcast (2017 MVP),8,2,1,-0.1550703463793197,2.0688309462479397,CU,hit_into_play,Contact / Foul
2017,Post-Statcast (2017 MVP),9,3,1,0.5786061619949606,1.8183452681643384,FC,swinging_strike,Whiff (Miss)
2017,Post-Statcast (2017 MVP),5,2,2,-0.12623094239203053,2.9300328891651604,FF,foul_tip,Contact / Foul
2017,Post-Statcast (2017 MVP),5,2,2,-0.10881641027619704,2.4951134848197714,FF,hit_into_play,Contact / Foul
2017,Post-Statcast (2017 MVP),6,3,2,0.7271119042467576,2.675403260949568,FF,swinging_strike,Whiff (Miss)
2017,Post-Statcast (2017 MVP),4,1,2,-0.46710073678292546,2.833489179986181,FF,swinging_strike,Whiff (Miss)
2017,Post-Statcast (2017 MVP),9,3,1,0.3015543612118923,1.6227257827459367,SI,foul,Contact / Foul
2017,Post-Statcast (2017 MVP),6,3,2,0.331515090331025,2.528023827298833,FF,hit_into_play,Contact / Foul
2017,Post-Statcast (2017 MVP),6,3,2,0.2848009639436526,2.7155777893009336,SI,hit_into_play,Contact / Foul
2017,Post-Statcast (2017 MVP),7,1,1,-0.28037247196959014,1.8010997641797273,SI,swinging_strike,Whiff (Miss)
2017,Post-Statcast (2017 MVP),7,1,1,-0.6167616508377798,1.8601880234673984,CU,hit_into_play,Contact / Foul
2017,Post-Statcast (2017 MVP),2,2,3,-0.06238745243843868,3.788864012581412,FF,swinging_strike,Whiff (Miss)
2017,Post-Statcast (2017 MVP),5,2,2,0.13892550912969381,2.7034603275210776,CU,swinging_strike,Whiff (Miss)
2017,Post-Statcast (2017 MVP),7,1,1,-0.5214945192575138,1.6097328487102698,SL,hit_into_play,Contact / Foul
2017,Post-Statcast (2017 MVP),8,2,1,-0.12394602920014758,1.7712313815453085,FF,hit_into_play,Contact / Foul
2017,Post-Statcast (2017 MVP),8,2,1,-0.02359642644383319,2.102402532591788,CU,swinging_strike,Whiff (Miss)
2017,Post-Statcast (2017 MVP),7,1,1,-0.33342236765907207,1.9791015704314407,SL,foul,Contact / Foul
2017,Post-Statcast (2017 MVP),2,2,3,0.02395611147681475,3.1536432163423944,SI,foul,Contact / Foul
2017,Post-Statcast (2017 MVP),4,1,2,-0.35583345302412517,2.955827504892862,SI,swinging_strike,Whiff (Miss)
2017,Post-Statcast (2017 MVP),4,1,2,-0.36224461650323714,2.5838293716125085,SI,foul,Contact / Foul
2017,Post-Statcast (2017 MVP),4,1,2,-0.5572643546785654,2.8547610054472083,SI,foul,Contact / Foul
2017,Post-Statcast (2017 MVP),2,2,3,0.1036121265878822,3.20456932377253,SI,hit_into_play,Contact / Foul
2017,Post-Statcast (2017 MVP),7,1,1,-0.6395814081766409,2.396060602145865,SI,hit_into_play,Contact / Foul
2017,Post-Statcast (2017 MVP),1,1,3,-0.6158349524309812,3.4841915032505972,SI,foul,Contact / Foul
2017,Post-Statcast (2017 MVP),4,1,2,-0.7698527208870598,2.7502075184217993,SI,foul,Contact / Foul
2017,Post-Statcast (2017 MVP),3,3,3,0.6368334595438625,3.1620739096909234,FF,foul,Contact / Foul
2017,Post-Statcast (2017 MVP),1,1,3,-0.6180654298064869,3.6054180023213664,FF,foul,Contact / Foul
2017,Post-Statcast (2017 MVP),3,3,3,0.5950697545554009,3.4002810799845005,FF,hit_into_play,Contact / Foul
2017,Post-Statcast (2017 MVP),9,3,1,0.6084961170398822,1.871655388149645,CH,hit_into_play,Contact / Foul
2017,Post-Statcast (2017 MVP),9,3,1,0.6245378617787015,2.0264331803281745,CH,hit_into_play,Contact / Foul
2017,Post-Statcast (2017 MVP),3,3,3,0.6110923208864795,3.773659558424148,FF,hit_into_play,Contact / Foul
2017,Post-Statcast (2017 MVP),3,3,3,0.7477511731538069,3.6492198242906606,FF,foul,Contact / Foul
2017,Post-Statcast (2017 MVP),6,3,2,0.8281859827480313,2.4694268758178186,FF,foul,Contact / Foul
2017,Post-Statcast (2017 MVP),6,3,2,0.5462835768816228,2.8592435182515414,FF,hit_into_play,Contact / Foul
2017,Post-Statcast (2017 MVP),2,2,3,-0.2666361565902439,3.123130246775588,FF,swinging_strike,Whiff (Miss)
2017,Post-Statcast (2017 MVP),9,3,1,0.44790458480259754,1.9549540002632635,SL,hit_into_play,Contact / Foul
2017,Post-Statcast (2017 MVP),6,3,2,0.4187412571152746,2.675492094124223,FF,foul,Contact / Foul
2017,Post-Statcast (2017 MVP),2,2,3,-0.26171462907209475,3.37889353455994,FF,foul,Contact / Foul
2017,Post-Statcast (2017 MVP),4,1,2,-0.384699702769358,2.5906382281606475,FF,foul_tip,Contact / Foul
2017,Post-Statcast (2017 MVP),2,2,3,0.02557166172805826,3.567734540133986,FF,swinging_strike,Whiff (Miss)
2017,Post-Statcast (2017 MVP),2,2,3,-0.10842232104063808,4.135483945953798,FF,hit_into_play,Contact / Foul
2017,Post-Statcast (2017 MVP),1,1,3,-0.4341295603275585,3.654246196766013,FF,foul,Contact / Foul
2017,Post-Statcast (2017 MVP),7,1,1,-0.641350106642955,1.8602036609250348,SI,hit_into_play,Contact / Foul
2017,Post-Statcast (2017 MVP),4,1,2,-0.7949728990832752,3.1529637780885507,SI,hit_into_play,Contact / Foul
2017,Post-Statcast (2017 MVP),1,1,3,-0.4550145611393339,3.614313731749855,KC,foul,Contact / Foul
2017,Post-Statcast (2017 MVP),8,2,1,0.16734517215971545,1.9735673716956488,SI,hit_into_play,Contact / Foul
2017,Post-Statcast (2017 MVP),3,3,3,0.3860260951815866,3.95638105466155,FF,swinging_strike,Whiff (Miss)
2017,Post-Statcast (2017 MVP),7,1,1,-0.6361730279932006,1.5533762475329451,FS,swinging_strike,Whiff (Miss)
2017,Post-Statcast (2017 MVP),2,2,3,-0.2725397600019457,3.8870753869391814,FF,swinging_strike,Whiff (Miss)
2017,Post-Statcast (2017 MVP),2,2,3,0.13994035155036655,3.602704129864067,FF,swinging_strike,Whiff (Miss)
2017,Post-Statcast (2017 MVP),2,2,3,-0.1518064451906962,3.199762296738512,FF,swinging_strike,Whiff (Miss)
2017,Post-Statcast (2017 MVP),1,1,3,-0.35106750802915765,3.4123703853746155,FF,swinging_strike,Whiff (Miss)
2017,Post-Statcast (2017 MVP),8,2,1,0.23958896215239933,2.1782336808527267,FC,hit_into_play,Contact / Foul
2017,Post-Statcast (2017 MVP),6,3,2,0.7280861533478742,2.438219498499909,SL,swinging_strike,Whiff (Miss)
2017,Post-Statcast (2017 MVP),8,2,1,0.11520877278550457,1.777948486271659,FF,swinging_strike,Whiff (Miss)
2017,Post-Statcast (2017 MVP),5,2,2,0.1295529109674749,2.331060992509733,SL,foul,Contact / Foul
2017,Post-Statcast (2017 MVP),5,2,2,0.13219836458252687,2.5820379350190423,FF,foul,Contact / Foul
2017,Post-Statcast (2017 MVP),5,2,2,0.17015505911304993,2.753774627821824,SL,foul,Contact / Foul
2017,Post-Statcast (2017 MVP),5,2,2,-0.16659429719141872,3.060884601841764,CH,foul,Contact / Foul
2017,Post-Statcast (2017 MVP),6,3,2,0.7897849097572502,2.8690767059425903,SI,foul,Contact / Foul
2017,Post-Statcast (2017 MVP),9,3,1,0.2770233930852084,2.416208954462471,CH,hit_into_play,Contact / Foul
2017,Post-Statcast (2017 MVP),9,3,1,0.7537235814038631,2.077470363539282,FF,hit_into_play,Contact / Foul
2017,Post-Statcast (2017 MVP),5,2,2,-0.07987386502001448,2.837487188478691,SI,foul,Contact / Foul
2017,Post-Statcast (2017 MVP),5,2,2,-0.00497326215025673,2.4016531101262086,SI,swinging_strike,Whiff (Miss)
2017,Post-Statcast (2017 MVP),6,3,2,0.5936522072387052,2.36878551653494,FC,foul,Contact / Foul
2017,Post-Statcast (2017 MVP),7,1,1,-0.31002927382229784,1.7505053835656872,CH,foul,Contact / Foul
2017,Post-Statcast (2017 MVP),6,3,2,0.46641962466597886,2.8227511521268123,SI,hit_into_play,Contact / Foul
2017,Post-Statcast (2017 MVP),4,1,2,-0.6433726636731134,2.760696261165678,FC,hit_into_play,Contact / Foul
2017,Post-Statcast (2017 MVP),8,2,1,-0.04936684551648585,2.024858671453954,CH,hit_into_play,Contact / Foul
2017,Post-Statcast (2017 MVP),5,2,2,-0.16796727142924628,2.446513954780814,FF,foul,Contact / Foul
2017,Post-Statcast (2017 MVP),9,3,1,0.32376152314323936,1.4867538370476496,CH,swinging_strike,Whiff (Miss)
2017,Post-Statcast (2017 MVP),8,2,1,0.25721839612229647,1.822213270793146,FC,foul,Contact / Foul
2017,Post-Statcast (2017 MVP),6,3,2,0.3847244685713832,3.114801944883841,SL,swinging_strike,Whiff (Miss)
2017,Post-Statcast (2017 MVP),8,2,1,0.09583271012630534,2.1633939234480377,CH,foul,Contact / Foul
2017,Post-Statcast (2017 MVP),8,2,1,-0.05589605929702501,2.2569400730405604,SI,swinging_strike,Whiff (Miss)
2017,Post-Statcast (2017 MVP),8,2,1,-0.13218150229421943,2.355289299938917,FF,swinging_strike,Whiff (Miss)
2017,Post-Statcast (2017 MVP),4,1,2,-0.5901202340635427,2.568286334844417,SL,foul,Contact / Foul
2017,Post-Statcast (2017 MVP),6,3,2,0.6130233091002346,2.2651015618578563,SL,hit_into_play,Contact / Foul
2017,Post-Statcast (2017 MVP),9,3,1,0.7590316213272245,1.9373138094837103,CH,hit_into_play,Contact / Foul
2017,Post-Statcast (2017 MVP),9,3,1,0.6514544554433604,2.266905435823174,SL,hit_into_play,Contact / Foul
2017,Post-Statcast (2017 MVP),9,3,1,0.6184330016387953,2.2935979882194593,FF,foul,Contact / Foul
2017,Post-Statcast (2017 MVP),4,1,2,-0.5915146637306274,2.40031768256838,SI,hit_into_play,Contact / Foul
2017,Post-Statcast (2017 MVP),5,2,2,-0.23237296762052173,3.2602560644896545,SI,foul,Contact / Foul
2017,Post-Statcast (2017 MVP),6,3,2,0.4358768111589101,2.256408117818346,SL,hit_into_play,Contact / Foul
2017,Post-Statcast (2017 MVP),4,1,2,-0.80162308632114,2.3282879042337266,SI,hit_into_play,Contact / Foul
2017,Post-Statcast (2017 MVP),6,3,2,0.3129903239263201,3.081098030289809,CH,foul,Contact / Foul
2017,Post-Statcast (2017 MVP),9,3,1,0.7001138197597822,1.5128836838176034,CU,hit_into_play,Contact / Foul
2017,Post-Statcast (2017 MVP),5,2,2,0.07329112518268566,2.95094743332564,FF,hit_into_play,Contact / Foul
2017,Post-Statcast (2017 MVP),9,3,1,0.7290910990008883,1.7443703437849218,FF,hit_into_play,Contact / Foul
2017,Post-Statcast (2017 MVP),7,1,1,-0.7076079603746326,2.0402304927099273,SI,hit_into_play,Contact / Foul
2017,Post-Statcast (2017 MVP),4,1,2,-0.5481153579079594,2.8876725388964237,SI,hit_into_play,Contact / Foul
2017,Post-Statcast (2017 MVP),5,2,2,-0.12389213092908592,2.522389259281713,CH,foul,Contact / Foul
2017,Post-Statcast (2017 MVP),2,2,3,0.18270902877062323,3.365460063161739,SI,foul,Contact / Foul
2017,Post-Statcast (2017 MVP),8,2,1,0.1919074667371658,2.079726476887125,FC,hit_into_play,Contact / Foul
2017,Post-Statcast (2017 MVP),7,1,1,-0.762011971433787,1.5048271620524996,CH,hit_into_play,Contact / Foul
2017,Post-Statcast (2017 MVP),6,3,2,0.6094459657987373,2.479087166392192,SI,hit_into_play,Contact / Foul
2017,Post-Statcast (2017 MVP),5,2,2,0.2592618492845701,2.572883607650239,CH,hit_into_play,Contact / Foul
2017,Post-Statcast (2017 MVP),4,1,2,-0.3747575167377366,2.412576600110082,SI,hit_into_play,Contact / Foul
2017,Post-Statcast (2017 MVP),6,3,2,0.4767373952012244,2.4640683237283207,SL,hit_into_play,Contact / Foul
2017,Post-Statcast (2017 MVP),4,1,2,-0.4521159043067595,2.2516004056203336,FF,foul,Contact / Foul
2017,Post-Statcast (2017 MVP),2,2,3,0.17108198305174427,3.1672637686980685,SI,foul,Contact / Foul
2017,Post-Statcast (2017 MVP),9,3,1,0.28852759132061223,2.2804421653731204,SL,hit_into_play,Contact / Foul
2017,Post-Statcast (2017 MVP),9,3,1,0.6865377274351996,1.5772067010710824,CU,foul_tip,Contact / Foul
2017,Post-Statcast (2017 MVP),3,3,3,0.3094323280048654,3.6874962263197144,FF,foul,Contact / Foul
2017,Post-Statcast (2017 MVP),6,3,2,0.5778260434617019,2.768064977350405,SI,foul,Contact / Foul
2017,Post-Statcast (2017 MVP),6,3,2,0.6709570371812441,2.6275950055784763,SL,swinging_strike,Whiff (Miss)
2017,Post-Statcast (2017 MVP),6,3,2,0.7902530489457757,2.6141433167143733,FS,hit_into_play,Contact / Foul
2017,Post-Statcast (2017 MVP),8,2,1,0.19893952793072844,1.9256378832525165,FF,hit_into_play,Contact / Foul
2017,Post-Statcast (2017 MVP),9,3,1,0.8137867279569586,2.2550041296801107,FC,foul,Contact / Foul
2017,Post-Statcast (2017 MVP),4,1,2,-0.43531217924240306,3.081612871183854,NA,foul,Contact / Foul
2017,Post-Statcast (2017 MVP),6,3,2,0.6953142611734603,2.7670394048478117,FF,hit_into_play,Contact / Foul
2017,Post-Statcast (2017 MVP),6,3,2,0.4020044278686328,3.127762492363594,CU,foul,Contact / Foul
2017,Post-Statcast (2017 MVP),6,3,2,0.5887080232337791,2.549681796446298,FF,hit_into_play,Contact / Foul
2017,Post-Statcast (2017 MVP),5,2,2,-0.0223485395216581,2.659368682206139,FF,foul,Contact / Foul
2017,Post-Statcast (2017 MVP),9,3,1,0.659165911372892,2.4178541618961535,SL,hit_into_play,Contact / Foul
2017,Post-Statcast (2017 MVP),3,3,3,0.4686075164380256,3.40799190678237,FF,hit_into_play,Contact / Foul
2017,Post-Statcast (2017 MVP),2,2,3,0.11939579363569952,3.574675731826834,FF,foul,Contact / Foul
2017,Post-Statcast (2017 MVP),2,2,3,-0.18772435807148857,3.3652183237120523,FF,foul,Contact / Foul
2017,Post-Statcast (2017 MVP),3,3,3,0.3073332334693012,3.563741900893139,FF,swinging_strike,Whiff (Miss)
2017,Post-Statcast (2017 MVP),6,3,2,0.7215108447243785,2.6135149350716307,FF,foul,Contact / Foul
2017,Post-Statcast (2017 MVP),1,1,3,-0.6503387526432215,3.764528543478983,FF,foul,Contact / Foul
2017,Post-Statcast (2017 MVP),5,2,2,-0.1768178184312963,2.5717545819229857,SI,hit_into_play,Contact / Foul
2017,Post-Statcast (2017 MVP),8,2,1,0.04932279801542028,2.1872262664757063,CH,hit_into_play,Contact / Foul
2017,Post-Statcast (2017 MVP),8,2,1,0.09087223887401684,2.303075561127405,FF,hit_into_play,Contact / Foul
2017,Post-Statcast (2017 MVP),8,2,1,0.17039603683499627,2.125488832795498,FS,hit_into_play,Contact / Foul
2017,Post-Statcast (2017 MVP),5,2,2,-0.16317523926782496,2.518517507538685,FF,swinging_strike,Whiff (Miss)
2017,Post-Statcast (2017 MVP),4,1,2,-0.4916432174389817,2.8634516837865736,FF,foul,Contact / Foul
2017,Post-Statcast (2017 MVP),5,2,2,-0.06564606403913481,2.558771818237827,FF,hit_into_play,Contact / Foul
2017,Post-Statcast (2017 MVP),4,1,2,-0.47643219135962395,2.4054102726769315,SL,swinging_strike,Whiff (Miss)
2017,Post-Statcast (2017 MVP),5,2,2,0.19426993659892688,3.069463482713388,FF,swinging_strike,Whiff (Miss)
2017,Post-Statcast (2017 MVP),1,1,3,-0.6198104543256225,3.5302703024845092,FF,foul,Contact / Foul
2017,Post-Statcast (2017 MVP),5,2,2,-0.1496059013541442,3.007698404718035,FF,foul,Contact / Foul
2017,Post-Statcast (2017 MVP),7,1,1,-0.32505473019850717,2.1571883602108968,FF,hit_into_play,Contact / Foul
2017,Post-Statcast (2017 MVP),7,1,1,-0.3882369756803879,1.7876040463764444,SL,hit_into_play,Contact / Foul
2017,Post-Statcast (2017 MVP),4,1,2,-0.5899840864433393,3.075438711055278,FC,foul,Contact / Foul
2017,Post-Statcast (2017 MVP),4,1,2,-0.3160767857569062,2.9725709516503835,FF,foul,Contact / Foul
2017,Post-Statcast (2017 MVP),5,2,2,0.16185748068737443,2.8953241722785856,FF,swinging_strike,Whiff (Miss)
2017,Post-Statcast (2017 MVP),6,3,2,0.41067608712775705,2.593681192346599,SL,hit_into_play,Contact / Foul
2017,Post-Statcast (2017 MVP),8,2,1,0.24874426660887392,1.9383474097297644,SI,foul,Contact / Foul
2017,Post-Statcast (2017 MVP),5,2,2,0.05481737846229106,2.789018537055233,FF,foul,Contact / Foul
2017,Post-Statcast (2017 MVP),5,2,2,0.1280970452101715,2.955776123263973,SI,foul,Contact / Foul
2017,Post-Statcast (2017 MVP),5,2,2,-0.1298602093527309,2.5479551245685315,CH,foul,Contact / Foul
2017,Post-Statcast (2017 MVP),6,3,2,0.3101647730339697,2.7023539649185926,FF,foul,Contact / Foul
2017,Post-Statcast (2017 MVP),6,3,2,0.46540690442174215,2.4076425069391867,SI,hit_into_play,Contact / Foul
2017,Post-Statcast (2017 MVP),4,1,2,-0.42263406467657,2.4240725384482005,SL,foul,Contact / Foul
2017,Post-Statcast (2017 MVP),8,2,1,-0.1157625362989827,2.2021562755952457,SI,hit_into_play,Contact / Foul
2017,Post-Statcast (2017 MVP),6,3,2,0.8172377184484314,2.6278281339641003,SL,foul,Contact / Foul
2017,Post-Statcast (2017 MVP),6,3,2,0.45867603302931714,3.1118768015732328,FF,swinging_strike,Whiff (Miss)
2017,Post-Statcast (2017 MVP),1,1,3,-0.3822482370647581,3.4269733576014434,FF,swinging_strike,Whiff (Miss)
2017,Post-Statcast (2017 MVP),7,1,1,-0.6140229696038738,2.190115270733799,FF,foul,Contact / Foul
2017,Post-Statcast (2017 MVP),9,3,1,0.4679163766432554,2.302157801447756,SI,hit_into_play,Contact / Foul
2017,Post-Statcast (2017 MVP),9,3,1,0.560193516597002,1.9962336064850488,SI,hit_into_play,Contact / Foul
2017,Post-Statcast (2017 MVP),2,2,3,-0.1486825022156295,3.3288305724986627,FF,foul,Contact / Foul
2017,Post-Statcast (2017 MVP),5,2,2,0.20082130803659032,2.790741816198339,SL,foul,Contact / Foul
2017,Post-Statcast (2017 MVP),7,1,1,-0.6255768285512571,2.092686845951275,SI,hit_into_play,Contact / Foul
2017,Post-Statcast (2017 MVP),4,1,2,-0.6653111947288913,2.581167296712385,FF,hit_into_play,Contact / Foul
2017,Post-Statcast (2017 MVP),2,2,3,-0.190986444957025,3.465165789160099,FF,swinging_strike,Whiff (Miss)
2017,Post-Statcast (2017 MVP),8,2,1,-0.07725029214541076,2.117492562807884,FC,hit_into_play,Contact / Foul
2017,Post-Statcast (2017 MVP),4,1,2,-0.77590328040741,2.686950099265515,FF,foul,Contact / Foul
2017,Post-Statcast (2017 MVP),9,3,1,0.569723172110981,2.035183534498523,CH,hit_into_play,Contact / Foul
2017,Post-Statcast (2017 MVP),7,1,1,-0.2937615434547093,1.7986430717813633,CH,foul,Contact / Foul
2017,Post-Statcast (2017 MVP),8,2,1,-0.17169769109579036,1.6551543475609516,CH,swinging_strike,Whiff (Miss)
2017,Post-Statcast (2017 MVP),1,1,3,-0.5742187476171889,3.7508865385229697,SL,foul_tip,Contact / Foul
2017,Post-Statcast (2017 MVP),7,1,1,-0.4589592022211594,1.6656574025516386,CU,foul,Contact / Foul
2017,Post-Statcast (2017 MVP),7,1,1,-0.32294482828446697,2.169440216519606,SL,foul,Contact / Foul
2017,Post-Statcast (2017 MVP),7,1,1,-0.320358037966107,2.206512677620873,FF,foul,Contact / Foul
2017,Post-Statcast (2017 MVP),5,2,2,0.08632912456036945,2.8905857507126926,FF,foul_tip,Contact / Foul
2017,Post-Statcast (2017 MVP),9,3,1,0.7597025149967066,1.955256479948721,SL,hit_into_play,Contact / Foul
2017,Post-Statcast (2017 MVP),6,3,2,0.8036447184364117,2.494457491723634,SL,hit_into_play,Contact / Foul
2017,Post-Statcast (2017 MVP),8,2,1,0.21934126862323433,2.3141322801072257,SL,hit_into_play,Contact / Foul
2017,Post-Statcast (2017 MVP),5,2,2,-0.23128159218593963,2.526522133133655,SL,foul,Contact / Foul
2017,Post-Statcast (2017 MVP),9,3,1,0.32814255989688224,2.161397965396983,SL,swinging_strike,Whiff (Miss)
2017,Post-Statcast (2017 MVP),5,2,2,0.07243852654778715,2.598080061800608,FF,hit_into_play,Contact / Foul
2017,Post-Statcast (2017 MVP),8,2,1,-0.25073217049621943,2.0998957691520848,FF,foul,Contact / Foul
2017,Post-Statcast (2017 MVP),8,2,1,-0.00959089194995987,2.0504520285212564,FF,hit_into_play,Contact / Foul
2017,Post-Statcast (2017 MVP),8,2,1,0.1374092217141187,1.941570791908429,FF,hit_into_play,Contact / Foul
2017,Post-Statcast (2017 MVP),7,1,1,-0.5693471419541396,2.3243384879406364,SI,hit_into_play,Contact / Foul
