year,era,zone,x,y,plate_x,plate_z,pitch_type,description,outcome
2014,Pre-Statcast (2014 MVP),8,2,1,6.5734122279814e-4,2.1765357693896448,FF,foul,Swing
2014,Pre-Statcast (2014 MVP),9,3,1,0.7437851651250245,1.632406792156296,FF,called_strike,Take (Called Strike)
2014,Pre-Statcast (2014 MVP),2,2,3,0.16294588174758695,3.0720503813803157,FC,called_strike,Take (Called Strike)
2014,Pre-Statcast (2014 MVP),2,2,3,0.17069658472093296,3.576235886789843,SL,swinging_strike,Swing
2014,Pre-Statcast (2014 MVP),4,1,2,-0.7624402013890428,2.5728509821720484,SL,foul,Swing
2014,Pre-Statcast (2014 MVP),6,3,2,0.4761118819263819,2.2939146274259214,FF,called_strike,Take (Called Strike)
2014,Pre-Statcast (2014 MVP),4,1,2,-0.6577704166093747,2.561705745918744,FF,foul,Swing
2014,Pre-Statcast (2014 MVP),4,1,2,-0.47239356770938,2.866078271216977,FF,hit_into_play,Swing
2014,Pre-Statcast (2014 MVP),6,3,2,0.35876359841797467,2.770760951010044,SI,called_strike,Take (Called Strike)
2014,Pre-Statcast (2014 MVP),8,2,1,-0.2066585296398532,2.177503576075794,FF,called_strike,Take (Called Strike)
2014,Pre-Statcast (2014 MVP),9,3,1,0.7937615996290014,1.7868361605171932,FF,ball,Take (Called Strike)
2014,Pre-Statcast (2014 MVP),7,1,1,-0.31562633203187507,2.1503583231200754,SI,called_strike,Take (Called Strike)
2014,Pre-Statcast (2014 MVP),3,3,3,0.459539829223087,3.477992422255911,SL,swinging_strike,Swing
2014,Pre-Statcast (2014 MVP),3,3,3,0.3683607434813039,3.5986704080620817,FF,ball,Take (Called Strike)
2014,Pre-Statcast (2014 MVP),5,2,2,0.2417341387993049,2.6742445062544307,FF,called_strike,Take (Called Strike)
2014,Pre-Statcast (2014 MVP),5,2,2,0.0725250931410033,2.3136176490215963,SI,hit_into_play,Swing
2014,Pre-Statcast (2014 MVP),4,1,2,-0.3753617407340888,2.391041705218788,FF,called_strike,Take (Called Strike)
2014,Pre-Statcast (2014 MVP),8,2,1,0.22036889184776912,2.1581212688307345,FF,called_strike,Take (Called Strike)
2014,Pre-Statcast (2014 MVP),4,1,2,-0.7471219659318257,2.9027787635679356,FF,hit_into_play,Swing
2014,Pre-Statcast (2014 MVP),2,2,3,-0.2281221582546031,3.0497369217758594,FF,hit_into_play,Swing
2014,Pre-Statcast (2014 MVP),1,1,3,-0.5381812961990295,3.2499915908366823,FF,called_strike,Take (Called Strike)
2014,Pre-Statcast (2014 MVP),3,3,3,0.43085933319750935,3.5322972668008608,FF,foul,Swing
2014,Pre-Statcast (2014 MVP),4,1,2,-0.5502838234673517,2.7053870296214635,FC,foul,Swing
2014,Pre-Statcast (2014 MVP),2,2,3,0.06795076771267017,3.260189858102247,FF,swinging_strike,Swing
2014,Pre-Statcast (2014 MVP),7,1,1,-0.768190271888032,2.176497614803003,FF,hit_into_play,Swing
2014,Pre-Statcast (2014 MVP),5,2,2,-0.18668391897443823,2.2623572216461096,FF,foul,Swing
2014,Pre-Statcast (2014 MVP),2,2,3,-0.1108406129284214,2.995898125449771,FF,hit_into_play,Swing
2014,Pre-Statcast (2014 MVP),2,2,3,-0.23796106152390484,2.8897936218241105,FF,called_strike,Take (Called Strike)
2014,Pre-Statcast (2014 MVP),9,3,1,0.3187098058504023,1.7047571078648391,SI,hit_into_play,Swing
2014,Pre-Statcast (2014 MVP),5,2,2,0.2400630786521848,2.5292356207269626,CH,called_strike,Take (Called Strike)
2014,Pre-Statcast (2014 MVP),6,3,2,0.6133396629262624,2.8395730366696252,SI,called_strike,Take (Called Strike)
2014,Pre-Statcast (2014 MVP),7,1,1,-0.40860408667046344,1.572531395430194,CH,foul,Swing
2014,Pre-Statcast (2014 MVP),2,2,3,0.19662301354344255,3.323389432049794,SI,foul,Swing
2014,Pre-Statcast (2014 MVP),8,2,1,-0.1318968583935708,1.8267146758979207,CH,foul,Swing
2014,Pre-Statcast (2014 MVP),4,1,2,-0.5858115885973644,3.2321709866568313,SI,called_strike,Take (Called Strike)
2014,Pre-Statcast (2014 MVP),2,2,3,0.07599014258560907,3.1114315209322276,KC,hit_into_play,Swing
2014,Pre-Statcast (2014 MVP),4,1,2,-0.6373446015002899,2.5384514425715294,FF,foul,Swing
2014,Pre-Statcast (2014 MVP),8,2,1,-0.02838067825645618,2.117087401350798,FF,called_strike,Take (Called Strike)
2014,Pre-Statcast (2014 MVP),8,2,1,0.01766960742785417,1.5964272290579622,SL,called_strike,Take (Called Strike)
2014,Pre-Statcast (2014 MVP),7,1,1,-0.3070231228020069,1.8413454945297585,SL,hit_into_play,Swing
2014,Pre-Statcast (2014 MVP),2,2,3,0.22905343143760148,3.6239620464763393,SI,hit_into_play,Swing
2014,Pre-Statcast (2014 MVP),2,2,3,0.04306467225495136,3.2640986402970107,SI,foul,Swing
2014,Pre-Statcast (2014 MVP),9,3,1,0.4112607644475542,1.9489219613402624,SL,hit_into_play,Swing
2014,Pre-Statcast (2014 MVP),4,1,2,-0.36242487401369816,2.5450745890015383,SL,foul,Swing
2014,Pre-Statcast (2014 MVP),3,3,3,0.5714452155273999,3.152968069658072,SI,foul,Swing
2014,Pre-Statcast (2014 MVP),5,2,2,-0.15959604205600553,2.8488106808477416,SL,called_strike,Take (Called Strike)
2014,Pre-Statcast (2014 MVP),1,1,3,-0.35018267262623604,3.268089574131845,SI,called_strike,Take (Called Strike)
2014,Pre-Statcast (2014 MVP),5,2,2,-0.18011033319778214,2.6356848547854774,FF,swinging_strike,Swing
2014,Pre-Statcast (2014 MVP),4,1,2,-0.5747474230169485,2.8238185279714516,FF,foul,Swing
2014,Pre-Statcast (2014 MVP),1,1,3,-0.29489055390970853,3.0858163606382325,FF,swinging_strike,Swing
2014,Pre-Statcast (2014 MVP),2,2,3,-0.03531858139864119,3.4734097416215173,FF,foul_tip,Swing
2014,Pre-Statcast (2014 MVP),7,1,1,-0.5048837382529117,1.6644184690351835,SI,hit_into_play,Swing
2014,Pre-Statcast (2014 MVP),8,2,1,0.17359301752942785,1.6203804884726982,SL,foul,Swing
2014,Pre-Statcast (2014 MVP),9,3,1,0.43627994196258046,2.154664319988327,SI,called_strike,Take (Called Strike)
2014,Pre-Statcast (2014 MVP),5,2,2,0.26137834641325497,2.6213835496487965,SL,called_strike,Take (Called Strike)
2014,Pre-Statcast (2014 MVP),1,1,3,-0.6699008088626538,3.2616712307729925,FC,called_strike,Take (Called Strike)
2014,Pre-Statcast (2014 MVP),4,1,2,-0.7487663645461876,2.4190454098999217,SI,foul,Swing
2014,Pre-Statcast (2014 MVP),8,2,1,0.140664082409509,1.577225080751692,SI,foul,Swing
2014,Pre-Statcast (2014 MVP),3,3,3,0.5569455106561229,3.418311121797642,FF,foul,Swing
2014,Pre-Statcast (2014 MVP),2,2,3,-0.05973449352227289,3.3469971610715046,FF,hit_into_play,Swing
2014,Pre-Statcast (2014 MVP),3,3,3,0.2879961761822553,3.357001888418765,SI,called_strike,Take (Called Strike)
2014,Pre-Statcast (2014 MVP),2,2,3,0.19105534297617952,3.626940445167111,FF,swinging_strike,Swing
2014,Pre-Statcast (2014 MVP),8,2,1,0.04890701311355938,1.6872661230905637,FF,called_strike,Take (Called Strike)
2014,Pre-Statcast (2014 MVP),5,2,2,-0.11652891583796054,2.294240254409415,FF,hit_into_play,Swing
2014,Pre-Statcast (2014 MVP),4,1,2,-0.6733530289502069,2.325654144499091,FF,called_strike,Take (Called Strike)
2014,Pre-Statcast (2014 MVP),6,3,2,0.763976774302093,2.333678308793007,FC,ball,Take (Called Strike)
2014,Pre-Statcast (2014 MVP),4,1,2,-0.7743756248627862,2.6889264127132764,FF,ball,Take (Called Strike)
2014,Pre-Statcast (2014 MVP),3,3,3,0.6763994076211143,3.361641001035425,FF,called_strike,Take (Called Strike)
2014,Pre-Statcast (2014 MVP),2,2,3,0.24170508226793488,3.674183273636749,FF,foul,Swing
2014,Pre-Statcast (2014 MVP),5,2,2,-0.27302061330120275,2.836057144580603,FF,foul,Swing
2014,Pre-Statcast (2014 MVP),9,3,1,0.5965535799870705,1.7023322988165384,FC,called_strike,Take (Called Strike)
2014,Pre-Statcast (2014 MVP),5,2,2,-0.01081785174479271,2.6939343780303022,FF,hit_into_play,Swing
2014,Pre-Statcast (2014 MVP),5,2,2,-0.2691897692637444,2.4029004734472625,FF,foul,Swing
2014,Pre-Statcast (2014 MVP),6,3,2,0.5730070670846097,2.265739045238569,FF,called_strike,Take (Called Strike)
2014,Pre-Statcast (2014 MVP),4,1,2,-0.3003384527301203,2.6319726638663403,SL,hit_into_play,Swing
2014,Pre-Statcast (2014 MVP),9,3,1,0.4777293864662167,1.9553583569369424,SL,called_strike,Take (Called Strike)
2014,Pre-Statcast (2014 MVP),1,1,3,-0.6688714332265955,3.597822884366755,FF,ball,Take (Called Strike)
2014,Pre-Statcast (2014 MVP),5,2,2,-0.13675338411366345,2.705890092996058,SI,called_strike,Take (Called Strike)
2014,Pre-Statcast (2014 MVP),4,1,2,-0.6524082917733715,2.3980220329209567,FF,foul,Swing
2014,Pre-Statcast (2014 MVP),6,3,2,0.6798302202187878,2.5469919324727623,FF,foul,Swing
2014,Pre-Statcast (2014 MVP),6,3,2,0.6820796171468123,2.7000925012987467,FF,ball,Take (Called Strike)
2014,Pre-Statcast (2014 MVP),6,3,2,0.37501916158272175,2.729834696157354,FF,called_strike,Take (Called Strike)
2014,Pre-Statcast (2014 MVP),6,3,2,0.4712331372382753,2.7456143102465536,FF,hit_into_play,Swing
2014,Pre-Statcast (2014 MVP),3,3,3,0.30475688224077435,3.4797631715317507,FF,foul,Swing
2014,Pre-Statcast (2014 MVP),9,3,1,0.5187873607721889,1.6817896204393352,FF,ball,Take (Called Strike)
2014,Pre-Statcast (2014 MVP),8,2,1,0.166086597806529,2.008421885864504,FF,called_strike,Take (Called Strike)
2014,Pre-Statcast (2014 MVP),2,2,3,0.24174877303858505,3.0066059549916413,FF,hit_into_play,Swing
2014,Pre-Statcast (2014 MVP),9,3,1,0.6366440467054386,1.6745414026040495,FF,ball,Take (Called Strike)
2014,Pre-Statcast (2014 MVP),6,3,2,0.5352100450758699,2.294187228360914,FF,foul,Swing
2014,Pre-Statcast (2014 MVP),6,3,2,0.7309689374328753,2.5433639930666314,FF,called_strike,Take (Called Strike)
2014,Pre-Statcast (2014 MVP),9,3,1,0.5891384782570149,1.973069649526744,FF,called_strike,Take (Called Strike)
2014,Pre-Statcast (2014 MVP),4,1,2,-0.7227697724917139,2.6401693561017385,FF,foul,Swing
2014,Pre-Statcast (2014 MVP),2,2,3,0.23815530371163815,2.9761096214614735,FF,called_strike,Take (Called Strike)
2014,Pre-Statcast (2014 MVP),4,1,2,-0.44807782268498497,2.778410179348923,FF,foul,Swing
2014,Pre-Statcast (2014 MVP),1,1,3,-0.7034667188654207,3.397084418685811,FF,swinging_strike,Swing
2014,Pre-Statcast (2014 MVP),3,3,3,0.3912134700929696,3.218959163097323,FF,swinging_strike,Swing
2014,Pre-Statcast (2014 MVP),8,2,1,0.12056391842183722,1.767091844167215,CH,swinging_strike,Swing
2014,Pre-Statcast (2014 MVP),9,3,1,0.4710877612123039,1.872961226299464,CU,foul,Swing
2014,Pre-Statcast (2014 MVP),2,2,3,0.21926928090993655,3.638032434481444,FF,ball,Take (Called Strike)
2014,Pre-Statcast (2014 MVP),5,2,2,-0.07886762922772395,2.435802299776914,FF,foul,Swing
2014,Pre-Statcast (2014 MVP),6,3,2,0.8081202535569798,2.344462952615885,CU,called_strike,Take (Called Strike)
2014,Pre-Statcast (2014 MVP),8,2,1,-0.15248191735274402,1.898172710642944,CH,foul,Swing
2014,Pre-Statcast (2014 MVP),1,1,3,-0.4363760919092614,3.2064669256674714,FF,called_strike,Take (Called Strike)
2014,Pre-Statcast (2014 MVP),1,1,3,-0.7921706671486568,3.29405989510268,FF,called_strike,Take (Called Strike)
2014,Pre-Statcast (2014 MVP),7,1,1,-0.8161864039424971,2.016230952915542,FF,hit_into_play,Swing
2014,Pre-Statcast (2014 MVP),9,3,1,0.5125029689120588,2.061730991682794,FF,called_strike,Take (Called Strike)
2014,Pre-Statcast (2014 MVP),3,3,3,0.4594606045119569,3.2124853372413984,CH,called_strike,Take (Called Strike)
2014,Pre-Statcast (2014 MVP),5,2,2,-0.19812063329267335,2.406779347762687,FF,foul,Swing
2014,Pre-Statcast (2014 MVP),9,3,1,0.7342027150636765,1.7172018493114978,FF,called_strike,Take (Called Strike)
2014,Pre-Statcast (2014 MVP),4,1,2,-0.6988563044032754,2.4052072162673994,FC,foul,Swing
2014,Pre-Statcast (2014 MVP),9,3,1,0.6432034332431104,1.653323453868215,FF,swinging_strike,Swing
2014,Pre-Statcast (2014 MVP),5,2,2,0.05272858817302328,2.622566903897938,FF,called_strike,Take (Called Strike)
2014,Pre-Statcast (2014 MVP),2,2,3,-0.26206923139628446,3.158048243883382,FF,swinging_strike,Swing
2014,Pre-Statcast (2014 MVP),9,3,1,0.5711358392715485,2.0189667370105155,FC,foul,Swing
2014,Pre-Statcast (2014 MVP),9,3,1,0.5897022899179661,1.8195515526978028,SL,called_strike,Take (Called Strike)
2014,Pre-Statcast (2014 MVP),8,2,1,-0.23017351280647264,2.20564910608529,FF,hit_into_play,Swing
2014,Pre-Statcast (2014 MVP),8,2,1,0.01321883922343736,2.2313086918084504,SI,hit_into_play,Swing
2014,Pre-Statcast (2014 MVP),1,1,3,-0.7114776225108148,3.0020855528523978,FF,swinging_strike,Swing
2014,Pre-Statcast (2014 MVP),1,1,3,-0.5720917244285808,3.0260938392142864,FF,hit_into_play,Swing
2014,Pre-Statcast (2014 MVP),9,3,1,0.31176164487074076,2.0920736602076557,FF,called_strike,Take (Called Strike)
2014,Pre-Statcast (2014 MVP),1,1,3,-0.35783601822431765,3.2755277625165062,FF,foul_tip,Swing
2014,Pre-Statcast (2014 MVP),7,1,1,-0.6361353670636474,1.9225654611561935,SL,called_strike,Take (Called Strike)
2014,Pre-Statcast (2014 MVP),7,1,1,-0.8174008325513142,1.8522068686853737,FF,foul,Swing
2014,Pre-Statcast (2014 MVP),1,1,3,-0.3599451072293349,3.762900834260475,FF,ball,Take (Called Strike)
2014,Pre-Statcast (2014 MVP),6,3,2,0.6689159288334803,2.5648614928575677,SL,foul,Swing
2014,Pre-Statcast (2014 MVP),2,2,3,-0.20611062364729515,2.9951941914189,FF,foul,Swing
2014,Pre-Statcast (2014 MVP),6,3,2,0.28985504649359595,2.641182414376491,FF,foul,Swing
2014,Pre-Statcast (2014 MVP),4,1,2,-0.6164992523504582,2.8971449537425267,FF,hit_into_play,Swing
2014,Pre-Statcast (2014 MVP),8,2,1,-0.0356391546279895,1.9280002300324817,FF,foul,Swing
2014,Pre-Statcast (2014 MVP),4,1,2,-0.5260866014292513,3.05636843118517,FF,called_strike,Take (Called Strike)
2014,Pre-Statcast (2014 MVP),4,1,2,-0.8029321150396477,2.8853320172621593,FF,hit_into_play,Swing
2014,Pre-Statcast (2014 MVP),5,2,2,0.20775365258734813,2.9771946319314755,SI,called_strike,Take (Called Strike)
2014,Pre-Statcast (2014 MVP),6,3,2,0.5622094747357318,2.2923593047483157,SI,foul,Swing
2014,Pre-Statcast (2014 MVP),4,1,2,-0.3165451884591395,2.8083536923800523,CH,called_strike,Take (Called Strike)
2014,Pre-Statcast (2014 MVP),1,1,3,-0.6533904536209609,3.261836976973871,FF,foul_tip,Swing
2014,Pre-Statcast (2014 MVP),9,3,1,0.428401214501706,1.863805567433305,FF,foul,Swing
2014,Pre-Statcast (2014 MVP),8,2,1,-0.07428207070358739,2.04539629463966,SL,foul,Swing
2014,Pre-Statcast (2014 MVP),7,1,1,-0.5575789243192861,2.182264208404941,FF,called_strike,Take (Called Strike)
2014,Pre-Statcast (2014 MVP),6,3,2,0.2795190903901277,2.3694499407243743,FC,hit_into_play,Swing
2014,Pre-Statcast (2014 MVP),5,2,2,0.24036452483729,2.5662341765871544,SI,foul,Swing
2014,Pre-Statcast (2014 MVP),9,3,1,0.5764762906997718,1.8531500816922075,SI,called_strike,Take (Called Strike)
2014,Pre-Statcast (2014 MVP),9,3,1,0.44322432722892446,1.821682249706124,CU,hit_into_play,Swing
2014,Pre-Statcast (2014 MVP),1,1,3,-0.551990977661103,2.9688004650439623,SI,called_strike,Take (Called Strike)
2014,Pre-Statcast (2014 MVP),6,3,2,0.6369159287855466,2.6009883826761397,FC,hit_into_play,Swing
2014,Pre-Statcast (2014 MVP),2,2,3,0.2671544766765669,3.1526308310034534,FC,called_strike,Take (Called Strike)
2014,Pre-Statcast (2014 MVP),3,3,3,0.6123572511613248,3.4013878979671013,SI,called_strike,Take (Called Strike)
2014,Pre-Statcast (2014 MVP),7,1,1,-0.79730710430855,1.889429954945422,KC,hit_into_play,Swing
2014,Pre-Statcast (2014 MVP),1,1,3,-0.36218812604429584,3.96599342182311,SI,ball,Take (Called Strike)
2014,Pre-Statcast (2014 MVP),7,1,1,-0.4207512567493591,2.17722220520246,FF,called_strike,Take (Called Strike)
2014,Pre-Statcast (2014 MVP),8,2,1,0.19487213635129777,2.2739777866898776,SI,called_strike,Take (Called Strike)
2014,Pre-Statcast (2014 MVP),4,1,2,-0.5408762218732137,2.5667306606203604,FF,hit_into_play,Swing
2014,Pre-Statcast (2014 MVP),1,1,3,-0.4243864542291554,3.4355976460221553,FF,called_strike,Take (Called Strike)
2014,Pre-Statcast (2014 MVP),6,3,2,0.6680679030651617,2.27786242178912,SI,foul,Swing
2014,Pre-Statcast (2014 MVP),4,1,2,-0.6982669139215918,2.9905410469761016,SI,called_strike,Take (Called Strike)
2014,Pre-Statcast (2014 MVP),1,1,3,-0.7322668769698412,3.514932568156925,FF,ball,Take (Called Strike)
2014,Pre-Statcast (2014 MVP),6,3,2,0.6250615131179951,2.7529654547298135,FF,called_strike,Take (Called Strike)
2014,Pre-Statcast (2014 MVP),8,2,1,-0.14988809129266634,1.6080427683285134,FF,hit_into_play,Swing
2014,Pre-Statcast (2014 MVP),4,1,2,-0.3010349523428837,2.54259697823693,FS,swinging_strike,Swing
2014,Pre-Statcast (2014 MVP),4,1,2,-0.7234031402499407,3.016840134865154,FF,called_strike,Take (Called Strike)
2014,Pre-Statcast (2014 MVP),2,2,3,0.05618862728101229,3.1216503229795953,SL,called_strike,Take (Called Strike)
2014,Pre-Statcast (2014 MVP),4,1,2,-0.451849168858779,2.4971181871786543,FF,called_strike,Take (Called Strike)
2014,Pre-Statcast (2014 MVP),5,2,2,-0.18922892339073516,2.7403231319383794,FF,swinging_strike,Swing
2014,Pre-Statcast (2014 MVP),3,3,3,0.3619199442186275,3.5028278718249273,FF,ball,Take (Called Strike)
2014,Pre-Statcast (2014 MVP),2,2,3,0.2734821072804162,2.854620044383072,FF,called_strike,Take (Called Strike)
2014,Pre-Statcast (2014 MVP),5,2,2,-0.0467267282362665,2.6909038979680675,FF,foul,Swing
2014,Pre-Statcast (2014 MVP),1,1,3,-0.7050048670580055,3.0986199811709563,FF,called_strike,Take (Called Strike)
2014,Pre-Statcast (2014 MVP),4,1,2,-0.6298842997696689,2.805086160924323,FF,called_strike,Take (Called Strike)
2014,Pre-Statcast (2014 MVP),6,3,2,0.3002979006162498,2.616750594263891,SL,hit_into_play,Swing
2014,Pre-Statcast (2014 MVP),9,3,1,0.692148023481981,1.8801260505951145,CU,ball,Take (Called Strike)
2014,Pre-Statcast (2014 MVP),2,2,3,-0.0226012243268191,3.261145229479303,CU,called_strike,Take (Called Strike)
2014,Pre-Statcast (2014 MVP),2,2,3,0.03634037255022934,2.982516992885198,CH,called_strike,Take (Called Strike)
2014,Pre-Statcast (2014 MVP),9,3,1,0.7936314636765504,1.8002448850468524,SL,foul,Swing
2014,Pre-Statcast (2014 MVP),4,1,2,-0.33029295184187457,2.640438403725557,FF,hit_into_play,Swing
2014,Pre-Statcast (2014 MVP),4,1,2,-0.5055626554392268,2.9514356487339515,SL,called_strike,Take (Called Strike)
2014,Pre-Statcast (2014 MVP),4,1,2,-0.7423382148847658,2.838393879015828,SL,foul,Swing
2014,Pre-Statcast (2014 MVP),6,3,2,0.3604889841487399,2.4219412082505754,FF,foul,Swing
2014,Pre-Statcast (2014 MVP),2,2,3,0.12726769975737362,3.2553321145102254,FF,foul,Swing
2014,Pre-Statcast (2014 MVP),9,3,1,0.5726697630631722,2.161220510148135,CU,called_strike,Take (Called Strike)
2014,Pre-Statcast (2014 MVP),7,1,1,-0.4954785048577282,2.0052848169364825,FF,called_strike,Take (Called Strike)
2014,Pre-Statcast (2014 MVP),4,1,2,-0.2845078944584022,2.621093510023615,FF,hit_into_play,Swing
2014,Pre-Statcast (2014 MVP),9,3,1,0.7994755961241548,1.894777651195676,SL,called_strike,Take (Called Strike)
2014,Pre-Statcast (2014 MVP),9,3,1,0.6880224290469269,1.6573530342863556,FF,hit_into_play,Swing
2014,Pre-Statcast (2014 MVP),4,1,2,-0.4296430670582606,2.5288300284192298,SL,called_strike,Take (Called Strike)
2014,Pre-Statcast (2014 MVP),4,1,2,-0.3048928889512995,2.4608944709015343,CH,swinging_strike,Swing
2014,Pre-Statcast (2014 MVP),8,2,1,-0.1985499410488144,1.5433365923518636,CH,foul,Swing
2014,Pre-Statcast (2014 MVP),7,1,1,-0.5185612255391426,2.2135319359325565,FF,foul,Swing
2014,Pre-Statcast (2014 MVP),3,3,3,0.3827533065212296,3.3388959312068134,FF,swinging_strike,Swing
2014,Pre-Statcast (2014 MVP),2,2,3,-0.2342427062514003,3.5656586229850555,FF,swinging_strike,Swing
2014,Pre-Statcast (2014 MVP),1,1,3,-0.3972178150762023,3.4520616414653675,FF,foul,Swing
2014,Pre-Statcast (2014 MVP),1,1,3,-0.5113919286684687,3.5239598916443913,FF,called_strike,Take (Called Strike)
2014,Pre-Statcast (2014 MVP),6,3,2,0.4993701728749076,2.8709978375771152,FF,foul,Swing
2014,Pre-Statcast (2014 MVP),5,2,2,-0.15005296802276247,2.8065321579210325,FF,called_strike,Take (Called Strike)
2014,Pre-Statcast (2014 MVP),2,2,3,-0.13242107291525052,3.4478447613270244,SI,called_strike,Take (Called Strike)
2014,Pre-Statcast (2014 MVP),7,1,1,-0.3979142526828513,2.126942038466002,SL,foul,Swing
2014,Pre-Statcast (2014 MVP),7,1,1,-0.5853249626844444,1.8592115203678228,SL,foul,Swing
2014,Pre-Statcast (2014 MVP),3,3,3,0.4595973414656835,3.055592461273969,SL,called_strike,Take (Called Strike)
2014,Pre-Statcast (2014 MVP),1,1,3,-0.5702479367295413,3.253324642316264,FF,called_strike,Take (Called Strike)
2014,Pre-Statcast (2014 MVP),9,3,1,0.42310312457494026,2.081188226001824,FF,called_strike,Take (Called Strike)
2014,Pre-Statcast (2014 MVP),8,2,1,-0.1634661600259062,1.973896748309702,SL,foul,Swing
2014,Pre-Statcast (2014 MVP),6,3,2,0.7930612641489427,2.4115150290472993,CH,foul,Swing
2014,Pre-Statcast (2014 MVP),5,2,2,-0.26829900191946154,2.8351662848133548,CH,hit_into_play,Swing
2014,Pre-Statcast (2014 MVP),4,1,2,-0.7707720403301909,2.4168680879474485,FF,hit_into_play,Swing
2014,Pre-Statcast (2014 MVP),8,2,1,-0.16893387046780373,1.6459743212408735,FF,foul,Swing
2014,Pre-Statcast (2014 MVP),8,2,1,-0.06072615157085335,1.5808815992536949,FF,swinging_strike,Swing
2014,Pre-Statcast (2014 MVP),7,1,1,-0.8210212180319727,2.1345016102860144,SI,called_strike,Take (Called Strike)
2014,Pre-Statcast (2014 MVP),8,2,1,-0.23685902322580943,1.744870972367647,SI,called_strike,Take (Called Strike)
2014,Pre-Statcast (2014 MVP),6,3,2,0.7633223683875885,2.532923298249904,FF,called_strike,Take (Called Strike)
2014,Pre-Statcast (2014 MVP),1,1,3,-0.7718627428782882,3.433753186605,FF,ball,Take (Called Strike)
2014,Pre-Statcast (2014 MVP),9,3,1,0.28530581647925357,1.9854804701119635,FF,foul,Swing
2014,Pre-Statcast (2014 MVP),2,2,3,-0.1702949659139133,3.3474240260611205,FF,swinging_strike,Swing
2014,Pre-Statcast (2014 MVP),5,2,2,-0.26721328705145353,2.7954851824207925,FF,foul,Swing
2014,Pre-Statcast (2014 MVP),4,1,2,-0.5840954387675379,2.62253367445581,FF,foul,Swing
2014,Pre-Statcast (2014 MVP),4,1,2,-0.6478760965976775,2.674572417365825,FC,hit_into_play,Swing
2014,Pre-Statcast (2014 MVP),6,3,2,0.40970031973077664,2.5977798168853337,FF,foul,Swing
2014,Pre-Statcast (2014 MVP),3,3,3,0.3501459351388346,2.966913276441179,FC,foul,Swing
2014,Pre-Statcast (2014 MVP),5,2,2,-0.04010683491173406,2.693255740276072,FF,foul,Swing
2014,Pre-Statcast (2014 MVP),5,2,2,0.22712895917432097,2.7676572971538125,FF,foul,Swing
2014,Pre-Statcast (2014 MVP),7,1,1,-0.4241978214470734,2.1069414994407554,CH,foul,Swing
2014,Pre-Statcast (2014 MVP),5,2,2,0.01115768534697181,2.6080729886560565,FF,swinging_strike,Swing
2014,Pre-Statcast (2014 MVP),4,1,2,-0.7312095832142066,2.7522859145410097,FF,foul_tip,Swing
2014,Pre-Statcast (2014 MVP),2,2,3,-0.02433015656583892,3.215827221773232,SL,called_strike,Take (Called Strike)
2014,Pre-Statcast (2014 MVP),5,2,2,0.06060504681195533,2.539621973030538,SI,called_strike,Take (Called Strike)
2014,Pre-Statcast (2014 MVP),7,1,1,-0.7462299316136378,2.1279090269842635,SI,hit_into_play,Swing
2014,Pre-Statcast (2014 MVP),6,3,2,0.6509806963059755,2.3250344972291974,SL,called_strike,Take (Called Strike)
2014,Pre-Statcast (2014 MVP),8,2,1,0.10138732470708409,2.2052754755373827,FF,swinging_strike,Swing
2014,Pre-Statcast (2014 MVP),3,3,3,0.5202274047664321,3.0819686038171015,FF,swinging_strike,Swing
2014,Pre-Statcast (2014 MVP),5,2,2,0.1427495002761583,2.3115407732460413,FF,hit_into_play,Swing
2014,Pre-Statcast (2014 MVP),6,3,2,0.6137157163614138,2.3173771174638484,FF,called_strike,Take (Called Strike)
2014,Pre-Statcast (2014 MVP),8,2,1,0.10808919540410378,2.014408897127158,SL,called_strike,Take (Called Strike)
2014,Pre-Statcast (2014 MVP),5,2,2,0.08554198859801909,2.540046777949035,FF,called_strike,Take (Called Strike)
2014,Pre-Statcast (2014 MVP),5,2,2,0.08586127102390204,2.526925379476274,FF,called_strike,Take (Called Strike)
2014,Pre-Statcast (2014 MVP),7,1,1,-0.4631721606820588,1.9806824906097116,SI,hit_into_play,Swing
2014,Pre-Statcast (2014 MVP),8,2,1,0.06431054906282047,2.109041732369911,SL,hit_into_play,Swing
2014,Pre-Statcast (2014 MVP),6,3,2,0.2887416716940817,2.4976339065838076,FC,hit_into_play,Swing
2014,Pre-Statcast (2014 MVP),3,3,3,0.314852660900591,3.2190461134502826,FF,foul,Swing
2014,Pre-Statcast (2014 MVP),3,3,3,0.7873925399240455,3.4205647381646376,FC,ball,Take (Called Strike)
2014,Pre-Statcast (2014 MVP),7,1,1,-0.7158146990141243,1.959578903067802,FF,foul,Swing
2014,Pre-Statcast (2014 MVP),3,3,3,0.5281863015235131,3.2785984332749405,FC,hit_into_play,Swing
2014,Pre-Statcast (2014 MVP),1,1,3,-0.6436928395686456,3.106247358022444,SI,hit_into_play,Swing
2014,Pre-Statcast (2014 MVP),5,2,2,0.11749873932633936,2.4108301813905224,SI,foul,Swing
2014,Pre-Statcast (2014 MVP),9,3,1,0.6347621115724817,2.229570165859183,FC,foul,Swing
2014,Pre-Statcast (2014 MVP),5,2,2,0.17708988837235795,2.6257023397231296,CU,foul,Swing
2014,Pre-Statcast (2014 MVP),3,3,3,0.7015149229340435,3.175072923568531,FF,foul,Swing
2014,Pre-Statcast (2014 MVP),5,2,2,-0.2290892531400298,2.341944890198884,SI,foul,Swing
2014,Pre-Statcast (2014 MVP),2,2,3,0.19305876675376493,3.5481848926453554,FF,ball,Take (Called Strike)
2014,Pre-Statcast (2014 MVP),6,3,2,0.4232492700002792,2.9310107492853827,SI,swinging_strike,Swing
2014,Pre-Statcast (2014 MVP),9,3,1,0.5168644390634372,1.9124360256147477,SI,called_strike,Take (Called Strike)
2014,Pre-Statcast (2014 MVP),6,3,2,0.3987935977312645,2.386495298427929,FF,called_strike,Take (Called Strike)
2014,Pre-Statcast (2014 MVP),8,2,1,-0.18200781680855715,1.5874113244988344,KC,called_strike,Take (Called Strike)
2014,Pre-Statcast (2014 MVP),5,2,2,0.168755864378676,2.8684514235857206,FF,called_strike,Take (Called Strike)
2014,Pre-Statcast (2014 MVP),7,1,1,-0.4360196739930202,2.1295929221182597,KC,hit_into_play,Swing
2014,Pre-Statcast (2014 MVP),4,1,2,-0.4204262385538106,2.258346993382116,FF,foul,Swing
2014,Pre-Statcast (2014 MVP),2,2,3,0.141125004466048,3.1692915759231286,FF,swinging_strike,Swing
2014,Pre-Statcast (2014 MVP),1,1,3,-0.31864119984143996,3.2198247556092223,FF,foul,Swing
2014,Pre-Statcast (2014 MVP),8,2,1,0.24798990381387245,1.9103931727818264,FF,foul,Swing
2014,Pre-Statcast (2014 MVP),5,2,2,-0.1379027406233908,2.5424228021041353,CU,hit_into_play,Swing
2014,Pre-Statcast (2014 MVP),9,3,1,0.5485501754346376,2.09432220717106,CU,ball,Take (Called Strike)
2014,Pre-Statcast (2014 MVP),5,2,2,-0.13707353084518814,2.519059434018403,FF,foul,Swing
2014,Pre-Statcast (2014 MVP),6,3,2,0.6565783836371726,2.3517433551198508,FC,called_strike,Take (Called Strike)
2014,Pre-Statcast (2014 MVP),4,1,2,-0.38357984277065704,2.75111509460257,FF,swinging_strike,Swing
2014,Pre-Statcast (2014 MVP),5,2,2,0.11302660312764,2.6675016921025,FF,swinging_strike,Swing
2014,Pre-Statcast (2014 MVP),9,3,1,0.7890871929330622,2.3813580284265607,FF,called_strike,Take (Called Strike)
2014,Pre-Statcast (2014 MVP),6,3,2,0.7366654448959129,2.679853787537877,SI,called_strike,Take (Called Strike)
2014,Pre-Statcast (2014 MVP),2,2,3,-0.17041310104946983,3.099806623284478,FS,swinging_strike,Swing
2014,Pre-Statcast (2014 MVP),2,2,3,0.20304104350725405,3.0981622784934446,SI,foul,Swing
2014,Pre-Statcast (2014 MVP),2,2,3,0.00105296900478857,3.505007211035424,FF,foul,Swing
2014,Pre-Statcast (2014 MVP),1,1,3,-0.4274266008268477,3.6096735663226194,FF,called_strike,Take (Called Strike)
2014,Pre-Statcast (2014 MVP),5,2,2,-0.04315100673374061,2.771159052113588,SI,foul,Swing
2014,Pre-Statcast (2014 MVP),2,2,3,0.1897971535534848,3.3341686487384803,SI,called_strike,Take (Called Strike)
2014,Pre-Statcast (2014 MVP),6,3,2,0.6401667606245951,2.8434057673576927,FF,ball,Take (Called Strike)
2014,Pre-Statcast (2014 MVP),5,2,2,0.24546315740415725,2.928516690441799,SI,called_strike,Take (Called Strike)
2014,Pre-Statcast (2014 MVP),2,2,3,-0.1937016483739056,3.1291425077029142,FF,called_strike,Take (Called Strike)
2014,Pre-Statcast (2014 MVP),4,1,2,-0.278065454165902,2.303196759461988,SI,hit_into_play,Swing
2014,Pre-Statcast (2014 MVP),5,2,2,-0.2740134232976137,2.3804447464453116,FF,called_strike,Take (Called Strike)
2014,Pre-Statcast (2014 MVP),1,1,3,-0.29748966977573466,3.7556986948704063,FF,ball,Take (Called Strike)
2014,Pre-Statcast (2014 MVP),5,2,2,0.23821816151185135,2.5228484493489503,CU,called_strike,Take (Called Strike)
2014,Pre-Statcast (2014 MVP),5,2,2,0.0838219235459926,2.5102620286719963,FF,hit_into_play,Swing
2014,Pre-Statcast (2014 MVP),1,1,3,-0.7663618339224356,3.19248118112072,FF,ball,Take (Called Strike)
2014,Pre-Statcast (2014 MVP),5,2,2,0.06863524956885136,2.377069049448572,FF,called_strike,Take (Called Strike)
2014,Pre-Statcast (2014 MVP),9,3,1,0.5526728686203282,1.8118658021068716,FF,hit_into_play,Swing
2014,Pre-Statcast (2014 MVP),2,2,3,-0.1656269817776802,3.2984727751129723,FF,hit_into_play,Swing
2014,Pre-Statcast (2014 MVP),1,1,3,-0.2912232535770004,3.056878763463219,FF,foul,Swing
2014,Pre-Statcast (2014 MVP),8,2,1,0.2081497558760519,1.9592083760875627,FF,called_strike,Take (Called Strike)
2014,Pre-Statcast (2014 MVP),9,3,1,0.6423419948276081,1.8380082760404657,FF,called_strike,Take (Called Strike)
2014,Pre-Statcast (2014 MVP),4,1,2,-0.5815737735815866,2.4263414708323565,SI,hit_into_play,Swing
2014,Pre-Statcast (2014 MVP),4,1,2,-0.5520457179675469,2.395844668986016,FF,hit_into_play,Swing
2014,Pre-Statcast (2014 MVP),4,1,2,-0.2807111792689838,2.51874819704189,CH,called_strike,Take (Called Strike)
2014,Pre-Statcast (2014 MVP),2,2,3,-0.03845402881787052,3.505727450338881,SI,called_strike,Take (Called Strike)
2014,Pre-Statcast (2014 MVP),5,2,2,-0.09525681309048506,2.839603491494246,SL,hit_into_play,Swing
2014,Pre-Statcast (2014 MVP),5,2,2,0.04136668791717046,2.757896028834174,FF,foul,Swing
2014,Pre-Statcast (2014 MVP),1,1,3,-0.4539260786876942,3.09066135985159,FF,foul,Swing
2014,Pre-Statcast (2014 MVP),5,2,2,0.01781843418162754,2.539729584298929,SI,called_strike,Take (Called Strike)
2014,Pre-Statcast (2014 MVP),2,2,3,0.08798896498033826,3.571522980545883,SI,called_strike,Take (Called Strike)
2014,Pre-Statcast (2014 MVP),2,2,3,-0.124105292538633,3.553438233813658,FF,ball,Take (Called Strike)
2014,Pre-Statcast (2014 MVP),6,3,2,0.3049494429967668,2.371886892252249,SL,called_strike,Take (Called Strike)
2014,Pre-Statcast (2014 MVP),8,2,1,0.05272438139849256,1.9732315115243648,SI,hit_into_play,Swing
2014,Pre-Statcast (2014 MVP),8,2,1,-0.03249377982774415,2.081282976230759,FF,foul,Swing
2014,Pre-Statcast (2014 MVP),6,3,2,0.4684818180409651,2.689640566295415,SI,hit_into_play,Swing
2014,Pre-Statcast (2014 MVP),8,2,1,0.23524477539047503,1.6704988038327706,SI,foul,Swing
2014,Pre-Statcast (2014 MVP),9,3,1,0.7387988221667436,2.077228116410475,FF,called_strike,Take (Called Strike)
2014,Pre-Statcast (2014 MVP),8,2,1,-0.07524561353455295,2.201456166017697,FF,called_strike,Take (Called Strike)
2014,Pre-Statcast (2014 MVP),2,2,3,0.1554140956275567,3.53117776477645,SI,ball,Take (Called Strike)
2014,Pre-Statcast (2014 MVP),8,2,1,-0.22895083812483208,1.7855614227136711,CH,foul,Swing
2014,Pre-Statcast (2014 MVP),7,1,1,-0.5581614244904372,2.2070856986328367,FF,called_strike,Take (Called Strike)
2014,Pre-Statcast (2014 MVP),8,2,1,-0.14291729643691853,1.6634457428509246,FF,hit_into_play,Swing
2014,Pre-Statcast (2014 MVP),7,1,1,-0.5907217866110139,2.0837204891215446,FF,hit_into_play,Swing
2014,Pre-Statcast (2014 MVP),9,3,1,0.6157881671316654,2.0687017028663255,FF,called_strike,Take (Called Strike)
2014,Pre-Statcast (2014 MVP),7,1,1,-0.7944763563645616,1.771807823122934,SI,foul,Swing
2014,Pre-Statcast (2014 MVP),5,2,2,-0.10905710414396408,2.7509757510754724,FF,called_strike,Take (Called Strike)
2014,Pre-Statcast (2014 MVP),5,2,2,0.1976958446672864,2.718515896431511,FF,called_strike,Take (Called Strike)
2014,Pre-Statcast (2014 MVP),3,3,3,0.6782479734755136,3.3503911955073704,FF,ball,Take (Called Strike)
2014,Pre-Statcast (2014 MVP),4,1,2,-0.3454991409069924,2.2982049224388277,SL,foul,Swing
2014,Pre-Statcast (2014 MVP),8,2,1,0.1542838644934501,1.880708033725909,FF,called_strike,Take (Called Strike)
2014,Pre-Statcast (2014 MVP),5,2,2,0.12683741611565602,2.4932068653685042,FF,called_strike,Take (Called Strike)
2014,Pre-Statcast (2014 MVP),4,1,2,-0.4932702042559403,2.2676843808672658,FF,hit_into_play,Swing
2014,Pre-Statcast (2014 MVP),2,2,3,-0.23322682153247315,3.2125173407280125,SI,called_strike,Take (Called Strike)
2014,Pre-Statcast (2014 MVP),9,3,1,0.6999234902238858,2.084013450146208,FF,hit_into_play,Swing
2014,Pre-Statcast (2014 MVP),5,2,2,-0.09959831188253736,2.504045963636991,KC,called_strike,Take (Called Strike)
2014,Pre-Statcast (2014 MVP),2,2,3,-0.1871238122654648,3.3400647557612517,FC,called_strike,Take (Called Strike)
2014,Pre-Statcast (2014 MVP),2,2,3,-0.19040920870327704,2.985244833056554,FF,foul,Swing
2014,Pre-Statcast (2014 MVP),2,2,3,-0.12799781371359992,3.5253512366673334,FF,called_strike,Take (Called Strike)
2014,Pre-Statcast (2014 MVP),1,1,3,-0.5131789407277104,3.4385051990766913,SI,called_strike,Take (Called Strike)
2014,Pre-Statcast (2014 MVP),3,3,3,0.28255264141718994,3.291556118404539,FC,hit_into_play,Swing
2014,Pre-Statcast (2014 MVP),6,3,2,0.762533767016788,2.6650836515226244,FC,foul,Swing
2014,Pre-Statcast (2014 MVP),1,1,3,-0.4816150532303634,3.0683247463295373,FC,foul,Swing
2014,Pre-Statcast (2014 MVP),2,2,3,0.15545836934743812,3.1946151777167993,FC,foul,Swing
2014,Pre-Statcast (2014 MVP),5,2,2,-0.17930212176996557,2.4957943523741344,FC,swinging_strike,Swing
2014,Pre-Statcast (2014 MVP),5,2,2,-0.2601975053699751,2.5371567387331746,SI,called_strike,Take (Called Strike)
2014,Pre-Statcast (2014 MVP),9,3,1,0.42117207270072554,2.1759440140709096,SI,hit_into_play,Swing
2014,Pre-Statcast (2014 MVP),8,2,1,-0.02888798483009047,1.520513949797361,SI,ball,Take (Called Strike)
2014,Pre-Statcast (2014 MVP),6,3,2,0.4264248039899576,2.4482800381127325,FF,called_strike,Take (Called Strike)
2014,Pre-Statcast (2014 MVP),6,3,2,0.4596446994675166,2.493117503264813,FF,foul,Swing
2014,Pre-Statcast (2014 MVP),6,3,2,0.5747082843214454,2.6768006114693748,FF,called_strike,Take (Called Strike)
2014,Pre-Statcast (2014 MVP),1,1,3,-0.567335399586371,3.105406805373627,FF,swinging_strike,Swing
2014,Pre-Statcast (2014 MVP),6,3,2,0.28581039754262116,2.905614915349733,FF,swinging_strike,Swing
2014,Pre-Statcast (2014 MVP),3,3,3,0.8226798341711566,3.2710428899309196,FC,called_strike,Take (Called Strike)
2014,Pre-Statcast (2014 MVP),2,2,3,0.18739164463477276,3.434319561700139,FF,ball,Take (Called Strike)
2014,Pre-Statcast (2014 MVP),9,3,1,0.3819477186814647,1.8316307854409493,SI,called_strike,Take (Called Strike)
2014,Pre-Statcast (2014 MVP),2,2,3,0.17863751154711777,3.3733930330124045,FF,called_strike,Take (Called Strike)
2014,Pre-Statcast (2014 MVP),6,3,2,0.7726898391431991,2.7320378286493208,FF,ball,Take (Called Strike)
2014,Pre-Statcast (2014 MVP),7,1,1,-0.80659513034814,1.918269405784535,SI,hit_into_play,Swing
2014,Pre-Statcast (2014 MVP),5,2,2,-0.04913644788474947,2.2800577898586907,SI,hit_into_play,Swing
2014,Pre-Statcast (2014 MVP),6,3,2,0.39650911533141064,2.7277871386207866,FF,called_strike,Take (Called Strike)
2014,Pre-Statcast (2014 MVP),6,3,2,0.6264703803545446,2.929989215947673,FF,swinging_strike,Swing
2014,Pre-Statcast (2014 MVP),7,1,1,-0.30233808695254316,1.8079736621865452,FF,called_strike,Take (Called Strike)
2014,Pre-Statcast (2014 MVP),4,1,2,-0.6717062320794527,2.72318421673528,FF,called_strike,Take (Called Strike)
2014,Pre-Statcast (2014 MVP),9,3,1,0.6862483167929135,2.200596664408629,FF,foul,Swing
2014,Pre-Statcast (2014 MVP),6,3,2,0.6744053372255608,2.4424869336432007,FF,called_strike,Take (Called Strike)
2014,Pre-Statcast (2014 MVP),9,3,1,0.417827082353752,1.6840777737033283,CH,hit_into_play,Swing
2014,Pre-Statcast (2014 MVP),2,2,3,0.2343361389154897,3.015905730216557,FC,called_strike,Take (Called Strike)
2014,Pre-Statcast (2014 MVP),8,2,1,-0.17444951495794148,2.1927676052598812,CU,hit_into_play,Swing
2014,Pre-Statcast (2014 MVP),6,3,2,0.7401740033808184,2.925611648302328,FF,swinging_strike,Swing
2014,Pre-Statcast (2014 MVP),6,3,2,0.43682133903928766,2.388980543065347,FF,foul_tip,Swing
2014,Pre-Statcast (2014 MVP),6,3,2,0.4989769937461005,2.2799058339632694,CU,foul,Swing
2014,Pre-Statcast (2014 MVP),4,1,2,-0.3299536039491169,2.5991797912968053,SL,foul,Swing
2014,Pre-Statcast (2014 MVP),6,3,2,0.7663696841579708,2.972912180189779,SI,called_strike,Take (Called Strike)
2014,Pre-Statcast (2014 MVP),6,3,2,0.7655836374372702,2.585382355188565,SI,called_strike,Take (Called Strike)
2014,Pre-Statcast (2014 MVP),9,3,1,0.4955254892853469,1.903758887921935,SI,hit_into_play,Swing
2014,Pre-Statcast (2014 MVP),2,2,3,0.08738602287933128,3.5222267929201916,SI,ball,Take (Called Strike)
2014,Pre-Statcast (2014 MVP),9,3,1,0.4751204532444211,2.362767213157872,SI,called_strike,Take (Called Strike)
2014,Pre-Statcast (2014 MVP),7,1,1,-0.8012910515961692,1.7809398310130375,CH,foul,Swing
2014,Pre-Statcast (2014 MVP),9,3,1,0.4480566617178812,1.9849785684987715,FF,called_strike,Take (Called Strike)
2014,Pre-Statcast (2014 MVP),9,3,1,0.7505530781209441,2.0762026618157075,SL,hit_into_play,Swing
2014,Pre-Statcast (2014 MVP),5,2,2,-0.01550924283152288,2.611919389522459,CH,foul,Swing
2014,Pre-Statcast (2014 MVP),9,3,1,0.3668998748415976,1.974707742938294,SL,called_strike,Take (Called Strike)
2014,Pre-Statcast (2014 MVP),7,1,1,-0.33278036152190116,1.5948351532088685,SL,hit_into_play,Swing
2014,Pre-Statcast (2014 MVP),9,3,1,0.3717903700840992,1.8673803755628215,FF,foul,Swing
2014,Pre-Statcast (2014 MVP),7,1,1,-0.7514981954569959,2.2146777780081974,FF,hit_into_play,Swing
2014,Pre-Statcast (2014 MVP),7,1,1,-0.340208770454102,1.6409165741266172,KC,foul,Swing
2014,Pre-Statcast (2014 MVP),8,2,1,0.2679115549988128,1.8369808313017255,FF,foul,Swing
2014,Pre-Statcast (2014 MVP),8,2,1,0.01927852177954969,2.1536555964336133,KC,called_strike,Take (Called Strike)
2014,Pre-Statcast (2014 MVP),6,3,2,0.5905690062032731,2.6519886982484735,FF,hit_into_play,Swing
2014,Pre-Statcast (2014 MVP),1,1,3,-0.4327789245302728,3.614641613730125,FF,ball,Take (Called Strike)
2014,Pre-Statcast (2014 MVP),2,2,3,-0.24994198965835124,3.3167168593624807,FF,swinging_strike,Swing
2014,Pre-Statcast (2014 MVP),9,3,1,0.4157326778108116,2.0426361148997705,FF,called_strike,Take (Called Strike)
2014,Pre-Statcast (2014 MVP),3,3,3,0.6787703125706114,3.409457639254892,FF,swinging_strike,Swing
2014,Pre-Statcast (2014 MVP),2,2,3,-0.17493443673645026,3.13184435213511,SL,called_strike,Take (Called Strike)
2014,Pre-Statcast (2014 MVP),5,2,2,0.19106031659038925,2.7429925500297263,FC,hit_into_play,Swing
2014,Pre-Statcast (2014 MVP),4,1,2,-0.3245142590579638,2.7223028483433573,FF,foul,Swing
2014,Pre-Statcast (2014 MVP),4,1,2,-0.6263612202775257,2.5745094812697396,SI,hit_into_play,Swing
2014,Pre-Statcast (2014 MVP),5,2,2,-0.2018973827176731,2.844798434530144,FF,called_strike,Take (Called Strike)
2014,Pre-Statcast (2014 MVP),1,1,3,-0.5547608405229234,2.981473478975978,SI,hit_into_play,Swing
2014,Pre-Statcast (2014 MVP),1,1,3,-0.8076045176184241,3.1879974655694214,FF,ball,Take (Called Strike)
2014,Pre-Statcast (2014 MVP),6,3,2,0.3925439417433344,2.9463082132502416,FF,hit_into_play,Swing
2014,Pre-Statcast (2014 MVP),1,1,3,-0.46533755276293465,3.4248050454600585,FF,foul,Swing
2014,Pre-Statcast (2014 MVP),2,2,3,0.06642726910047207,3.1039855428892738,FF,called_strike,Take (Called Strike)
2014,Pre-Statcast (2014 MVP),9,3,1,0.455724059385792,1.772208375517108,SL,hit_into_play,Swing
2014,Pre-Statcast (2014 MVP),6,3,2,0.6349982442506507,2.2435347060595032,SL,called_strike,Take (Called Strike)
2014,Pre-Statcast (2014 MVP),9,3,1,0.3696184979204431,2.151281807003249,SL,hit_into_play,Swing
2014,Pre-Statcast (2014 MVP),1,1,3,-0.4765846431111872,3.2229685368753755,FF,foul,Swing
2014,Pre-Statcast (2014 MVP),5,2,2,0.06563382073617996,2.352860180590791,FF,called_strike,Take (Called Strike)
2014,Pre-Statcast (2014 MVP),6,3,2,0.7497729480956038,2.246285157988466,FF,called_strike,Take (Called Strike)
2014,Pre-Statcast (2014 MVP),1,1,3,-0.5966218401160944,3.5301984524205556,FF,foul,Swing
2014,Pre-Statcast (2014 MVP),6,3,2,0.5753892961342025,2.603350508141557,FF,foul,Swing
2014,Pre-Statcast (2014 MVP),1,1,3,-0.7147370424140963,3.4773127835922484,FF,foul,Swing
2014,Pre-Statcast (2014 MVP),6,3,2,0.3778227510539261,2.7006870204227424,SL,called_strike,Take (Called Strike)
2014,Pre-Statcast (2014 MVP),9,3,1,0.3876998265768985,2.032292413749576,FF,hit_into_play,Swing
2014,Pre-Statcast (2014 MVP),5,2,2,-0.1742981708011817,2.956369538868146,FF,foul,Swing
2014,Pre-Statcast (2014 MVP),1,1,3,-0.6634255671298878,3.10688565639472,FF,hit_into_play,Swing
2014,Pre-Statcast (2014 MVP),4,1,2,-0.5544014822184622,2.5852313018767576,FF,foul,Swing
2014,Pre-Statcast (2014 MVP),7,1,1,-0.378169740070618,1.749523189443607,FF,foul,Swing
2014,Pre-Statcast (2014 MVP),1,1,3,-0.6594936063684352,3.242970507901873,FF,called_strike,Take (Called Strike)
2014,Pre-Statcast (2014 MVP),2,2,3,-0.16016204105353044,3.4937760616223468,FF,swinging_strike,Swing
2014,Pre-Statcast (2014 MVP),4,1,2,-0.493082121001075,2.335419128794287,SL,called_strike,Take (Called Strike)
2014,Pre-Statcast (2014 MVP),7,1,1,-0.6154886008368597,2.0279798595366385,FF,foul,Swing
2014,Pre-Statcast (2014 MVP),5,2,2,-0.07079882509961177,2.6007451461490083,FF,called_strike,Take (Called Strike)
2014,Pre-Statcast (2014 MVP),8,2,1,-0.26647959972725643,2.0013742040040334,FF,called_strike,Take (Called Strike)
2014,Pre-Statcast (2014 MVP),3,3,3,0.5210312434163199,3.3084768041737953,SI,called_strike,Take (Called Strike)
2014,Pre-Statcast (2014 MVP),9,3,1,0.4405630624265796,1.89490675521589,KC,foul,Swing
2014,Pre-Statcast (2014 MVP),9,3,1,0.32557808550063044,1.5367924631195051,KC,called_strike,Take (Called Strike)
2014,Pre-Statcast (2014 MVP),4,1,2,-0.5095592778227058,2.5585458379829364,SL,foul,Swing
2014,Pre-Statcast (2014 MVP),9,3,1,0.6951716802099721,1.7021924070956742,FF,foul,Swing
2014,Pre-Statcast (2014 MVP),5,2,2,0.09002855585979752,2.5100009446531826,FF,swinging_strike,Swing
2014,Pre-Statcast (2014 MVP),4,1,2,-0.6812715596104941,2.3936045363397147,SI,hit_into_play,Swing
2014,Pre-Statcast (2014 MVP),9,3,1,0.6045023077938694,1.9297102131229344,FF,called_strike,Take (Called Strike)
2014,Pre-Statcast (2014 MVP),6,3,2,0.6769338153852213,2.769233183260239,SI,swinging_strike,Swing
2014,Pre-Statcast (2014 MVP),5,2,2,0.1434574645414374,2.60190074903692,FF,swinging_strike,Swing
2014,Pre-Statcast (2014 MVP),9,3,1,0.7616674775251937,1.675157762487644,SI,called_strike,Take (Called Strike)
2014,Pre-Statcast (2014 MVP),6,3,2,0.6155990590794918,2.6153038120155667,SI,called_strike,Take (Called Strike)
2014,Pre-Statcast (2014 MVP),7,1,1,-0.5741490855397056,1.7325050457321107,CH,called_strike,Take (Called Strike)
2014,Pre-Statcast (2014 MVP),3,3,3,0.7298690901515592,3.0337216107262552,SI,foul_tip,Swing
2014,Pre-Statcast (2014 MVP),8,2,1,0.04974292788227069,1.8945414567294847,SL,ball,Take (Called Strike)
2014,Pre-Statcast (2014 MVP),6,3,2,0.3966024569381087,2.905408031224408,FC,hit_into_play,Swing
2014,Pre-Statcast (2014 MVP),9,3,1,0.31684658118528897,1.943994750039343,SI,called_strike,Take (Called Strike)
2014,Pre-Statcast (2014 MVP),9,3,1,0.6058375912402594,1.967616277884515,FC,called_strike,Take (Called Strike)
2014,Pre-Statcast (2014 MVP),5,2,2,-0.2552997596824452,2.2809912883675167,SL,hit_into_play,Swing
2014,Pre-Statcast (2014 MVP),5,2,2,0.16757603413324065,2.4300016109955314,FF,foul,Swing
2014,Pre-Statcast (2014 MVP),7,1,1,-0.5494725639743832,1.9187432276039424,CH,foul,Swing
2014,Pre-Statcast (2014 MVP),6,3,2,0.5255096800656285,2.7435755411382363,FF,foul,Swing
2014,Pre-Statcast (2014 MVP),2,2,3,-0.10190864387483314,3.113882751048207,SL,called_strike,Take (Called Strike)
2014,Pre-Statcast (2014 MVP),4,1,2,-0.5301194222491425,2.975643234392715,FF,called_strike,Take (Called Strike)
2014,Pre-Statcast (2014 MVP),5,2,2,-0.07051163931709148,2.3910670639956892,FF,foul_tip,Swing
2014,Pre-Statcast (2014 MVP),5,2,2,0.01898477541626006,2.625090328650746,SL,called_strike,Take (Called Strike)
2014,Pre-Statcast (2014 MVP),1,1,3,-0.5983299544256684,3.145018884112634,SI,foul,Swing
2014,Pre-Statcast (2014 MVP),5,2,2,-0.03414516352023686,2.443654324793236,SL,called_strike,Take (Called Strike)
2014,Pre-Statcast (2014 MVP),8,2,1,0.27162969640764745,1.5863018248435865,FF,ball,Take (Called Strike)
2014,Pre-Statcast (2014 MVP),7,1,1,-0.7535600031692749,1.9359709768607256,SI,ball,Take (Called Strike)
2014,Pre-Statcast (2014 MVP),4,1,2,-0.4233404057716683,2.704983348564939,FF,hit_into_play,Swing
2014,Pre-Statcast (2014 MVP),9,3,1,0.6102775885032176,2.1066109397550155,FF,hit_into_play,Swing
2014,Pre-Statcast (2014 MVP),3,3,3,0.5623701082065178,3.022803210644403,SI,foul,Swing
2014,Pre-Statcast (2014 MVP),6,3,2,0.7832906831279842,2.4630522607458687,CU,foul,Swing
2014,Pre-Statcast (2014 MVP),2,2,3,0.1499604988844475,3.600560135897582,FC,ball,Take (Called Strike)
2014,Pre-Statcast (2014 MVP),5,2,2,0.08326463257177252,2.657711246326018,CU,called_strike,Take (Called Strike)
2014,Pre-Statcast (2014 MVP),5,2,2,-0.21501550891705623,2.298024174216833,CU,hit_into_play,Swing
2014,Pre-Statcast (2014 MVP),3,3,3,0.6570823660559109,3.338589589193682,SI,foul,Swing
2014,Pre-Statcast (2014 MVP),1,1,3,-0.7949294230247032,3.173691219929822,CH,called_strike,Take (Called Strike)
2014,Pre-Statcast (2014 MVP),2,2,3,0.04836378086859361,2.9981136570727167,FC,called_strike,Take (Called Strike)
2014,Pre-Statcast (2014 MVP),3,3,3,0.6260514635618216,3.192453245782929,FF,swinging_strike,Swing
2014,Pre-Statcast (2014 MVP),6,3,2,0.5193804163437166,2.570822410529459,FF,swinging_strike,Swing
2014,Pre-Statcast (2014 MVP),6,3,2,0.8253603321444836,2.7523423970572787,FF,called_strike,Take (Called Strike)
2014,Pre-Statcast (2014 MVP),9,3,1,0.5410249188774479,1.8795258959446484,FF,hit_into_play,Swing
2014,Pre-Statcast (2014 MVP),8,2,1,0.07714505199086402,1.7808829452818231,FF,called_strike,Take (Called Strike)
2014,Pre-Statcast (2014 MVP),8,2,1,0.17065913523528448,1.8578385244553908,SL,hit_into_play,Swing
2014,Pre-Statcast (2014 MVP),6,3,2,0.8216497734956686,2.6735404044156903,FF,called_strike,Take (Called Strike)
2014,Pre-Statcast (2014 MVP),7,1,1,-0.33093879798539844,2.079617788003924,SL,called_strike,Take (Called Strike)
2014,Pre-Statcast (2014 MVP),9,3,1,0.33793629081454934,1.7685286748872295,FS,swinging_strike,Swing
2014,Pre-Statcast (2014 MVP),4,1,2,-0.4405952909538,2.554342431781435,FS,foul,Swing
2014,Pre-Statcast (2014 MVP),9,3,1,0.3587504692788199,2.149683266961074,SL,called_strike,Take (Called Strike)
2014,Pre-Statcast (2014 MVP),9,3,1,0.7117920652149059,2.2068656128134485,FF,hit_into_play,Swing
2014,Pre-Statcast (2014 MVP),5,2,2,0.01927788786447082,2.5011013274181613,FF,hit_into_play,Swing
2014,Pre-Statcast (2014 MVP),9,3,1,0.47910975463399663,1.58344980266449,FF,called_strike,Take (Called Strike)
2014,Pre-Statcast (2014 MVP),6,3,2,0.5005496595387493,2.4956568429826835,FF,swinging_strike,Swing
2014,Pre-Statcast (2014 MVP),6,3,2,0.4785204262921625,2.75036387824524,FF,foul,Swing
2014,Pre-Statcast (2014 MVP),4,1,2,-0.6466079375800136,2.5897180667609554,FF,hit_into_play,Swing
2014,Pre-Statcast (2014 MVP),5,2,2,0.19158698312778089,2.4244100991197532,FF,foul,Swing
2014,Pre-Statcast (2014 MVP),4,1,2,-0.8110943961805895,2.9079353152492575,FF,ball,Take (Called Strike)
2014,Pre-Statcast (2014 MVP),8,2,1,0.0457218064930669,1.919761203038103,CU,called_strike,Take (Called Strike)
2014,Pre-Statcast (2014 MVP),2,2,3,0.24488463567949129,2.9930295274885905,FF,foul,Swing
2014,Pre-Statcast (2014 MVP),7,1,1,-0.30448743865062,1.9979908200443433,FF,hit_into_play,Swing
2014,Pre-Statcast (2014 MVP),8,2,1,0.05554054902892647,1.736908961568611,CU,ball,Take (Called Strike)
2014,Pre-Statcast (2014 MVP),6,3,2,0.5931611759134103,2.593788922885954,CH,called_strike,Take (Called Strike)
2014,Pre-Statcast (2014 MVP),3,3,3,0.44865704984765054,3.2588660261305646,SI,foul,Swing
2014,Pre-Statcast (2014 MVP),3,3,3,0.7705224759577967,3.0786137678912544,FF,called_strike,Take (Called Strike)
2014,Pre-Statcast (2014 MVP),2,2,3,0.17226588693878975,3.112664518027473,FF,foul,Swing
2014,Pre-Statcast (2014 MVP),3,3,3,0.3418291445315745,3.20566178876004,FF,foul,Swing
2014,Pre-Statcast (2014 MVP),5,2,2,0.15033057765106317,2.9180926059525083,CH,hit_into_play,Swing
2014,Pre-Statcast (2014 MVP),9,3,1,0.4508486185080537,2.200138487711075,FF,foul,Swing
2014,Pre-Statcast (2014 MVP),1,1,3,-0.32134148694407927,3.0005908601435625,FF,foul,Swing
2014,Pre-Statcast (2014 MVP),6,3,2,0.299496349793384,2.876727659204983,SI,called_strike,Take (Called Strike)
2014,Pre-Statcast (2014 MVP),5,2,2,-0.1108401286676034,2.683312544136271,FF,swinging_strike,Swing
2014,Pre-Statcast (2014 MVP),4,1,2,-0.3747415621775044,2.7885080096683303,FF,called_strike,Take (Called Strike)
2014,Pre-Statcast (2014 MVP),9,3,1,0.6860848573273987,1.6281667658440258,FF,ball,Take (Called Strike)
2014,Pre-Statcast (2014 MVP),2,2,3,-0.13350432451623284,3.31702683225365,SI,hit_into_play,Swing
2014,Pre-Statcast (2014 MVP),2,2,3,-0.0919226912512503,3.5052719379048947,FF,called_strike,Take (Called Strike)
2014,Pre-Statcast (2014 MVP),5,2,2,-0.04676120218098179,2.2630346781367714,SI,hit_into_play,Swing
2014,Pre-Statcast (2014 MVP),5,2,2,-0.02015554341038494,2.553769749889835,KC,called_strike,Take (Called Strike)
2014,Pre-Statcast (2014 MVP),4,1,2,-0.3197682920034638,2.9114472562749154,FC,swinging_strike,Swing
2014,Pre-Statcast (2014 MVP),5,2,2,-0.03850648357635944,2.9376897212330593,FF,hit_into_play,Swing
2014,Pre-Statcast (2014 MVP),3,3,3,0.7141924904780464,3.678180867957981,FC,swinging_strike,Swing
2014,Pre-Statcast (2014 MVP),1,1,3,-0.7080523945732101,3.395704230200952,FC,called_strike,Take (Called Strike)
2014,Pre-Statcast (2014 MVP),9,3,1,0.8106077398063508,1.761525582154488,FF,ball,Take (Called Strike)
2014,Pre-Statcast (2014 MVP),6,3,2,0.5786533138795281,2.0224239188967346,KC,called_strike,Take (Called Strike)
2014,Pre-Statcast (2014 MVP),2,2,3,0.09616633758038053,3.4206472897054025,FC,ball,Take (Called Strike)
2014,Pre-Statcast (2014 MVP),9,3,1,0.4092050387104209,1.4180492358316343,FC,ball,Take (Called Strike)
2014,Pre-Statcast (2014 MVP),6,3,2,0.6147117208416008,2.730995552677551,FF,called_strike,Take (Called Strike)
2014,Pre-Statcast (2014 MVP),4,1,2,-0.7607149570637266,2.315292575109524,FF,called_strike,Take (Called Strike)
2014,Pre-Statcast (2014 MVP),5,2,2,0.12821995798656605,2.418619660421438,FF,hit_into_play,Swing
2014,Pre-Statcast (2014 MVP),1,1,3,-0.4057947508026578,2.98640947658075,FF,hit_into_play,Swing
2014,Pre-Statcast (2014 MVP),8,2,1,-0.13620274389366327,2.109055745205689,SI,hit_into_play,Swing
2014,Pre-Statcast (2014 MVP),7,1,1,-0.4352818657677713,1.962033411547276,FF,called_strike,Take (Called Strike)
2014,Pre-Statcast (2014 MVP),2,2,3,-0.2367502957511284,3.091373313429287,SL,called_strike,Take (Called Strike)
2014,Pre-Statcast (2014 MVP),1,1,3,-0.3156203841767431,3.260876719259654,SI,hit_into_play,Swing
2014,Pre-Statcast (2014 MVP),5,2,2,0.2735479794255314,2.774215560733473,FF,foul,Swing
2014,Pre-Statcast (2014 MVP),2,2,3,0.023985442307352,3.4800651587106657,SI,hit_into_play,Swing
2014,Pre-Statcast (2014 MVP),3,3,3,0.3441724698090398,3.0327663931407516,FF,swinging_strike,Swing
2014,Pre-Statcast (2014 MVP),4,1,2,-0.3288951798115296,2.305091407257854,CU,called_strike,Take (Called Strike)
2014,Pre-Statcast (2014 MVP),5,2,2,0.26486791377859464,2.5918043165045024,CU,called_strike,Take (Called Strike)
2014,Pre-Statcast (2014 MVP),2,2,3,0.03475356169109178,3.183324675055297,FF,called_strike,Take (Called Strike)
2014,Pre-Statcast (2014 MVP),1,1,3,-0.6802102262091048,3.4976908864799596,SI,ball,Take (Called Strike)
2014,Pre-Statcast (2014 MVP),6,3,2,0.46347240579534293,2.5256370185049226,FF,foul,Swing
2014,Pre-Statcast (2014 MVP),9,3,1,0.7191263647371393,1.5929933042854874,SL,ball,Take (Called Strike)
2014,Pre-Statcast (2014 MVP),4,1,2,-0.4725434641546312,2.832586092352426,FF,called_strike,Take (Called Strike)
2014,Pre-Statcast (2014 MVP),1,1,3,-0.6615003663401298,3.159173845815954,SI,hit_into_play,Swing
2014,Pre-Statcast (2014 MVP),3,3,3,0.7145435724568703,3.1180798973154165,SI,foul,Swing
2014,Pre-Statcast (2014 MVP),4,1,2,-0.7256422512569496,2.6589574198968657,FC,called_strike,Take (Called Strike)
2014,Pre-Statcast (2014 MVP),8,2,1,0.2751397009364862,1.63048917909659,FS,hit_into_play,Swing
2014,Pre-Statcast (2014 MVP),9,3,1,0.41348165005484566,1.844778595927267,FF,called_strike,Take (Called Strike)
2014,Pre-Statcast (2014 MVP),2,2,3,0.2056913196569544,3.5875386243883276,FF,foul,Swing
2014,Pre-Statcast (2014 MVP),7,1,1,-0.6952388061142551,1.527673799903991,FS,called_strike,Take (Called Strike)
2014,Pre-Statcast (2014 MVP),8,2,1,-0.13227416820659832,2.1069902739548496,FF,called_strike,Take (Called Strike)
2014,Pre-Statcast (2014 MVP),6,3,2,0.40584627563242703,2.4206745294037777,SL,called_strike,Take (Called Strike)
2014,Pre-Statcast (2014 MVP),1,1,3,-0.279321548148062,3.211902581570116,FF,foul,Swing
2014,Pre-Statcast (2014 MVP),2,2,3,0.2197899537885336,3.065257128932962,FF,foul,Swing
2014,Pre-Statcast (2014 MVP),2,2,3,-0.1807238520744664,3.052977657915635,FF,swinging_strike,Swing
2014,Pre-Statcast (2014 MVP),3,3,3,0.6572648628789717,3.6450770828455,FF,ball,Take (Called Strike)
2014,Pre-Statcast (2014 MVP),7,1,1,-0.3133947961830108,1.6166667152707266,SL,ball,Take (Called Strike)
2014,Pre-Statcast (2014 MVP),2,2,3,0.12855628011723363,3.530589682860251,SL,ball,Take (Called Strike)
2014,Pre-Statcast (2014 MVP),6,3,2,0.7264626681772505,2.9402912538041344,SL,called_strike,Take (Called Strike)
2014,Pre-Statcast (2014 MVP),6,3,2,0.6168470010988062,2.602829046556005,FF,called_strike,Take (Called Strike)
2014,Pre-Statcast (2014 MVP),4,1,2,-0.3376079876324203,2.882933792497418,FF,called_strike,Take (Called Strike)
2014,Pre-Statcast (2014 MVP),2,2,3,0.11915148049651042,3.3904385152838357,FF,swinging_strike,Swing
2014,Pre-Statcast (2014 MVP),5,2,2,-0.00195367551088787,2.954484648822514,FF,foul,Swing
2014,Pre-Statcast (2014 MVP),9,3,1,0.7624012453624314,1.9362190916324575,FF,hit_into_play,Swing
2014,Pre-Statcast (2014 MVP),4,1,2,-0.4412524493644509,2.3771985966095204,FS,swinging_strike,Swing
2014,Pre-Statcast (2014 MVP),6,3,2,0.35581825132071077,2.5717377852541436,FF,called_strike,Take (Called Strike)
2014,Pre-Statcast (2014 MVP),4,1,2,-0.614333697482928,2.801516019213958,FF,hit_into_play,Swing
2014,Pre-Statcast (2014 MVP),1,1,3,-0.45570553139343234,3.435637098285822,FF,called_strike,Take (Called Strike)
2014,Pre-Statcast (2014 MVP),3,3,3,0.3848946307852984,3.5778930620686262,FF,called_strike,Take (Called Strike)
2014,Pre-Statcast (2014 MVP),6,3,2,0.6216683102362358,2.486551191141701,FF,called_strike,Take (Called Strike)
2014,Pre-Statcast (2014 MVP),6,3,2,0.8264044563418901,2.621795221252325,FF,hit_into_play,Swing
2014,Pre-Statcast (2014 MVP),4,1,2,-0.3444709128386215,2.5111656131655335,FF,hit_into_play,Swing
2014,Pre-Statcast (2014 MVP),9,3,1,0.6696904095979285,1.6842043115317873,SL,swinging_strike,Swing
2014,Pre-Statcast (2014 MVP),6,3,2,0.4452924837750589,2.6089511589281633,SL,called_strike,Take (Called Strike)
2014,Pre-Statcast (2014 MVP),1,1,3,-0.6349094231740179,3.1909960752664626,FF,foul,Swing
2014,Pre-Statcast (2014 MVP),6,3,2,0.6436485296887069,2.875134546514007,FF,called_strike,Take (Called Strike)
2014,Pre-Statcast (2014 MVP),6,3,2,0.3872964115902061,2.947270599437308,FF,called_strike,Take (Called Strike)
2014,Pre-Statcast (2014 MVP),9,3,1,0.6862970011169981,1.522887632663597,SL,ball,Take (Called Strike)
2014,Pre-Statcast (2014 MVP),4,1,2,-0.7516848792216295,2.327957710756113,SI,foul,Swing
2014,Pre-Statcast (2014 MVP),9,3,1,0.5176952127523959,2.2436639764700246,SI,called_strike,Take (Called Strike)
2014,Pre-Statcast (2014 MVP),2,2,3,0.07493930612558486,3.095992178586137,SI,called_strike,Take (Called Strike)
2014,Pre-Statcast (2014 MVP),2,2,3,0.1745206969294264,3.043616138644869,FF,foul,Swing
2014,Pre-Statcast (2014 MVP),3,3,3,0.3711716720553061,3.429145319666311,SI,called_strike,Take (Called Strike)
2014,Pre-Statcast (2014 MVP),6,3,2,0.41155892912546754,2.6154581127393226,FF,called_strike,Take (Called Strike)
2014,Pre-Statcast (2014 MVP),9,3,1,0.650793786350401,2.126685674507371,FF,swinging_strike,Swing
2014,Pre-Statcast (2014 MVP),5,2,2,-0.08747663001368527,2.7026173275634107,FF,called_strike,Take (Called Strike)
2014,Pre-Statcast (2014 MVP),6,3,2,0.8286976523220706,2.349288533012349,FF,called_strike,Take (Called Strike)
2014,Pre-Statcast (2014 MVP),8,2,1,-0.15538658992963572,1.6114212453232528,FS,called_strike,Take (Called Strike)
2014,Pre-Statcast (2014 MVP),8,2,1,0.1421351533701527,1.8036665335568636,FF,called_strike,Take (Called Strike)
2014,Pre-Statcast (2014 MVP),2,2,3,-0.07088983376781632,3.262679750709852,FF,swinging_strike,Swing
2014,Pre-Statcast (2014 MVP),8,2,1,0.15344345000629744,1.916556708306425,SL,called_strike,Take (Called Strike)
2014,Pre-Statcast (2014 MVP),9,3,1,0.678640351259411,1.687722815259566,FF,ball,Take (Called Strike)
2014,Pre-Statcast (2014 MVP),8,2,1,-0.11768154591552071,1.648686680829464,FF,called_strike,Take (Called Strike)
2014,Pre-Statcast (2014 MVP),9,3,1,0.44313476524640144,1.8756962444086571,FF,hit_into_play,Swing
2014,Pre-Statcast (2014 MVP),1,1,3,-0.63965899824859,3.3052764133700494,FF,swinging_strike,Swing
2014,Pre-Statcast (2014 MVP),7,1,1,-0.5661797379865834,1.9942980142506024,FF,swinging_strike,Swing
2014,Pre-Statcast (2014 MVP),3,3,3,0.4314018808167901,3.680846077256152,FF,ball,Take (Called Strike)
2014,Pre-Statcast (2014 MVP),2,2,3,0.04195293184707127,3.2280266838831033,FF,called_strike,Take (Called Strike)
2014,Pre-Statcast (2014 MVP),9,3,1,0.4529533264253376,1.9695733801563855,SI,foul,Swing
2014,Pre-Statcast (2014 MVP),9,3,1,0.3692192941307883,1.903032156581617,SI,called_strike,Take (Called Strike)
2014,Pre-Statcast (2014 MVP),2,2,3,-0.26996770173682405,3.343966784003142,SI,hit_into_play,Swing
2014,Pre-Statcast (2014 MVP),3,3,3,0.5097266871815139,3.426082604380098,FF,called_strike,Take (Called Strike)
2014,Pre-Statcast (2014 MVP),8,2,1,0.05577294920277742,2.181882655084449,SI,foul,Swing
2014,Pre-Statcast (2014 MVP),3,3,3,0.6679997703885671,3.613706286087784,FF,ball,Take (Called Strike)
2014,Pre-Statcast (2014 MVP),9,3,1,0.4615234403551107,2.0634149309425807,SL,hit_into_play,Swing
2014,Pre-Statcast (2014 MVP),6,3,2,0.6495450512082486,2.485867629041625,SL,swinging_strike,Swing
2014,Pre-Statcast (2014 MVP),1,1,3,-0.28403617273113047,3.374603743555031,CH,called_strike,Take (Called Strike)
2014,Pre-Statcast (2014 MVP),5,2,2,0.256212416460446,2.889934848855325,SI,foul,Swing
2014,Pre-Statcast (2014 MVP),2,2,3,-0.21942190216901605,3.1316515788379045,CU,called_strike,Take (Called Strike)
2014,Pre-Statcast (2014 MVP),9,3,1,0.2994221238031163,2.165477959026207,SL,foul,Swing
2014,Pre-Statcast (2014 MVP),3,3,3,0.41332985242793,3.4721126620495584,SL,ball,Take (Called Strike)
2014,Pre-Statcast (2014 MVP),6,3,2,0.6962173020482545,2.5744864858280336,SL,hit_into_play,Swing
2014,Pre-Statcast (2014 MVP),1,1,3,-0.3968254943278408,3.197899133455461,CU,called_strike,Take (Called Strike)
2014,Pre-Statcast (2014 MVP),1,1,3,-0.7539550237355785,3.3187991120621323,FF,foul,Swing
2014,Pre-Statcast (2014 MVP),2,2,3,-0.06378340758434242,3.6617139062492754,FF,foul,Swing
2014,Pre-Statcast (2014 MVP),4,1,2,-0.5503062537510688,2.5980437718691585,CU,called_strike,Take (Called Strike)
2014,Pre-Statcast (2014 MVP),9,3,1,0.3668755185093041,1.7218919867220608,FF,called_strike,Take (Called Strike)
2014,Pre-Statcast (2014 MVP),9,3,1,0.40430871614983754,2.1811496544858264,SL,foul,Swing
2014,Pre-Statcast (2014 MVP),2,2,3,-0.20324055500774407,3.5432700970308084,FF,swinging_strike,Swing
2014,Pre-Statcast (2014 MVP),9,3,1,0.35767142482582137,2.0551399529013508,CU,called_strike,Take (Called Strike)
2014,Pre-Statcast (2014 MVP),2,2,3,0.04975692980242904,3.158769083362042,SL,called_strike,Take (Called Strike)
2014,Pre-Statcast (2014 MVP),6,3,2,0.563574671217042,2.5700424312897225,SL,hit_into_play,Swing
2014,Pre-Statcast (2014 MVP),9,3,1,0.40422097524968453,2.0962658373686702,CU,called_strike,Take (Called Strike)
2014,Pre-Statcast (2014 MVP),8,2,1,0.11536009475873545,2.206411880172549,CU,called_strike,Take (Called Strike)
2014,Pre-Statcast (2014 MVP),7,1,1,-0.35020495170822286,2.074586057187967,FF,called_strike,Take (Called Strike)
2014,Pre-Statcast (2014 MVP),7,1,1,-0.7987107772500064,1.562927404781966,KC,called_strike,Take (Called Strike)
2014,Pre-Statcast (2014 MVP),2,2,3,0.09724857326972848,3.506982218042059,SI,called_strike,Take (Called Strike)
2014,Pre-Statcast (2014 MVP),6,3,2,0.5939451169747125,2.59905175889623,SI,ball,Take (Called Strike)
2014,Pre-Statcast (2014 MVP),6,3,2,0.2897107297447562,2.795548337852108,SI,hit_into_play,Swing
2014,Pre-Statcast (2014 MVP),8,2,1,-0.02633804076947882,1.7344877188664825,SI,called_strike,Take (Called Strike)
2014,Pre-Statcast (2014 MVP),8,2,1,-0.1856097209734059,2.200778996400206,KC,swinging_strike,Swing
2014,Pre-Statcast (2014 MVP),4,1,2,-0.3224853005630224,2.2999397884969772,SI,foul,Swing
2014,Pre-Statcast (2014 MVP),1,1,3,-0.4986518123756189,3.4695169604952287,SI,ball,Take (Called Strike)
2014,Pre-Statcast (2014 MVP),2,2,3,-0.06531237337731516,3.3384259562624945,FF,hit_into_play,Swing
2014,Pre-Statcast (2014 MVP),6,3,2,0.2951336516541869,2.3204653516347262,CH,swinging_strike,Swing
2014,Pre-Statcast (2014 MVP),1,1,3,-0.3171976321750881,3.4439147849536456,FF,ball,Take (Called Strike)
2014,Pre-Statcast (2014 MVP),9,3,1,0.4646890545575667,1.8118749229149875,KC,called_strike,Take (Called Strike)
2014,Pre-Statcast (2014 MVP),6,3,2,0.631072722131377,2.47243236645276,SI,ball,Take (Called Strike)
2014,Pre-Statcast (2014 MVP),1,1,3,-0.3445647952908176,3.619457413344043,FC,called_strike,Take (Called Strike)
2014,Pre-Statcast (2014 MVP),6,3,2,0.42297687232313474,2.5191496786650593,SL,called_strike,Take (Called Strike)
2014,Pre-Statcast (2014 MVP),2,2,3,0.2515144632537165,3.1101584956359836,CU,called_strike,Take (Called Strike)
2014,Pre-Statcast (2014 MVP),4,1,2,-0.5015832382629622,2.6959827114912738,FF,hit_into_play,Swing
2014,Pre-Statcast (2014 MVP),6,3,2,0.3592992848011828,2.680937747494481,SL,called_strike,Take (Called Strike)
2014,Pre-Statcast (2014 MVP),9,3,1,0.28299858694644175,1.6585304351481236,SL,swinging_strike,Swing
2014,Pre-Statcast (2014 MVP),9,3,1,0.35298565607757326,1.979867695471728,FF,foul,Swing
2014,Pre-Statcast (2014 MVP),8,2,1,0.01004597838035525,1.8290470047728675,FF,called_strike,Take (Called Strike)
2014,Pre-Statcast (2014 MVP),6,3,2,0.3812749703124472,2.3723210531989474,SL,hit_into_play,Swing
2014,Pre-Statcast (2014 MVP),3,3,3,0.3116798173391908,3.276233374397649,FF,called_strike,Take (Called Strike)
2014,Pre-Statcast (2014 MVP),3,3,3,0.31147677740908386,3.46672169224283,CU,ball,Take (Called Strike)
2014,Pre-Statcast (2014 MVP),5,2,2,0.03383012820413778,2.883887297192813,CU,called_strike,Take (Called Strike)
2014,Pre-Statcast (2014 MVP),8,2,1,0.13248500343143077,1.96039453378787,CU,called_strike,Take (Called Strike)
2014,Pre-Statcast (2014 MVP),9,3,1,0.3314903630997451,2.0213732122163965,FF,called_strike,Take (Called Strike)
2014,Pre-Statcast (2014 MVP),4,1,2,-0.43142638915292353,2.82428789551686,KC,called_strike,Take (Called Strike)
2014,Pre-Statcast (2014 MVP),5,2,2,0.21924003936560457,2.8831965206059778,CH,hit_into_play,Swing
2014,Pre-Statcast (2014 MVP),3,3,3,0.5555660464314298,3.296368373787942,FF,foul,Swing
2014,Pre-Statcast (2014 MVP),5,2,2,0.06519398907033136,2.4068678600104576,FF,foul_tip,Swing
2014,Pre-Statcast (2014 MVP),5,2,2,0.12589000428543218,2.513023864120722,FF,foul,Swing
2014,Pre-Statcast (2014 MVP),8,2,1,-0.0657307972882274,1.775498114975962,KC,hit_into_play,Swing
2014,Pre-Statcast (2014 MVP),6,3,2,0.5300912909783256,2.7821981217260214,FF,called_strike,Take (Called Strike)
2014,Pre-Statcast (2014 MVP),9,3,1,0.471519549152172,2.037041681663561,FF,called_strike,Take (Called Strike)
2014,Pre-Statcast (2014 MVP),2,2,3,0.18373269312701537,3.656455975938029,CU,ball,Take (Called Strike)
2014,Pre-Statcast (2014 MVP),6,3,2,0.35328176103095554,2.5236611716184325,SI,called_strike,Take (Called Strike)
2014,Pre-Statcast (2014 MVP),9,3,1,0.5166281008198241,2.097230689194737,SL,hit_into_play,Swing
2014,Pre-Statcast (2014 MVP),8,2,1,-0.18449513034192033,1.7997774082967766,FF,called_strike,Take (Called Strike)
2014,Pre-Statcast (2014 MVP),1,1,3,-0.493215254641808,3.063141850353195,CU,called_strike,Take (Called Strike)
2014,Pre-Statcast (2014 MVP),3,3,3,0.6982049284128703,3.052634047395318,FF,called_strike,Take (Called Strike)
2014,Pre-Statcast (2014 MVP),3,3,3,0.4638940204281576,3.053471243545985,FF,foul,Swing
2014,Pre-Statcast (2014 MVP),7,1,1,-0.8012435042430887,2.230216632008424,FF,called_strike,Take (Called Strike)
2014,Pre-Statcast (2014 MVP),2,2,3,-0.20477894746573133,2.969835980521823,CU,called_strike,Take (Called Strike)
2014,Pre-Statcast (2014 MVP),5,2,2,0.2474092231269465,2.8865132391280417,FF,swinging_strike,Swing
2014,Pre-Statcast (2014 MVP),2,2,3,-0.10201018205523547,3.4915452855083027,FF,ball,Take (Called Strike)
2014,Pre-Statcast (2014 MVP),9,3,1,0.35879118239155683,1.7523552154979292,SI,called_strike,Take (Called Strike)
2014,Pre-Statcast (2014 MVP),9,3,1,0.3966345730080211,1.819032431654064,SL,foul,Swing
2014,Pre-Statcast (2014 MVP),3,3,3,0.2845183931045515,3.5948340615118495,FF,called_strike,Take (Called Strike)
2014,Pre-Statcast (2014 MVP),4,1,2,-0.7246602841287313,2.7175215902995467,CH,called_strike,Take (Called Strike)
2014,Pre-Statcast (2014 MVP),7,1,1,-0.30101826327594816,1.9511504959213808,FF,foul,Swing
2014,Pre-Statcast (2014 MVP),2,2,3,0.05501125400950713,3.16987282568057,SL,called_strike,Take (Called Strike)
2014,Pre-Statcast (2014 MVP),4,1,2,-0.7579283075018368,2.3681320530550747,FF,hit_into_play,Swing
2014,Pre-Statcast (2014 MVP),5,2,2,-0.2620133180749432,2.4969614539077107,FF,foul,Swing
2014,Pre-Statcast (2014 MVP),4,1,2,-0.593103267173972,3.00848841917755,FF,called_strike,Take (Called Strike)
2014,Pre-Statcast (2014 MVP),6,3,2,0.8134621484806412,2.786759172562719,SL,called_strike,Take (Called Strike)
2014,Pre-Statcast (2014 MVP),8,2,1,0.06968782103392046,2.2095298334881344,SL,called_strike,Take (Called Strike)
2014,Pre-Statcast (2014 MVP),6,3,2,0.5662492174656362,2.8706217306534167,FF,hit_into_play,Swing
2014,Pre-Statcast (2014 MVP),6,3,2,0.7727472665069712,2.438585352218502,SL,called_strike,Take (Called Strike)
2014,Pre-Statcast (2014 MVP),3,3,3,0.7908881142911441,3.04998041882148,SI,ball,Take (Called Strike)
2014,Pre-Statcast (2014 MVP),6,3,2,0.7318797680477871,2.9527528066479127,FF,called_strike,Take (Called Strike)
2014,Pre-Statcast (2014 MVP),9,3,1,0.8227981974213092,1.942644237598456,FF,ball,Take (Called Strike)
2014,Pre-Statcast (2014 MVP),5,2,2,0.12950957133771945,2.657363211408679,FF,called_strike,Take (Called Strike)
2014,Pre-Statcast (2014 MVP),5,2,2,0.17220426881453352,2.6032257052455665,FF,called_strike,Take (Called Strike)
2014,Pre-Statcast (2014 MVP),5,2,2,0.21457577241075176,2.6821381876929737,SI,hit_into_play,Swing
2014,Pre-Statcast (2014 MVP),8,2,1,0.24382937172587185,2.118683589379698,FF,foul,Swing
2014,Pre-Statcast (2014 MVP),9,3,1,0.6368771773206804,1.968026852908051,FF,called_strike,Take (Called Strike)
2014,Pre-Statcast (2014 MVP),5,2,2,-0.24433211944553104,2.7606714245255537,CH,called_strike,Take (Called Strike)
2014,Pre-Statcast (2014 MVP),5,2,2,0.21474584182843837,2.5621378132099943,SI,foul,Swing
2014,Pre-Statcast (2014 MVP),7,1,1,-0.5722702641990143,1.8320155820016732,FF,hit_into_play,Swing
2014,Pre-Statcast (2014 MVP),7,1,1,-0.4936055094187237,1.595472823684235,SI,foul,Swing
2014,Pre-Statcast (2014 MVP),9,3,1,0.3723024147172921,2.106059762560629,FF,foul,Swing
2014,Pre-Statcast (2014 MVP),6,3,2,0.6357462768748648,2.7167812030930927,FF,called_strike,Take (Called Strike)
2014,Pre-Statcast (2014 MVP),4,1,2,-0.7777068170227781,2.4128929131756114,FF,hit_into_play,Swing
2014,Pre-Statcast (2014 MVP),4,1,2,-0.3881282659583367,2.75273990789391,SI,called_strike,Take (Called Strike)
2014,Pre-Statcast (2014 MVP),4,1,2,-0.7560146988507359,2.3993343031752343,FF,hit_into_play,Swing
2014,Pre-Statcast (2014 MVP),5,2,2,-0.2220343558345419,2.4852479989962517,FF,swinging_strike,Swing
2014,Pre-Statcast (2014 MVP),8,2,1,0.2264712575606725,1.726564292249408,SL,foul,Swing
2014,Pre-Statcast (2014 MVP),6,3,2,0.3267921676800495,2.257632436701029,FC,swinging_strike,Swing
2014,Pre-Statcast (2014 MVP),5,2,2,0.1920468787502832,2.5009012698421107,FF,called_strike,Take (Called Strike)
2014,Pre-Statcast (2014 MVP),8,2,1,-0.1653166515798662,2.134980591183065,SL,called_strike,Take (Called Strike)
2014,Pre-Statcast (2014 MVP),5,2,2,0.09774555470822952,2.311187538028847,FF,called_strike,Take (Called Strike)
2014,Pre-Statcast (2014 MVP),8,2,1,0.00866047764399202,1.9725081470836352,SI,hit_into_play,Swing
2014,Pre-Statcast (2014 MVP),6,3,2,0.5249122683345209,2.665873430339772,FF,foul,Swing
2014,Pre-Statcast (2014 MVP),7,1,1,-0.3735937094454348,2.1097337953592348,FF,hit_into_play,Swing
2014,Pre-Statcast (2014 MVP),6,3,2,0.3862587592960893,2.400951117537934,FF,called_strike,Take (Called Strike)
2014,Pre-Statcast (2014 MVP),7,1,1,-0.7102646874855241,1.915084100285116,FF,hit_into_play,Swing
2014,Pre-Statcast (2014 MVP),1,1,3,-0.612054630123804,3.390811526281368,FF,called_strike,Take (Called Strike)
2014,Pre-Statcast (2014 MVP),8,2,1,0.1806987166281966,1.7975610434066187,FF,called_strike,Take (Called Strike)
2014,Pre-Statcast (2014 MVP),4,1,2,-0.3698842730400901,2.5306931914126225,SL,hit_into_play,Swing
2014,Pre-Statcast (2014 MVP),5,2,2,0.1352959128238328,2.830300279830029,CU,called_strike,Take (Called Strike)
2014,Pre-Statcast (2014 MVP),2,2,3,-0.10216255897115208,3.093973403644701,FC,called_strike,Take (Called Strike)
2014,Pre-Statcast (2014 MVP),6,3,2,0.6699030830403345,2.524367604161213,FC,hit_into_play,Swing
2014,Pre-Statcast (2014 MVP),8,2,1,-0.03358218929605472,1.7849779667141703,SI,hit_into_play,Swing
2014,Pre-Statcast (2014 MVP),5,2,2,0.17421339374932276,2.744728345641249,SI,swinging_strike,Swing
2014,Pre-Statcast (2014 MVP),1,1,3,-0.704661385647086,3.022739053153799,SI,hit_into_play,Swing
2014,Pre-Statcast (2014 MVP),5,2,2,0.14150264301985405,2.616646880575115,SI,foul,Swing
2014,Pre-Statcast (2014 MVP),4,1,2,-0.3744968179047966,2.8147423599964014,SL,called_strike,Take (Called Strike)
2014,Pre-Statcast (2014 MVP),4,1,2,-0.38743981056941634,2.730823110397385,FF,hit_into_play,Swing
2014,Pre-Statcast (2014 MVP),1,1,3,-0.5376941590578499,3.157879741809873,FF,foul,Swing
2014,Pre-Statcast (2014 MVP),1,1,3,-0.4674768526164721,3.3264041075550734,FF,called_strike,Take (Called Strike)
2014,Pre-Statcast (2014 MVP),4,1,2,-0.3709355459103134,2.8492615757508024,SI,called_strike,Take (Called Strike)
2014,Pre-Statcast (2014 MVP),5,2,2,0.26440984572846604,2.8975053722984487,SI,swinging_strike,Swing
2014,Pre-Statcast (2014 MVP),6,3,2,0.4448432632499446,2.938129992149394,SI,foul,Swing
2014,Pre-Statcast (2014 MVP),5,2,2,0.0644826681003805,2.2876034170847923,SI,called_strike,Take (Called Strike)
2014,Pre-Statcast (2014 MVP),5,2,2,-0.12077446060565976,2.397435365066233,SI,hit_into_play,Swing
2014,Pre-Statcast (2014 MVP),1,1,3,-0.4950563546415919,3.1696866591256523,FF,hit_into_play,Swing
2014,Pre-Statcast (2014 MVP),9,3,1,0.4781312362621003,2.0482080035163515,FF,called_strike,Take (Called Strike)
2014,Pre-Statcast (2014 MVP),6,3,2,0.34457887939624077,2.8325910087218653,FF,swinging_strike,Swing
2014,Pre-Statcast (2014 MVP),2,2,3,-0.2132070937148021,3.0212800431356626,FF,called_strike,Take (Called Strike)
2014,Pre-Statcast (2014 MVP),9,3,1,0.4169584743971051,1.6421245485333067,SL,hit_into_play,Swing
2014,Pre-Statcast (2014 MVP),1,1,3,-0.7747109657640042,3.2961913948113692,FF,called_strike,Take (Called Strike)
2014,Pre-Statcast (2014 MVP),1,1,3,-0.5511718971328625,3.1779754609705595,FF,called_strike,Take (Called Strike)
2014,Pre-Statcast (2014 MVP),1,1,3,-0.4068856756276455,3.3769735297995824,FF,hit_into_play,Swing
2014,Pre-Statcast (2014 MVP),1,1,3,-0.5831341244620416,3.4381099288562873,FF,called_strike,Take (Called Strike)
2014,Pre-Statcast (2014 MVP),7,1,1,-0.5442354049582678,1.838579159376006,SI,hit_into_play,Swing
2014,Pre-Statcast (2014 MVP),2,2,3,0.08049115460058853,3.5649645952527145,FF,ball,Take (Called Strike)
2014,Pre-Statcast (2014 MVP),5,2,2,-0.16797631793298118,2.422385370891454,SI,hit_into_play,Swing
2014,Pre-Statcast (2014 MVP),2,2,3,-0.21599707965041737,3.172272303658225,FF,called_strike,Take (Called Strike)
2014,Pre-Statcast (2014 MVP),1,1,3,-0.7970279353928924,3.24351323584448,SI,called_strike,Take (Called Strike)
2014,Pre-Statcast (2014 MVP),6,3,2,0.5586075386898114,2.782410199082082,FF,called_strike,Take (Called Strike)
2014,Pre-Statcast (2014 MVP),9,3,1,0.28810742305386977,1.6883326083607892,SL,hit_into_play,Swing
2014,Pre-Statcast (2014 MVP),4,1,2,-0.4243372919285118,2.2668431381716507,SL,called_strike,Take (Called Strike)
2014,Pre-Statcast (2014 MVP),4,1,2,-0.5919062627409288,2.711196586920595,FF,foul,Swing
2014,Pre-Statcast (2014 MVP),8,2,1,0.14688461096038077,2.26369620640785,SL,hit_into_play,Swing
2014,Pre-Statcast (2014 MVP),2,2,3,-0.2150541058646092,3.292349860201428,FF,called_strike,Take (Called Strike)
2014,Pre-Statcast (2014 MVP),9,3,1,0.48278548817796574,1.947769763496399,SL,hit_into_play,Swing
2014,Pre-Statcast (2014 MVP),3,3,3,0.4658986201284654,3.54957827922215,FF,ball,Take (Called Strike)
2014,Pre-Statcast (2014 MVP),6,3,2,0.34756565248208937,2.4437243978134946,SL,foul,Swing
2014,Pre-Statcast (2014 MVP),8,2,1,-0.0442826169009175,1.5530989251024798,FF,foul,Swing
2014,Pre-Statcast (2014 MVP),5,2,2,-0.03949780232226416,2.5977333953151693,SL,called_strike,Take (Called Strike)
2014,Pre-Statcast (2014 MVP),1,1,3,-0.30846786977292395,3.146221410287704,FF,called_strike,Take (Called Strike)
2014,Pre-Statcast (2014 MVP),8,2,1,-0.12247026134053218,1.8283032522606295,FF,called_strike,Take (Called Strike)
2014,Pre-Statcast (2014 MVP),6,3,2,0.6377747934537178,2.5920175593393875,FF,called_strike,Take (Called Strike)
2014,Pre-Statcast (2014 MVP),7,1,1,-0.671353811285655,2.064594419901502,SI,hit_into_play,Swing
2014,Pre-Statcast (2014 MVP),9,3,1,0.36673462587396544,1.662953567856841,SI,called_strike,Take (Called Strike)
2014,Pre-Statcast (2014 MVP),5,2,2,-0.1978503556740465,2.8331716569876786,FC,hit_into_play,Swing
2014,Pre-Statcast (2014 MVP),9,3,1,0.533063896021716,2.107265290784181,FF,called_strike,Take (Called Strike)
2014,Pre-Statcast (2014 MVP),4,1,2,-0.3258249339395529,2.827730498216498,SI,hit_into_play,Swing
2014,Pre-Statcast (2014 MVP),2,2,3,0.1985001462524414,3.4372287561655814,SI,called_strike,Take (Called Strike)
2014,Pre-Statcast (2014 MVP),7,1,1,-0.341560292268292,1.9228579241749104,KN,hit_into_play,Swing
2014,Pre-Statcast (2014 MVP),3,3,3,0.3169362132055342,3.2102093338527373,KN,foul,Swing
2014,Pre-Statcast (2014 MVP),4,1,2,-0.4628346000081196,2.637265229544306,KN,foul,Swing
2014,Pre-Statcast (2014 MVP),4,1,2,-0.7419619905102821,2.886888900241549,KN,called_strike,Take (Called Strike)
2014,Pre-Statcast (2014 MVP),7,1,1,-0.6189100468120238,1.9642345159959844,FF,ball,Take (Called Strike)
2014,Pre-Statcast (2014 MVP),4,1,2,-0.6501469227079617,2.2580775415469807,KN,called_strike,Take (Called Strike)
2014,Pre-Statcast (2014 MVP),4,1,2,-0.33826517567300396,2.5329867834682047,FF,hit_into_play,Swing
2014,Pre-Statcast (2014 MVP),4,1,2,-0.5913734097924621,2.340959187495278,KN,hit_into_play,Swing
2014,Pre-Statcast (2014 MVP),8,2,1,-0.24289607373015493,1.6902464634319654,KN,foul,Swing
2014,Pre-Statcast (2014 MVP),3,3,3,0.5394114425765497,3.0559294594026154,KN,foul,Swing
2014,Pre-Statcast (2014 MVP),9,3,1,0.29352457336695875,2.184433339179086,KN,called_strike,Take (Called Strike)
2014,Pre-Statcast (2014 MVP),1,1,3,-0.5559808902451817,3.2902367903543444,FF,foul,Swing
2014,Pre-Statcast (2014 MVP),2,2,3,-0.1964462184407112,3.230392538968569,CH,called_strike,Take (Called Strike)
2014,Pre-Statcast (2014 MVP),4,1,2,-0.4342896629360655,2.4803030653765674,CH,called_strike,Take (Called Strike)
2014,Pre-Statcast (2014 MVP),7,1,1,-0.5880703443391595,1.5973999928787048,SL,foul,Swing
2014,Pre-Statcast (2014 MVP),5,2,2,0.1218341830408205,2.6582808213504334,SI,foul,Swing
2014,Pre-Statcast (2014 MVP),1,1,3,-0.5727515460783024,3.4803881794250113,SI,foul_tip,Swing
2014,Pre-Statcast (2014 MVP),1,1,3,-0.4403954075000081,3.3749355380812767,SI,foul_tip,Swing
2014,Pre-Statcast (2014 MVP),4,1,2,-0.7238396329708212,2.4121506424608876,SI,called_strike,Take (Called Strike)
2014,Pre-Statcast (2014 MVP),8,2,1,0.2078774391794632,1.7048030901753417,SI,called_strike,Take (Called Strike)
2014,Pre-Statcast (2014 MVP),8,2,1,-0.2461559638579719,1.6492026460564362,FF,hit_into_play,Swing
2014,Pre-Statcast (2014 MVP),8,2,1,-0.0407419683850293,1.7124606542938898,FF,ball,Take (Called Strike)
2014,Pre-Statcast (2014 MVP),9,3,1,0.6472345447739166,1.8665062802228536,FF,called_strike,Take (Called Strike)
2014,Pre-Statcast (2014 MVP),8,2,1,0.03704400223099957,1.7451673365328384,FF,called_strike,Take (Called Strike)
2014,Pre-Statcast (2014 MVP),5,2,2,-0.04536423337131406,2.52246224005251,SL,foul,Swing
2014,Pre-Statcast (2014 MVP),3,3,3,0.44470928604861937,3.525534222865266,SL,ball,Take (Called Strike)
2014,Pre-Statcast (2014 MVP),5,2,2,-0.1022051622561534,2.951472095866567,FF,hit_into_play,Swing
2014,Pre-Statcast (2014 MVP),6,3,2,0.33768885596775533,2.64229217808448,FF,called_strike,Take (Called Strike)
2014,Pre-Statcast (2014 MVP),5,2,2,0.01950718220363212,2.83301071261714,SI,foul,Swing
2014,Pre-Statcast (2014 MVP),1,1,3,-0.5240294093525155,3.1766509121150865,FF,foul,Swing
2014,Pre-Statcast (2014 MVP),4,1,2,-0.2904339424378206,2.680253272093601,SI,hit_into_play,Swing
2014,Pre-Statcast (2014 MVP),7,1,1,-0.43963770733925367,2.189761936921658,SI,called_strike,Take (Called Strike)
2014,Pre-Statcast (2014 MVP),6,3,2,0.5998360628062163,2.829764517229686,SI,swinging_strike,Swing
2014,Pre-Statcast (2014 MVP),2,2,3,-0.13853468901633875,3.0933488517096936,FF,foul,Swing
2014,Pre-Statcast (2014 MVP),3,3,3,0.575971094176067,3.629696816850574,SI,ball,Take (Called Strike)
2014,Pre-Statcast (2014 MVP),2,2,3,0.09402096451548014,3.3976662856071473,CU,called_strike,Take (Called Strike)
2014,Pre-Statcast (2014 MVP),3,3,3,0.2932546864262495,3.5599528914377014,SI,ball,Take (Called Strike)
2014,Pre-Statcast (2014 MVP),9,3,1,0.29547770237602333,1.5735435569824765,CH,foul,Swing
2014,Pre-Statcast (2014 MVP),5,2,2,-0.2213797869079694,2.62093801986092,SL,called_strike,Take (Called Strike)
2014,Pre-Statcast (2014 MVP),6,3,2,0.42416459274524665,2.6079456447004903,FF,hit_into_play,Swing
2014,Pre-Statcast (2014 MVP),6,3,2,0.36127308646109946,2.4387659003758464,FF,foul,Swing
2014,Pre-Statcast (2014 MVP),9,3,1,0.3036804322802781,2.227149412456594,CU,hit_into_play,Swing
2014,Pre-Statcast (2014 MVP),8,2,1,-0.24268036379778143,2.2130599832041895,SI,called_strike,Take (Called Strike)
2014,Pre-Statcast (2014 MVP),9,3,1,0.8235751563767633,1.834773737100054,FF,called_strike,Take (Called Strike)
2014,Pre-Statcast (2014 MVP),6,3,2,0.3029561076321834,2.510546511444538,FF,called_strike,Take (Called Strike)
2014,Pre-Statcast (2014 MVP),9,3,1,0.3039397724679781,2.115842432652097,FF,hit_into_play,Swing
2014,Pre-Statcast (2014 MVP),6,3,2,0.5525340619377277,2.622265340847659,FF,called_strike,Take (Called Strike)
2014,Pre-Statcast (2014 MVP),3,3,3,0.7183820219987792,3.5261530291615943,FF,ball,Take (Called Strike)
2014,Pre-Statcast (2014 MVP),3,3,3,0.4325901071701532,3.636056660628866,FC,ball,Take (Called Strike)
2014,Pre-Statcast (2014 MVP),9,3,1,0.5191557791250477,2.167289855629181,FF,hit_into_play,Swing
2014,Pre-Statcast (2014 MVP),8,2,1,-0.1383889652723353,1.522181614941413,SL,called_strike,Take (Called Strike)
2014,Pre-Statcast (2014 MVP),8,2,1,0.12985258105335845,1.6202662108991102,KC,hit_into_play,Swing
2014,Pre-Statcast (2014 MVP),2,2,3,-0.00147328895239784,2.9861549697989815,FF,foul,Swing
2014,Pre-Statcast (2014 MVP),4,1,2,-0.30507308596945404,2.3929997841764097,FF,hit_into_play,Swing
2014,Pre-Statcast (2014 MVP),7,1,1,-0.5895041726572126,1.555485518893465,SI,ball,Take (Called Strike)
2014,Pre-Statcast (2014 MVP),9,3,1,0.6507340798608214,1.6401370018820736,CH,hit_into_play,Swing
2014,Pre-Statcast (2014 MVP),5,2,2,0.09416637004070316,2.389391689295038,FF,foul,Swing
2014,Pre-Statcast (2014 MVP),2,2,3,0.0987782127180995,3.382388834885931,FF,foul,Swing
2014,Pre-Statcast (2014 MVP),7,1,1,-0.31926574534157864,1.6664379076321034,KC,ball,Take (Called Strike)
2014,Pre-Statcast (2014 MVP),4,1,2,-0.4068504075309505,2.2795585327705084,SI,called_strike,Take (Called Strike)
2014,Pre-Statcast (2014 MVP),5,2,2,-0.05137007285040007,2.666515486941112,FF,hit_into_play,Swing
2014,Pre-Statcast (2014 MVP),4,1,2,-0.3007490047194059,2.352915034646297,FF,called_strike,Take (Called Strike)
2014,Pre-Statcast (2014 MVP),3,3,3,0.5707022382398022,3.1925334186810823,CH,called_strike,Take (Called Strike)
2014,Pre-Statcast (2014 MVP),5,2,2,0.1841580459695551,2.6071640238005465,CH,called_strike,Take (Called Strike)
2014,Pre-Statcast (2014 MVP),8,2,1,-0.03111112032295711,1.937064415884033,FC,swinging_strike,Swing
2014,Pre-Statcast (2014 MVP),6,3,2,0.29569341235504765,2.3214152142226285,SI,foul,Swing
2014,Pre-Statcast (2014 MVP),7,1,1,-0.43143031093576134,1.9581298337764348,SI,called_strike,Take (Called Strike)
2014,Pre-Statcast (2014 MVP),2,2,3,-0.27367828612233647,3.1020640612626975,FF,swinging_strike,Swing
2014,Pre-Statcast (2014 MVP),6,3,2,0.4399467117994353,2.281078716984831,SI,swinging_strike,Swing
2014,Pre-Statcast (2014 MVP),6,3,2,0.5946904616720472,2.83258835588527,FC,called_strike,Take (Called Strike)
2014,Pre-Statcast (2014 MVP),5,2,2,-0.20450034923970617,2.7194237689379346,CH,hit_into_play,Swing
2014,Pre-Statcast (2014 MVP),8,2,1,0.11110078597661156,2.071686124110966,SI,foul,Swing
2014,Pre-Statcast (2014 MVP),2,2,3,-0.18040001707217423,3.267566047708024,SI,called_strike,Take (Called Strike)
2014,Pre-Statcast (2014 MVP),2,2,3,-0.12008442000855536,3.381915493119201,FF,foul,Swing
2014,Pre-Statcast (2014 MVP),2,2,3,-0.00801429241710283,3.5920997886665633,FF,called_strike,Take (Called Strike)
2014,Pre-Statcast (2014 MVP),8,2,1,0.00741057370525677,1.731534449484299,SI,called_strike,Take (Called Strike)
2014,Pre-Statcast (2014 MVP),9,3,1,0.4436512303300011,1.9442739662337951,SI,hit_into_play,Swing
2014,Pre-Statcast (2014 MVP),4,1,2,-0.3765355473969254,2.586867747476972,SI,foul,Swing
2014,Pre-Statcast (2014 MVP),9,3,1,0.6915620884163127,2.1625628366068206,SI,called_strike,Take (Called Strike)
2014,Pre-Statcast (2014 MVP),6,3,2,0.4151815865447463,2.4958256262147147,FF,called_strike,Take (Called Strike)
2014,Pre-Statcast (2014 MVP),9,3,1,0.6123446954284085,2.009686231239587,FC,hit_into_play,Swing
2014,Pre-Statcast (2014 MVP),4,1,2,-0.5057798078831558,2.774874775055481,SI,called_strike,Take (Called Strike)
2014,Pre-Statcast (2014 MVP),9,3,1,0.6073397963016041,2.0757151631905737,SL,called_strike,Take (Called Strike)
2014,Pre-Statcast (2014 MVP),5,2,2,-0.15513731965881572,2.4482197901038973,SL,called_strike,Take (Called Strike)
2014,Pre-Statcast (2014 MVP),3,3,3,0.35488558392065817,3.144554998519916,SI,called_strike,Take (Called Strike)
2014,Pre-Statcast (2014 MVP),5,2,2,-0.07279814996606238,2.600785299586886,SL,foul,Swing
2014,Pre-Statcast (2014 MVP),3,3,3,0.5321874848285859,3.071380728765534,SL,called_strike,Take (Called Strike)
2014,Pre-Statcast (2014 MVP),3,3,3,0.2858248632389555,2.9862447055200656,SI,called_strike,Take (Called Strike)
2014,Pre-Statcast (2014 MVP),6,3,2,0.720656192476969,2.8788717312817274,SL,called_strike,Take (Called Strike)
2014,Pre-Statcast (2014 MVP),8,2,1,0.20456347537889277,1.7380420332728743,FF,foul,Swing
2014,Pre-Statcast (2014 MVP),9,3,1,0.5090048684520542,1.553721762678808,FF,ball,Take (Called Strike)
2014,Pre-Statcast (2014 MVP),6,3,2,0.45523139272839974,2.256021870015479,SI,hit_into_play,Swing
2014,Pre-Statcast (2014 MVP),3,3,3,0.6960082245315655,3.152894631047216,FF,foul,Swing
2014,Pre-Statcast (2014 MVP),5,2,2,0.01405695085108404,2.4617989182711773,FF,swinging_strike,Swing
2014,Pre-Statcast (2014 MVP),1,1,3,-0.6250159638903288,3.5626647030135103,SI,foul,Swing
2014,Pre-Statcast (2014 MVP),6,3,2,0.3620118347933745,2.6345491386933335,FF,swinging_strike,Swing
2014,Pre-Statcast (2014 MVP),2,2,3,-0.1854633981091112,3.12409231446414,SL,called_strike,Take (Called Strike)
2014,Pre-Statcast (2014 MVP),4,1,2,-0.32187652216959095,2.4849824145026846,FF,called_strike,Take (Called Strike)
2014,Pre-Statcast (2014 MVP),6,3,2,0.48183543582050026,2.6878922740354647,FF,called_strike,Take (Called Strike)
2014,Pre-Statcast (2014 MVP),8,2,1,-0.024418324297932,1.8537521372502597,SL,called_strike,Take (Called Strike)
2014,Pre-Statcast (2014 MVP),4,1,2,-0.5632531405597898,2.487352391094366,SL,hit_into_play,Swing
2014,Pre-Statcast (2014 MVP),1,1,3,-0.6471742369566723,3.2307117180166585,CH,called_strike,Take (Called Strike)
2014,Pre-Statcast (2014 MVP),6,3,2,0.3142709228342928,2.5681612742355497,FF,swinging_strike,Swing
2014,Pre-Statcast (2014 MVP),4,1,2,-0.7596698306633439,2.677865478897143,SI,swinging_strike,Swing
2014,Pre-Statcast (2014 MVP),3,3,3,0.517562699832331,3.3745967966787194,SL,called_strike,Take (Called Strike)
2014,Pre-Statcast (2014 MVP),1,1,3,-0.5554476436943807,3.1655413120672575,FF,foul,Swing
2014,Pre-Statcast (2014 MVP),2,2,3,0.05499410483704181,3.3301059906917567,EP,foul,Swing
2014,Pre-Statcast (2014 MVP),1,1,3,-0.8197265920314849,3.4648672910094818,SI,ball,Take (Called Strike)
2014,Pre-Statcast (2014 MVP),6,3,2,0.7336199513366491,2.332322770495649,CU,called_strike,Take (Called Strike)
2014,Pre-Statcast (2014 MVP),1,1,3,-0.4158680250668535,3.41811554896825,SL,called_strike,Take (Called Strike)
2014,Pre-Statcast (2014 MVP),4,1,2,-0.6344437881774527,2.384736364710573,SI,hit_into_play,Swing
2014,Pre-Statcast (2014 MVP),5,2,2,0.25204839657054046,2.4778218876867752,SI,hit_into_play,Swing
2014,Pre-Statcast (2014 MVP),1,1,3,-0.5876271428733999,3.5102444011668963,FF,swinging_strike,Swing
2014,Pre-Statcast (2014 MVP),8,2,1,-0.21051788852367223,2.2167548479731183,SL,foul,Swing
2014,Pre-Statcast (2014 MVP),6,3,2,0.8157411133619734,2.168182360850477,FF,called_strike,Take (Called Strike)
2014,Pre-Statcast (2014 MVP),2,2,3,0.18574652956734283,2.965488731860619,SI,foul,Swing
2014,Pre-Statcast (2014 MVP),7,1,1,-0.7218440791064503,2.1093068390345056,FF,called_strike,Take (Called Strike)
2014,Pre-Statcast (2014 MVP),6,3,2,0.5882001511899483,2.811320659868504,KC,called_strike,Take (Called Strike)
2014,Pre-Statcast (2014 MVP),9,3,1,0.7914244057701797,2.1299579126098926,FF,called_strike,Take (Called Strike)
2014,Pre-Statcast (2014 MVP),4,1,2,-0.4475407428951249,2.767569313735786,FF,foul,Swing
2014,Pre-Statcast (2014 MVP),1,1,3,-0.6662761615059412,3.486860427496791,FF,foul,Swing
2014,Pre-Statcast (2014 MVP),6,3,2,0.5574350201565893,2.528061364896897,FF,hit_into_play,Swing
2014,Pre-Statcast (2014 MVP),5,2,2,0.07125009751185313,2.82859821241317,FF,called_strike,Take (Called Strike)
2014,Pre-Statcast (2014 MVP),6,3,2,0.5313994034248345,2.3391696444834045,FF,called_strike,Take (Called Strike)
2014,Pre-Statcast (2014 MVP),9,3,1,0.35112244407136656,1.931809488949635,SL,hit_into_play,Swing
2014,Pre-Statcast (2014 MVP),3,3,3,0.7895703770092428,3.2322892390216276,SI,ball,Take (Called Strike)
2014,Pre-Statcast (2014 MVP),5,2,2,-0.26750472378142054,2.6180238346282794,CU,hit_into_play,Swing
2014,Pre-Statcast (2014 MVP),9,3,1,0.45179134876666766,2.1529234730839963,SL,foul,Swing
2014,Pre-Statcast (2014 MVP),9,3,1,0.3979040462759533,2.175861345952996,SL,called_strike,Take (Called Strike)
2014,Pre-Statcast (2014 MVP),4,1,2,-0.3487024312832428,2.589923532860898,SL,foul,Swing
2014,Pre-Statcast (2014 MVP),7,1,1,-0.3606108056695886,1.8191623692418584,SL,ball,Take (Called Strike)
2014,Pre-Statcast (2014 MVP),4,1,2,-0.37427374114222745,2.2231808631721055,SI,called_strike,Take (Called Strike)
2014,Pre-Statcast (2014 MVP),1,1,3,-0.7419036530288983,3.5713233138613747,FF,swinging_strike,Swing
2014,Pre-Statcast (2014 MVP),4,1,2,-0.7068183539111603,2.4041213823660783,FF,foul,Swing
2014,Pre-Statcast (2014 MVP),4,1,2,-0.3309944267116268,2.6600645818140176,SL,called_strike,Take (Called Strike)
2014,Pre-Statcast (2014 MVP),9,3,1,0.5864654664146605,2.106300612481747,CH,called_strike,Take (Called Strike)
2014,Pre-Statcast (2014 MVP),8,2,1,-0.08654319896943571,2.2380407778336213,FF,hit_into_play,Swing
2014,Pre-Statcast (2014 MVP),6,3,2,0.5543214060567173,2.739430713620032,SL,called_strike,Take (Called Strike)
2014,Pre-Statcast (2014 MVP),5,2,2,0.16739340024500682,2.3344980783705935,SI,hit_into_play,Swing
2014,Pre-Statcast (2014 MVP),7,1,1,-0.4750371430747722,1.649883369964671,SI,foul,Swing
2014,Pre-Statcast (2014 MVP),6,3,2,0.7419483501010515,2.410122867624918,FF,called_strike,Take (Called Strike)
2014,Pre-Statcast (2014 MVP),8,2,1,0.17967768450868768,1.6025555097612252,FF,ball,Take (Called Strike)
2014,Pre-Statcast (2014 MVP),9,3,1,0.4968879938987172,1.5259683382888396,SI,ball,Take (Called Strike)
2014,Pre-Statcast (2014 MVP),8,2,1,-0.1334979532963636,2.1711737937605697,FF,foul,Swing
2014,Pre-Statcast (2014 MVP),7,1,1,-0.7877463551047705,2.1245374811836184,SI,swinging_strike,Swing
2014,Pre-Statcast (2014 MVP),6,3,2,0.6905417420480251,2.6774492917298978,FF,called_strike,Take (Called Strike)
2014,Pre-Statcast (2014 MVP),5,2,2,0.21001002987016223,2.805876707054365,FF,called_strike,Take (Called Strike)
2014,Pre-Statcast (2014 MVP),5,2,2,-0.02606210617303267,2.7477828450763204,FF,hit_into_play,Swing
2014,Pre-Statcast (2014 MVP),7,1,1,-0.688278011623682,1.892920845525261,ST,hit_into_play,Swing
2014,Pre-Statcast (2014 MVP),4,1,2,-0.3640430228041942,2.9256725323867276,ST,called_strike,Take (Called Strike)
2014,Pre-Statcast (2014 MVP),5,2,2,-0.01694268547748562,2.643130795734135,FF,foul,Swing
2014,Pre-Statcast (2014 MVP),1,1,3,-0.7764049456598324,3.1511125564124964,FF,foul_tip,Swing
2014,Pre-Statcast (2014 MVP),2,2,3,0.02445318168106444,3.0251865099363844,FF,called_strike,Take (Called Strike)
2014,Pre-Statcast (2014 MVP),1,1,3,-0.4910215479120773,3.4240719518012437,FF,hit_into_play,Swing
2014,Pre-Statcast (2014 MVP),9,3,1,0.6771314058992001,1.9491436976985044,FF,called_strike,Take (Called Strike)
2014,Pre-Statcast (2014 MVP),5,2,2,0.2003896768611243,2.564282036447796,SL,called_strike,Take (Called Strike)
2014,Pre-Statcast (2014 MVP),5,2,2,0.1877442330674719,2.2986973360196266,FF,called_strike,Take (Called Strike)
2014,Pre-Statcast (2014 MVP),2,2,3,0.1989716250367016,3.2899164983674662,SL,swinging_strike,Swing
2014,Pre-Statcast (2014 MVP),5,2,2,-0.2549921474438569,2.6734303980341885,FF,foul,Swing
2014,Pre-Statcast (2014 MVP),4,1,2,-0.817955343815759,2.6850127823245322,FF,foul,Swing
2014,Pre-Statcast (2014 MVP),9,3,1,0.8064161540615773,1.6894750683646254,FF,called_strike,Take (Called Strike)
2014,Pre-Statcast (2014 MVP),8,2,1,0.19024194528146376,1.6215370820686017,CU,called_strike,Take (Called Strike)
2014,Pre-Statcast (2014 MVP),1,1,3,-0.36837340064307944,3.3770898153614004,FF,foul,Swing
2014,Pre-Statcast (2014 MVP),5,2,2,0.27020483691103037,2.7359610090254325,FF,foul,Swing
2014,Pre-Statcast (2014 MVP),8,2,1,-0.04245434555201299,1.6977519011618885,SI,hit_into_play,Swing
2014,Pre-Statcast (2014 MVP),4,1,2,-0.6231861098992357,2.859963619469506,FF,called_strike,Take (Called Strike)
2014,Pre-Statcast (2014 MVP),7,1,1,-0.6339105310278909,1.9119607976568875,FF,foul,Swing
2014,Pre-Statcast (2014 MVP),3,3,3,0.3156378595929489,3.460963228333197,FF,ball,Take (Called Strike)
2014,Pre-Statcast (2014 MVP),4,1,2,-0.7374938434330215,2.605794289099624,FF,called_strike,Take (Called Strike)
2014,Pre-Statcast (2014 MVP),2,2,3,-0.1561749496016338,3.07394375248197,FF,hit_into_play,Swing
2014,Pre-Statcast (2014 MVP),7,1,1,-0.3890421236654017,2.065439477600786,SL,hit_into_play,Swing
2014,Pre-Statcast (2014 MVP),9,3,1,0.5842764193119663,1.9426362594275337,SL,ball,Take (Called Strike)
2014,Pre-Statcast (2014 MVP),9,3,1,0.7418103197726479,1.8917392506944228,SL,called_strike,Take (Called Strike)
2014,Pre-Statcast (2014 MVP),5,2,2,0.13241476789982748,2.640528035339097,FF,foul,Swing
2014,Pre-Statcast (2014 MVP),2,2,3,0.24844409595561737,3.03192863080465,FC,swinging_strike,Swing
2014,Pre-Statcast (2014 MVP),1,1,3,-0.4286869859459054,3.320268337155401,FF,called_strike,Take (Called Strike)
2014,Pre-Statcast (2014 MVP),5,2,2,0.25455827533683517,2.40232657719863,FC,called_strike,Take (Called Strike)
2014,Pre-Statcast (2014 MVP),3,3,3,0.48709148225825694,3.479613931353426,FC,ball,Take (Called Strike)
2014,Pre-Statcast (2014 MVP),8,2,1,0.04203455534135764,1.9290526800160104,FF,hit_into_play,Swing
2014,Pre-Statcast (2014 MVP),9,3,1,0.6355478848453366,1.8482606842744636,FC,foul,Swing
2014,Pre-Statcast (2014 MVP),4,1,2,-0.5721886513344348,2.334747660259199,CU,foul,Swing
2014,Pre-Statcast (2014 MVP),4,1,2,-0.31648671892853314,2.8600426802900105,FC,foul,Swing
2014,Pre-Statcast (2014 MVP),9,3,1,0.572000450252397,1.8537816851525628,FC,hit_into_play,Swing
2014,Pre-Statcast (2014 MVP),6,3,2,0.7786723602154266,2.2477896609081496,FF,foul,Swing
2014,Pre-Statcast (2014 MVP),7,1,1,-0.3933308010712564,1.6612457798765066,CH,foul,Swing
2014,Pre-Statcast (2014 MVP),9,3,1,0.7172159030723669,2.085166441535681,FF,called_strike,Take (Called Strike)
2014,Pre-Statcast (2014 MVP),7,1,1,-0.3457679902010622,2.0193882696442285,FF,hit_into_play,Swing
2014,Pre-Statcast (2014 MVP),8,2,1,0.02449210408036739,1.530919622295045,FC,swinging_strike,Swing
2014,Pre-Statcast (2014 MVP),5,2,2,-0.01167691428944417,2.491151777779971,FF,called_strike,Take (Called Strike)
2014,Pre-Statcast (2014 MVP),5,2,2,-0.23011774576581803,2.537882331310393,FF,called_strike,Take (Called Strike)
2014,Pre-Statcast (2014 MVP),1,1,3,-0.7710899354056701,3.4470703225978676,FF,ball,Take (Called Strike)
2014,Pre-Statcast (2014 MVP),1,1,3,-0.405174437940472,3.036220756913494,FF,foul,Swing
2014,Pre-Statcast (2014 MVP),6,3,2,0.7367217663522012,2.7543331137877787,FF,foul_tip,Swing
2014,Pre-Statcast (2014 MVP),8,2,1,0.2324130897542563,2.1248931772404185,FF,foul,Swing
2014,Pre-Statcast (2014 MVP),7,1,1,-0.5215337282701747,1.9680067212274872,FF,hit_into_play,Swing
2014,Pre-Statcast (2014 MVP),9,3,1,0.3774353527235515,1.8673320872224757,SL,swinging_strike,Swing
2014,Pre-Statcast (2014 MVP),8,2,1,0.1930184394668688,1.8307759966225785,FF,called_strike,Take (Called Strike)
2014,Pre-Statcast (2014 MVP),1,1,3,-0.7675859348951255,3.024582336545973,FF,called_strike,Take (Called Strike)
2014,Pre-Statcast (2014 MVP),2,2,3,-0.2042064316495137,3.1102201131776264,SI,hit_into_play,Swing
2014,Pre-Statcast (2014 MVP),4,1,2,-0.37330217985569947,2.7013700853305243,KC,called_strike,Take (Called Strike)
2014,Pre-Statcast (2014 MVP),9,3,1,0.744955907658451,1.7225015717933112,KC,ball,Take (Called Strike)
2014,Pre-Statcast (2014 MVP),3,3,3,0.37756766287440663,3.0389410578394176,KC,called_strike,Take (Called Strike)
2014,Pre-Statcast (2014 MVP),7,1,1,-0.5437146852170219,2.2434762946998266,SL,hit_into_play,Swing
2014,Pre-Statcast (2014 MVP),9,3,1,0.35051318413641097,1.93385082463811,KC,called_strike,Take (Called Strike)
2014,Pre-Statcast (2014 MVP),8,2,1,0.00941615711433568,1.978214693069377,FF,hit_into_play,Swing
2014,Pre-Statcast (2014 MVP),4,1,2,-0.42841137441502686,2.879086932704147,FF,called_strike,Take (Called Strike)
2014,Pre-Statcast (2014 MVP),6,3,2,0.4214675890636279,2.618536558665608,CU,hit_into_play,Swing
2014,Pre-Statcast (2014 MVP),6,3,2,0.3110586192913277,2.8865984022214155,FF,called_strike,Take (Called Strike)
2014,Pre-Statcast (2014 MVP),6,3,2,0.569870878892744,2.929090625099562,CU,called_strike,Take (Called Strike)
2014,Pre-Statcast (2014 MVP),6,3,2,0.7452129025385785,2.765788720539895,FF,ball,Take (Called Strike)
2014,Pre-Statcast (2014 MVP),7,1,1,-0.6407101076031858,1.711554559587757,CH,hit_into_play,Swing
2014,Pre-Statcast (2014 MVP),5,2,2,-0.1861802109242936,2.441497180861721,SI,called_strike,Take (Called Strike)
2014,Pre-Statcast (2014 MVP),8,2,1,0.2437698659991344,2.144188190226536,CU,hit_into_play,Swing
2014,Pre-Statcast (2014 MVP),4,1,2,-0.7586682558812754,2.2395726870415587,SI,foul,Swing
2014,Pre-Statcast (2014 MVP),5,2,2,0.21350183224461144,2.420852217910861,FC,hit_into_play,Swing
2014,Pre-Statcast (2014 MVP),5,2,2,-0.2321206022039296,2.504062191445565,CH,called_strike,Take (Called Strike)
2014,Pre-Statcast (2014 MVP),7,1,1,-0.7692730088852399,2.172350606953006,FF,called_strike,Take (Called Strike)
2014,Pre-Statcast (2014 MVP),4,1,2,-0.8057830218045656,2.6959828310650726,FF,swinging_strike,Swing
2014,Pre-Statcast (2014 MVP),2,2,3,-0.01820324042854193,3.00822058980335,FF,foul,Swing
2014,Pre-Statcast (2014 MVP),9,3,1,0.33740634674491576,1.537181861752948,SL,foul,Swing
2014,Pre-Statcast (2014 MVP),4,1,2,-0.638326043118782,2.9247401937810675,FF,called_strike,Take (Called Strike)
2014,Pre-Statcast (2014 MVP),1,1,3,-0.5531477776188503,2.962320772192274,FF,foul,Swing
2014,Pre-Statcast (2014 MVP),1,1,3,-0.7510537967687709,3.369905750472018,FF,foul,Swing
2014,Pre-Statcast (2014 MVP),1,1,3,-0.6624264270572492,2.9898032817033044,CU,foul,Swing
2014,Pre-Statcast (2014 MVP),9,3,1,0.41786168579798055,1.9024064299685164,FF,hit_into_play,Swing
2014,Pre-Statcast (2014 MVP),5,2,2,-0.21333646488556743,2.811130450931166,CU,foul,Swing
2014,Pre-Statcast (2014 MVP),2,2,3,-0.24442797021326113,3.118941324839295,FF,foul,Swing
2014,Pre-Statcast (2014 MVP),8,2,1,0.19140355766478057,2.039069199158378,FF,swinging_strike,Swing
2014,Pre-Statcast (2014 MVP),8,2,1,0.2707317806839828,2.1963610084659875,CU,called_strike,Take (Called Strike)
2014,Pre-Statcast (2014 MVP),5,2,2,-0.22212370937232032,2.448970094544761,FF,hit_into_play,Swing
2014,Pre-Statcast (2014 MVP),2,2,3,0.13894894493374488,3.307612651916594,FF,foul,Swing
2014,Pre-Statcast (2014 MVP),8,2,1,-0.241762356119708,2.08190214137014,SI,foul,Swing
2014,Pre-Statcast (2014 MVP),8,2,1,0.12229562830609836,2.0566390491495783,FF,foul,Swing
2014,Pre-Statcast (2014 MVP),6,3,2,0.3002479189083272,2.564901077901608,FF,foul,Swing
2014,Pre-Statcast (2014 MVP),2,2,3,0.1934923341412335,3.1354494863412152,SL,called_strike,Take (Called Strike)
2014,Pre-Statcast (2014 MVP),6,3,2,0.621578443011437,2.324412815344018,FF,hit_into_play,Swing
2014,Pre-Statcast (2014 MVP),2,2,3,-0.130573056147117,3.1250250547933476,FF,foul,Swing
2014,Pre-Statcast (2014 MVP),5,2,2,0.200479910369795,2.370968760027157,FF,foul,Swing
2014,Pre-Statcast (2014 MVP),9,3,1,0.32266503213087494,2.2660082056494097,FF,called_strike,Take (Called Strike)
2014,Pre-Statcast (2014 MVP),6,3,2,0.44004735998707367,2.706076143354934,FF,called_strike,Take (Called Strike)
2014,Pre-Statcast (2014 MVP),1,1,3,-0.34074676942724735,3.60358743251451,FF,ball,Take (Called Strike)
2014,Pre-Statcast (2014 MVP),4,1,2,-0.5909993181270948,2.694370343104282,FF,hit_into_play,Swing
2014,Pre-Statcast (2014 MVP),8,2,1,-1.830619245013e-5,1.944152559334006,CH,hit_into_play,Swing
2014,Pre-Statcast (2014 MVP),9,3,1,0.6685181897084658,2.130056699475074,FF,hit_into_play,Swing
2014,Pre-Statcast (2014 MVP),4,1,2,-0.8264677394483376,2.3234383559012968,SI,hit_into_play,Swing
2014,Pre-Statcast (2014 MVP),5,2,2,0.18241805911006315,2.565474266097323,SI,foul,Swing
2014,Pre-Statcast (2014 MVP),7,1,1,-0.5941716173433653,2.081906802579609,SI,hit_into_play,Swing
2014,Pre-Statcast (2014 MVP),8,2,1,0.13074496448871997,1.958445260650162,SI,called_strike,Take (Called Strike)
2014,Pre-Statcast (2014 MVP),4,1,2,-0.29801626490224176,2.625044492994687,SI,called_strike,Take (Called Strike)
2014,Pre-Statcast (2014 MVP),9,3,1,0.4882836717347376,1.816160067125408,SL,hit_into_play,Swing
2014,Pre-Statcast (2014 MVP),4,1,2,-0.6172385721975243,2.644007459853447,FF,hit_into_play,Swing
2014,Pre-Statcast (2014 MVP),2,2,3,0.11285937423385171,3.5040455715453263,FF,called_strike,Take (Called Strike)
2014,Pre-Statcast (2014 MVP),7,1,1,-0.31944782242321423,1.6003776410758328,SI,called_strike,Take (Called Strike)
2014,Pre-Statcast (2014 MVP),9,3,1,0.46388673873809994,2.217547499618168,FC,hit_into_play,Swing
2014,Pre-Statcast (2014 MVP),5,2,2,-0.11771226896260534,2.517765856055381,SI,foul,Swing
2014,Pre-Statcast (2014 MVP),1,1,3,-0.42864646641748017,2.9983507130519533,SI,swinging_strike,Swing
2014,Pre-Statcast (2014 MVP),5,2,2,-0.12706408651929313,2.7278722697354776,FC,hit_into_play,Swing
2014,Pre-Statcast (2014 MVP),7,1,1,-0.731419534141101,1.535908134941525,SI,hit_into_play,Swing
2014,Pre-Statcast (2014 MVP),2,2,3,0.1914494312805803,3.0751429435706945,CH,hit_into_play,Swing
2014,Pre-Statcast (2014 MVP),7,1,1,-0.5775281954773592,2.062921123659347,FF,called_strike,Take (Called Strike)
2014,Pre-Statcast (2014 MVP),2,2,3,0.01264150909657413,3.3291838577321906,SI,foul,Swing
2014,Pre-Statcast (2014 MVP),4,1,2,-0.6532233724721643,2.4549798054851513,FF,called_strike,Take (Called Strike)
2014,Pre-Statcast (2014 MVP),7,1,1,-0.48179059651732337,1.751050123893971,CH,hit_into_play,Swing
2014,Pre-Statcast (2014 MVP),4,1,2,-0.5667337263283119,2.3288651507836335,FF,foul,Swing
2014,Pre-Statcast (2014 MVP),9,3,1,0.4119325253162015,2.2053484364920477,FF,foul,Swing
2014,Pre-Statcast (2014 MVP),5,2,2,0.20698068913004253,2.7416914492663853,FF,called_strike,Take (Called Strike)
2014,Pre-Statcast (2014 MVP),1,1,3,-0.46414906401417666,3.015211612525242,FF,hit_into_play,Swing
2014,Pre-Statcast (2014 MVP),2,2,3,0.02334543789504195,3.484758836924415,FF,ball,Take (Called Strike)
2014,Pre-Statcast (2014 MVP),5,2,2,0.1521429318542057,2.8590895876977025,FF,called_strike,Take (Called Strike)
2014,Pre-Statcast (2014 MVP),5,2,2,0.12176888769023098,2.93033697308695,FF,foul_tip,Swing
2014,Pre-Statcast (2014 MVP),1,1,3,-0.6747953805056246,3.1749933796409024,FF,foul,Swing
2014,Pre-Statcast (2014 MVP),6,3,2,0.2872867711677626,2.5315013315369983,FF,called_strike,Take (Called Strike)
2014,Pre-Statcast (2014 MVP),6,3,2,0.6707866048742139,2.7766693855376645,CH,hit_into_play,Swing
2014,Pre-Statcast (2014 MVP),4,1,2,-0.33018119892120423,2.678138511424675,FF,called_strike,Take (Called Strike)
2014,Pre-Statcast (2014 MVP),6,3,2,0.3510260214292391,2.601731728325581,SI,foul,Swing
2014,Pre-Statcast (2014 MVP),5,2,2,0.1813635639328877,2.7330046908552785,SI,foul,Swing
2014,Pre-Statcast (2014 MVP),5,2,2,0.02151462866679043,2.711273000917784,SL,called_strike,Take (Called Strike)
2014,Pre-Statcast (2014 MVP),8,2,1,-0.04665782254643913,1.5368701536361018,SI,hit_into_play,Swing
2014,Pre-Statcast (2014 MVP),5,2,2,-0.07993835513347669,2.768709547562646,SI,foul,Swing
2014,Pre-Statcast (2014 MVP),3,3,3,0.46942972638075386,2.99177594117944,CH,called_strike,Take (Called Strike)
2014,Pre-Statcast (2014 MVP),5,2,2,-0.08836492134550356,2.3688579245794075,SI,called_strike,Take (Called Strike)
2014,Pre-Statcast (2014 MVP),8,2,1,-0.2316693839050562,1.6968765980499336,CU,called_strike,Take (Called Strike)
2014,Pre-Statcast (2014 MVP),7,1,1,-0.6257031474059029,2.064712555911699,SI,ball,Take (Called Strike)
2014,Pre-Statcast (2014 MVP),9,3,1,0.4023424359972979,1.9613913135691008,FC,hit_into_play,Swing
2014,Pre-Statcast (2014 MVP),8,2,1,0.00259133662579102,2.062207559653269,FC,foul,Swing
2014,Pre-Statcast (2014 MVP),5,2,2,0.2612260214773764,2.730437309865452,FC,called_strike,Take (Called Strike)
2014,Pre-Statcast (2014 MVP),2,2,3,-0.0853331382323661,3.7188267415160303,SI,called_strike,Take (Called Strike)
2014,Pre-Statcast (2014 MVP),5,2,2,0.2571858725216718,2.477369520027554,SI,called_strike,Take (Called Strike)
2014,Pre-Statcast (2014 MVP),8,2,1,0.1609516266262725,2.178933353162795,ST,hit_into_play,Swing
2014,Pre-Statcast (2014 MVP),6,3,2,0.4374233854046228,2.8527068214582245,FF,hit_into_play,Swing
2014,Pre-Statcast (2014 MVP),8,2,1,-0.21439214085874464,1.705575303085828,FF,hit_into_play,Swing
2014,Pre-Statcast (2014 MVP),9,3,1,0.38265672035004583,1.5373698599668493,ST,swinging_strike,Swing
2014,Pre-Statcast (2014 MVP),3,3,3,0.8001541552499956,3.093082682773485,SL,swinging_strike,Swing
2014,Pre-Statcast (2014 MVP),6,3,2,0.3776378480967879,2.3707415748443936,SL,called_strike,Take (Called Strike)
2014,Pre-Statcast (2014 MVP),3,3,3,0.5574912151611274,3.656611363958136,FC,ball,Take (Called Strike)
2014,Pre-Statcast (2014 MVP),6,3,2,0.4521504385346332,2.3127655152261193,CU,foul,Swing
2014,Pre-Statcast (2014 MVP),9,3,1,0.7110442871061662,1.5986702274661608,CU,foul,Swing
2014,Pre-Statcast (2014 MVP),5,2,2,-0.19469041380894217,2.846204938939966,FF,foul_tip,Swing
2014,Pre-Statcast (2014 MVP),2,2,3,0.24462380347035811,3.231213344739735,FF,foul,Swing
2014,Pre-Statcast (2014 MVP),6,3,2,0.6000334100876336,2.4845204661424742,KC,called_strike,Take (Called Strike)
2014,Pre-Statcast (2014 MVP),2,2,3,-0.22573519951994817,3.066712118892462,FF,foul,Swing
2014,Pre-Statcast (2014 MVP),7,1,1,-0.5105398130501042,1.7920106376622624,SI,hit_into_play,Swing
2014,Pre-Statcast (2014 MVP),5,2,2,-0.05300739554843603,2.5748958431960833,SI,called_strike,Take (Called Strike)
2014,Pre-Statcast (2014 MVP),1,1,3,-0.28232995141994643,3.534469256518354,FF,foul,Swing
2014,Pre-Statcast (2014 MVP),2,2,3,-0.03256694389714321,3.332339182130799,SI,swinging_strike,Swing
2014,Pre-Statcast (2014 MVP),6,3,2,0.7467289793069877,2.6464719099566074,KC,called_strike,Take (Called Strike)
2014,Pre-Statcast (2014 MVP),1,1,3,-0.7046470491867769,3.2229791898797293,FF,foul,Swing
2014,Pre-Statcast (2014 MVP),4,1,2,-0.6210979276350843,2.370834443032986,FF,called_strike,Take (Called Strike)
2014,Pre-Statcast (2014 MVP),4,1,2,-0.29567484608412786,2.6868070882226167,CU,called_strike,Take (Called Strike)
2014,Pre-Statcast (2014 MVP),5,2,2,-0.1503398922216052,2.76717935541117,SL,called_strike,Take (Called Strike)
2014,Pre-Statcast (2014 MVP),1,1,3,-0.772438261861212,3.2042461231635917,SL,ball,Take (Called Strike)
2014,Pre-Statcast (2014 MVP),7,1,1,-0.7504047977718951,1.9033531088225504,SL,called_strike,Take (Called Strike)
2014,Pre-Statcast (2014 MVP),9,3,1,0.7100714251044259,1.754000582254346,SI,hit_into_play,Swing
2014,Pre-Statcast (2014 MVP),4,1,2,-0.5656546587823207,2.4954956855300523,SL,foul,Swing
2014,Pre-Statcast (2014 MVP),8,2,1,0.13783709736960204,1.8450964656135664,FC,foul,Swing
2014,Pre-Statcast (2014 MVP),4,1,2,-0.3406669000300748,2.4519106754924556,SI,hit_into_play,Swing
2014,Pre-Statcast (2014 MVP),4,1,2,-0.6633204663056576,2.80384688687788,FF,hit_into_play,Swing
2014,Pre-Statcast (2014 MVP),8,2,1,-0.10485611556364194,2.1672759952913654,SI,called_strike,Take (Called Strike)
2014,Pre-Statcast (2014 MVP),3,3,3,0.6961871291753363,3.174617335997049,SI,ball,Take (Called Strike)
2014,Pre-Statcast (2014 MVP),2,2,3,0.13285437131068314,3.740196698274768,FF,ball,Take (Called Strike)
2014,Pre-Statcast (2014 MVP),8,2,1,0.2237908669613932,2.193816378660317,FF,foul,Swing
2014,Pre-Statcast (2014 MVP),8,2,1,0.05187046602701728,2.063532647509745,FF,foul_tip,Swing
2014,Pre-Statcast (2014 MVP),3,3,3,0.3482804805015609,3.4030835537977993,SI,foul,Swing
2014,Pre-Statcast (2014 MVP),6,3,2,0.6557642762040755,2.9519867513973135,FF,foul,Swing
2014,Pre-Statcast (2014 MVP),8,2,1,-0.14613647648952566,1.7211315800883145,SI,called_strike,Take (Called Strike)
2014,Pre-Statcast (2014 MVP),5,2,2,-0.1740517839070188,2.9110261348539206,SI,foul,Swing
2014,Pre-Statcast (2014 MVP),7,1,1,-0.5629606663397547,1.7681472116333194,SI,called_strike,Take (Called Strike)
2014,Pre-Statcast (2014 MVP),6,3,2,0.6271404746389477,2.7375851557312605,CH,called_strike,Take (Called Strike)
2014,Pre-Statcast (2014 MVP),5,2,2,0.16566088810110546,2.6534008658123613,SL,hit_into_play,Swing
2014,Pre-Statcast (2014 MVP),9,3,1,0.45623820553497585,1.772155445550449,CH,swinging_strike,Swing
2014,Pre-Statcast (2014 MVP),7,1,1,-0.27868757987509835,2.1045915407670064,FF,hit_into_play,Swing
2014,Pre-Statcast (2014 MVP),7,1,1,-0.6660886776970791,1.9762918181044855,FF,foul,Swing
2014,Pre-Statcast (2014 MVP),5,2,2,0.110992121483646,2.650702008118531,SI,foul,Swing
2014,Pre-Statcast (2014 MVP),9,3,1,0.8095675009792911,1.9870059349214215,SL,swinging_strike,Swing
2014,Pre-Statcast (2014 MVP),5,2,2,-0.09066262000681712,2.470052489525953,FF,foul,Swing
2014,Pre-Statcast (2014 MVP),8,2,1,0.24241188361737057,2.140872906920831,FF,foul,Swing
2014,Pre-Statcast (2014 MVP),8,2,1,0.08742633934066013,1.9914963536738977,SL,hit_into_play,Swing
2014,Pre-Statcast (2014 MVP),5,2,2,-0.04832811276265958,2.29552798006116,FF,swinging_strike,Swing
2014,Pre-Statcast (2014 MVP),9,3,1,0.537283903472424,1.817423308568887,FF,hit_into_play,Swing
2014,Pre-Statcast (2014 MVP),7,1,1,-0.2872739648943287,1.5943984458134812,FF,ball,Take (Called Strike)
2014,Pre-Statcast (2014 MVP),8,2,1,-0.26430795312557276,1.9085308206419636,CH,hit_into_play,Swing
2014,Pre-Statcast (2014 MVP),6,3,2,0.4594787568245231,3.0180099770279556,SI,called_strike,Take (Called Strike)
2014,Pre-Statcast (2014 MVP),8,2,1,-0.12386782841260312,2.2091330709951955,FF,foul,Swing
2014,Pre-Statcast (2014 MVP),9,3,1,0.4750160888045638,1.823351379553392,FF,called_strike,Take (Called Strike)
2014,Pre-Statcast (2014 MVP),9,3,1,0.5965608547100976,1.8473334118478937,CH,ball,Take (Called Strike)
2014,Pre-Statcast (2014 MVP),7,1,1,-0.3786602162691799,1.6159098487137913,FF,hit_into_play,Swing
2014,Pre-Statcast (2014 MVP),5,2,2,-0.1433741182354653,2.4733650962560976,CH,hit_into_play,Swing
2014,Pre-Statcast (2014 MVP),6,3,2,0.5830126292974731,2.4440794474070855,CH,called_strike,Take (Called Strike)
2014,Pre-Statcast (2014 MVP),4,1,2,-0.5535743616178631,2.4832725859514837,FF,foul,Swing
2014,Pre-Statcast (2014 MVP),8,2,1,-0.01117753149271072,2.2298024082024495,KC,called_strike,Take (Called Strike)
2014,Pre-Statcast (2014 MVP),9,3,1,0.7070114164839635,1.950495886792695,KC,called_strike,Take (Called Strike)
2014,Pre-Statcast (2014 MVP),4,1,2,-0.6409917594269721,2.812502609988836,SI,called_strike,Take (Called Strike)
2014,Pre-Statcast (2014 MVP),9,3,1,0.6182373450874653,1.8206204174117844,FF,called_strike,Take (Called Strike)
2014,Pre-Statcast (2014 MVP),5,2,2,0.04373968537029082,2.6328215574315657,FF,swinging_strike,Swing
2014,Pre-Statcast (2014 MVP),8,2,1,0.12160830292001418,1.8190349174743328,SL,foul,Swing
2014,Pre-Statcast (2014 MVP),8,2,1,-0.00510628442159533,2.1794797525840535,FF,called_strike,Take (Called Strike)
2014,Pre-Statcast (2014 MVP),9,3,1,0.27858033797375054,2.1035312401949033,FC,hit_into_play,Swing
2014,Pre-Statcast (2014 MVP),5,2,2,0.27387079006224146,2.6456751887291636,SI,called_strike,Take (Called Strike)
2014,Pre-Statcast (2014 MVP),2,2,3,0.17193379484247573,2.98493965587304,SI,called_strike,Take (Called Strike)
2014,Pre-Statcast (2014 MVP),5,2,2,-0.24119824155990133,2.700995452137572,SI,hit_into_play,Swing
2014,Pre-Statcast (2014 MVP),7,1,1,-0.41292899340381695,2.0511318248419643,CH,hit_into_play,Swing
2014,Pre-Statcast (2014 MVP),1,1,3,-0.33947394347784177,2.956179435369381,FF,foul,Swing
2014,Pre-Statcast (2014 MVP),9,3,1,0.32345418325775954,1.8692571209694555,FF,foul,Swing
2014,Pre-Statcast (2014 MVP),1,1,3,-0.4630833783969502,2.9796653024478217,FF,foul,Swing
2014,Pre-Statcast (2014 MVP),4,1,2,-0.7877053053857326,2.9851901969455024,FF,called_strike,Take (Called Strike)
2014,Pre-Statcast (2014 MVP),4,1,2,-0.49507359060109346,2.4579255108801137,SL,called_strike,Take (Called Strike)
2014,Pre-Statcast (2014 MVP),9,3,1,0.3246664048206225,1.7615152111615158,SI,hit_into_play,Swing
2014,Pre-Statcast (2014 MVP),5,2,2,-0.01754831618894925,2.735586345137924,CU,hit_into_play,Swing
2014,Pre-Statcast (2014 MVP),2,2,3,-0.21032594485327105,2.982270197264019,SI,foul,Swing
2014,Pre-Statcast (2014 MVP),2,2,3,0.19807390200940103,3.147134034503325,FF,foul,Swing
2014,Pre-Statcast (2014 MVP),4,1,2,-0.6947245986559802,2.567977010898713,SI,foul,Swing
2014,Pre-Statcast (2014 MVP),5,2,2,0.16327285530716326,2.2667142030592493,FF,foul,Swing
2014,Pre-Statcast (2014 MVP),5,2,2,-0.00190005109255875,2.7714429179960285,SI,foul,Swing
2014,Pre-Statcast (2014 MVP),2,2,3,0.18027818592139505,3.660902789146684,FF,ball,Take (Called Strike)
2014,Pre-Statcast (2014 MVP),5,2,2,-0.1746631565561836,2.541366190253596,SI,hit_into_play,Swing
2014,Pre-Statcast (2014 MVP),3,3,3,0.6527648647154998,3.3588686344246645,FF,called_strike,Take (Called Strike)
2014,Pre-Statcast (2014 MVP),9,3,1,0.5716930199613208,1.8574133040528416,SI,hit_into_play,Swing
2014,Pre-Statcast (2014 MVP),9,3,1,0.779707601733824,2.024474198638869,SI,foul,Swing
2014,Pre-Statcast (2014 MVP),5,2,2,-0.2689923217932033,2.7652307293296836,SI,called_strike,Take (Called Strike)
2014,Pre-Statcast (2014 MVP),6,3,2,0.5684535947137388,2.416100288481018,CH,hit_into_play,Swing
2014,Pre-Statcast (2014 MVP),2,2,3,-0.04972249288028374,3.152938371147729,FC,called_strike,Take (Called Strike)
2014,Pre-Statcast (2014 MVP),5,2,2,0.00106889040442714,2.9466890799218506,FF,called_strike,Take (Called Strike)
2014,Pre-Statcast (2014 MVP),7,1,1,-0.4689329388953922,1.7632873950644157,FF,foul,Swing
2014,Pre-Statcast (2014 MVP),7,1,1,-0.772593853009554,1.7076608528236816,SL,foul,Swing
2014,Pre-Statcast (2014 MVP),2,2,3,-0.20831290388739476,3.3269920193768865,FC,called_strike,Take (Called Strike)
2014,Pre-Statcast (2014 MVP),9,3,1,0.704030217012205,2.183123923868524,FF,called_strike,Take (Called Strike)
2014,Pre-Statcast (2014 MVP),8,2,1,0.08612447226967701,1.785996913564615,FF,hit_into_play,Swing
2014,Pre-Statcast (2014 MVP),8,2,1,0.12450687696493526,1.8577659677654124,KC,called_strike,Take (Called Strike)
2014,Pre-Statcast (2014 MVP),1,1,3,-0.7315761258189426,3.1678728702769425,FC,swinging_strike,Swing
2014,Pre-Statcast (2014 MVP),6,3,2,0.3134331974663431,2.3619775219945445,FF,foul,Swing
2014,Pre-Statcast (2014 MVP),1,1,3,-0.582876610987846,3.2791507008239424,FF,swinging_strike,Swing
2014,Pre-Statcast (2014 MVP),5,2,2,0.07891487854013324,2.9207006528066177,SI,hit_into_play,Swing
2014,Pre-Statcast (2014 MVP),4,1,2,-0.6086571510475058,2.5672004367302943,SI,called_strike,Take (Called Strike)
2014,Pre-Statcast (2014 MVP),4,1,2,-0.8287049745984478,2.263382147788622,SI,foul,Swing
2014,Pre-Statcast (2014 MVP),4,1,2,-0.3061721949303411,2.5519959826636827,FF,foul,Swing
2014,Pre-Statcast (2014 MVP),9,3,1,0.3239352043010366,1.5487977359274296,FF,called_strike,Take (Called Strike)
2014,Pre-Statcast (2014 MVP),6,3,2,0.44449590997049426,2.9406317792738164,SL,called_strike,Take (Called Strike)
2014,Pre-Statcast (2014 MVP),9,3,1,0.7137594149535842,2.120593215949989,FF,called_strike,Take (Called Strike)
2014,Pre-Statcast (2014 MVP),6,3,2,0.803102953368761,2.406188508055932,FF,swinging_strike,Swing
2014,Pre-Statcast (2014 MVP),4,1,2,-0.3602163965227998,2.295972954163762,SI,hit_into_play,Swing
2014,Pre-Statcast (2014 MVP),6,3,2,0.7053795503917699,2.7022803405254923,FF,foul,Swing
2014,Pre-Statcast (2014 MVP),1,1,3,-0.638076350903465,3.0123787899818213,SI,swinging_strike,Swing
2014,Pre-Statcast (2014 MVP),7,1,1,-0.5724271927421687,2.110418427986585,SI,called_strike,Take (Called Strike)
2014,Pre-Statcast (2014 MVP),9,3,1,0.5863444192025824,1.62734638473793,SL,ball,Take (Called Strike)
2014,Pre-Statcast (2014 MVP),6,3,2,0.4046986948966808,2.386311081888454,FF,called_strike,Take (Called Strike)
2014,Pre-Statcast (2014 MVP),8,2,1,0.20170422785979017,1.7627013844009158,SI,hit_into_play,Swing
2014,Pre-Statcast (2014 MVP),2,2,3,-0.05371934277492929,3.4964448803809085,SL,called_strike,Take (Called Strike)
2014,Pre-Statcast (2014 MVP),8,2,1,-0.02760512926296854,1.8815106714672605,FF,called_strike,Take (Called Strike)
2014,Pre-Statcast (2014 MVP),3,3,3,0.34747818189027124,3.466809065602694,FF,swinging_strike,Swing
2014,Pre-Statcast (2014 MVP),8,2,1,-0.23679325392860873,1.6352071198722893,CU,called_strike,Take (Called Strike)
2014,Pre-Statcast (2014 MVP),4,1,2,-0.5267276593320325,2.4692477653063225,CH,called_strike,Take (Called Strike)
2014,Pre-Statcast (2014 MVP),8,2,1,-0.01495587533481882,2.082223453471926,CH,hit_into_play,Swing
2014,Pre-Statcast (2014 MVP),5,2,2,-0.2248242530293002,2.401342778758435,CU,called_strike,Take (Called Strike)
2014,Pre-Statcast (2014 MVP),4,1,2,-0.28845166045840864,2.5055285455603022,FF,called_strike,Take (Called Strike)
2014,Pre-Statcast (2014 MVP),2,2,3,0.02376732137974002,3.0536282352134703,CH,foul,Swing
2014,Pre-Statcast (2014 MVP),7,1,1,-0.8049479468588849,2.1149787708760113,CH,hit_into_play,Swing
2014,Pre-Statcast (2014 MVP),3,3,3,0.2882985413244872,3.3806893178470876,SI,called_strike,Take (Called Strike)
2014,Pre-Statcast (2014 MVP),5,2,2,0.2415869509808359,2.1499858274697226,CH,called_strike,Take (Called Strike)
2014,Pre-Statcast (2014 MVP),6,3,2,0.47519093867337514,2.6218697855369104,SI,called_strike,Take (Called Strike)
2014,Pre-Statcast (2014 MVP),8,2,1,-0.15151722286609792,2.0597725386217847,SI,hit_into_play,Swing
2014,Pre-Statcast (2014 MVP),4,1,2,-0.7266055732775316,2.7556016254884734,FF,foul,Swing
2014,Pre-Statcast (2014 MVP),5,2,2,0.02911787212286332,2.543625104327659,SI,hit_into_play,Swing
2014,Pre-Statcast (2014 MVP),6,3,2,0.5209784860478888,2.8221839948916374,FF,foul,Swing
2014,Pre-Statcast (2014 MVP),5,2,2,0.21909599306341915,2.5082610581596025,FF,called_strike,Take (Called Strike)
2014,Pre-Statcast (2014 MVP),6,3,2,0.6661516956497671,2.39799527140541,SI,ball,Take (Called Strike)
2014,Pre-Statcast (2014 MVP),3,3,3,0.4136196407283777,3.4276174236141523,SI,foul,Swing
2014,Pre-Statcast (2014 MVP),3,3,3,0.3867456711182461,3.5477312681286333,FF,ball,Take (Called Strike)
2014,Pre-Statcast (2014 MVP),7,1,1,-0.795763319617435,2.0502694034221496,SL,foul,Swing
2014,Pre-Statcast (2014 MVP),7,1,1,-0.4277640954212446,2.048939057175968,CU,called_strike,Take (Called Strike)
2014,Pre-Statcast (2014 MVP),9,3,1,0.6244124340091624,1.621740613627919,CH,hit_into_play,Swing
2014,Pre-Statcast (2014 MVP),4,1,2,-0.3627929413693678,2.4719796694469585,CH,called_strike,Take (Called Strike)
2014,Pre-Statcast (2014 MVP),1,1,3,-0.4938184472077102,3.3679115549796816,FF,swinging_strike,Swing
2014,Pre-Statcast (2014 MVP),5,2,2,-0.16122784165382154,2.4499803385528742,CH,called_strike,Take (Called Strike)
2014,Pre-Statcast (2014 MVP),5,2,2,-0.112664568243953,2.648824908061245,SI,hit_into_play,Swing
2014,Pre-Statcast (2014 MVP),9,3,1,0.7281779258823484,1.902376082501328,SI,called_strike,Take (Called Strike)
2014,Pre-Statcast (2014 MVP),9,3,1,0.6909395454026637,2.101273896562647,SI,hit_into_play,Swing
2014,Pre-Statcast (2014 MVP),4,1,2,-0.6465875029551578,2.5886561963822117,FF,called_strike,Take (Called Strike)
2014,Pre-Statcast (2014 MVP),9,3,1,0.6277438575688767,2.0501446100668845,SI,foul,Swing
2014,Pre-Statcast (2014 MVP),4,1,2,-0.5591843348452671,3.0102744105637376,FF,called_strike,Take (Called Strike)
2014,Pre-Statcast (2014 MVP),6,3,2,0.799690474324714,2.2825240664889943,CH,hit_into_play,Swing
2014,Pre-Statcast (2014 MVP),7,1,1,-0.5572818575364259,1.802334765108112,CU,called_strike,Take (Called Strike)
2014,Pre-Statcast (2014 MVP),5,2,2,0.22899191839333133,2.5124685082180047,SL,hit_into_play,Swing
2014,Pre-Statcast (2014 MVP),9,3,1,0.3324243430373383,1.8722528357192176,FF,called_strike,Take (Called Strike)
2014,Pre-Statcast (2014 MVP),6,3,2,0.6027924779905298,2.836569764073292,SI,hit_into_play,Swing
2014,Pre-Statcast (2014 MVP),3,3,3,0.3925785346968051,3.144245853291263,FF,swinging_strike,Swing
2014,Pre-Statcast (2014 MVP),3,3,3,0.41902044051860377,3.055441881682632,SL,called_strike,Take (Called Strike)
2014,Pre-Statcast (2014 MVP),8,2,1,0.23326359493451249,1.9305732870021617,SL,called_strike,Take (Called Strike)
2014,Pre-Statcast (2014 MVP),5,2,2,0.11806840986249556,2.6763786117651542,FF,foul,Swing
2014,Pre-Statcast (2014 MVP),7,1,1,-0.30936127296192695,2.1731069403873873,FF,swinging_strike,Swing
2014,Pre-Statcast (2014 MVP),5,2,2,0.05077206510195864,2.574612336372378,FF,foul,Swing
2014,Pre-Statcast (2014 MVP),2,2,3,0.01899589067828711,3.747240991834582,FF,ball,Take (Called Strike)
2014,Pre-Statcast (2014 MVP),2,2,3,-0.06254893861960933,3.052795557410053,FC,swinging_strike,Swing
2014,Pre-Statcast (2014 MVP),1,1,3,-0.6991758784574954,3.0059096863302845,FF,foul,Swing
2014,Pre-Statcast (2014 MVP),9,3,1,0.41464838481828936,1.5703935348404956,FC,foul,Swing
2014,Pre-Statcast (2014 MVP),1,1,3,-0.535569483231355,3.152981274761819,FF,foul,Swing
2014,Pre-Statcast (2014 MVP),6,3,2,0.7500710808214583,2.930733484016825,FF,swinging_strike,Swing
2014,Pre-Statcast (2014 MVP),1,1,3,-0.5862849670662157,2.953797026288901,CH,called_strike,Take (Called Strike)
2014,Pre-Statcast (2014 MVP),2,2,3,0.22008681867445068,3.4429344079445703,FF,foul,Swing
2014,Pre-Statcast (2014 MVP),9,3,1,0.6593426853185517,1.981652951849891,FF,called_strike,Take (Called Strike)
2014,Pre-Statcast (2014 MVP),6,3,2,0.39132687962502577,2.3257919845630584,FF,hit_into_play,Swing
2014,Pre-Statcast (2014 MVP),5,2,2,0.24005943019971152,2.4487982381528832,FF,called_strike,Take (Called Strike)
2014,Pre-Statcast (2014 MVP),8,2,1,0.08417495146658527,2.0271243386251543,FF,called_strike,Take (Called Strike)
2014,Pre-Statcast (2014 MVP),9,3,1,0.4609710285299169,2.0720485611365183,SI,called_strike,Take (Called Strike)
2014,Pre-Statcast (2014 MVP),9,3,1,0.4106889723332814,2.016810370982954,FF,ball,Take (Called Strike)
2014,Pre-Statcast (2014 MVP),7,1,1,-0.5850207273387775,1.6344394934385291,SL,foul,Swing
2014,Pre-Statcast (2014 MVP),8,2,1,-0.17671451708452812,2.1727960393079533,CU,called_strike,Take (Called Strike)
2014,Pre-Statcast (2014 MVP),7,1,1,-0.7376850291739476,1.9387909070155576,SI,hit_into_play,Swing
2014,Pre-Statcast (2014 MVP),4,1,2,-0.4753336220221402,2.7097456176361985,SL,called_strike,Take (Called Strike)
2014,Pre-Statcast (2014 MVP),5,2,2,0.03570218609136161,2.4180784251942296,SL,called_strike,Take (Called Strike)
2014,Pre-Statcast (2014 MVP),4,1,2,-0.5548686547033779,2.456890744735655,SI,hit_into_play,Swing
2014,Pre-Statcast (2014 MVP),8,2,1,-0.02969428610094818,2.0796164908339865,SL,called_strike,Take (Called Strike)
2014,Pre-Statcast (2014 MVP),1,1,3,-0.7132201248421493,3.437236095360015,FF,foul_tip,Swing
2014,Pre-Statcast (2014 MVP),6,3,2,0.4010909890359464,2.35149319531557,SI,foul,Swing
2014,Pre-Statcast (2014 MVP),4,1,2,-0.5962106423706387,2.878763616568728,FF,foul,Swing
2014,Pre-Statcast (2014 MVP),5,2,2,-0.22468042186605144,2.5706189331632108,FF,foul,Swing
2014,Pre-Statcast (2014 MVP),6,3,2,0.3653563518316413,2.353820645577609,FF,called_strike,Take (Called Strike)
2014,Pre-Statcast (2014 MVP),9,3,1,0.3845266703478011,2.1578472585442325,FF,swinging_strike,Swing
2014,Pre-Statcast (2014 MVP),7,1,1,-0.3481867483178054,1.8863672939318068,CH,foul,Swing
2014,Pre-Statcast (2014 MVP),1,1,3,-0.6664296477168561,3.2462789475019234,FF,foul_tip,Swing
2014,Pre-Statcast (2014 MVP),1,1,3,-0.39746432243730384,3.502028656619524,FF,ball,Take (Called Strike)
2014,Pre-Statcast (2014 MVP),5,2,2,0.10109950293807524,2.6248466146085296,SL,hit_into_play,Swing
2014,Pre-Statcast (2014 MVP),1,1,3,-0.5967978664087696,3.1191170458714117,SL,foul_tip,Swing
2014,Pre-Statcast (2014 MVP),8,2,1,0.1981735180807672,2.187941035720395,SL,called_strike,Take (Called Strike)
2014,Pre-Statcast (2014 MVP),3,3,3,0.29294859661792894,3.0105038664190644,FF,hit_into_play,Swing
2014,Pre-Statcast (2014 MVP),3,3,3,0.6132032375807513,3.062035323446832,SL,called_strike,Take (Called Strike)
2014,Pre-Statcast (2014 MVP),5,2,2,-0.23849022039594364,2.83900168356541,FF,hit_into_play,Swing
2014,Pre-Statcast (2014 MVP),5,2,2,-0.0494001672579954,2.760970407453932,SL,called_strike,Take (Called Strike)
2014,Pre-Statcast (2014 MVP),7,1,1,-0.6331275568025441,1.6184022637211504,CU,hit_into_play,Swing
2014,Pre-Statcast (2014 MVP),1,1,3,-0.8019671391822134,3.1681296744267313,FF,swinging_strike,Swing
2014,Pre-Statcast (2014 MVP),1,1,3,-0.3064896517211311,2.9854569517397396,CU,called_strike,Take (Called Strike)
2014,Pre-Statcast (2014 MVP),1,1,3,-0.5957838806726719,3.4562107307768635,FF,ball,Take (Called Strike)
2014,Pre-Statcast (2014 MVP),1,1,3,-0.42492682715480234,3.3440009781635567,FF,called_strike,Take (Called Strike)
2014,Pre-Statcast (2014 MVP),8,2,1,0.1386133028444676,1.7927161002135277,FF,hit_into_play,Swing
2014,Pre-Statcast (2014 MVP),5,2,2,0.21714939556604196,2.5337869472614103,CH,called_strike,Take (Called Strike)
2014,Pre-Statcast (2014 MVP),4,1,2,-0.28653061522987944,2.2812844213049015,SI,foul,Swing
2014,Pre-Statcast (2014 MVP),4,1,2,-0.7434753322542544,2.620905394426721,SI,foul,Swing
2014,Pre-Statcast (2014 MVP),5,2,2,-0.03890779267699995,2.3712315470361327,FS,foul,Swing
2014,Pre-Statcast (2014 MVP),6,3,2,0.4180191608980337,2.8059770769426176,FS,called_strike,Take (Called Strike)
2014,Pre-Statcast (2014 MVP),8,2,1,-0.2665948072106219,1.8477349150744289,SI,called_strike,Take (Called Strike)
2014,Pre-Statcast (2014 MVP),6,3,2,0.5498667807452223,2.3458831062683325,FS,hit_into_play,Swing
2014,Pre-Statcast (2014 MVP),9,3,1,0.8268829813191096,1.862057461785508,SI,called_strike,Take (Called Strike)
2014,Pre-Statcast (2014 MVP),1,1,3,-0.6886428152896431,2.998417729380938,SI,hit_into_play,Swing
2014,Pre-Statcast (2014 MVP),7,1,1,-0.27773618874164985,2.041265804673017,SI,foul,Swing
2014,Pre-Statcast (2014 MVP),2,2,3,0.035785470690051,3.341031190140269,SL,called_strike,Take (Called Strike)
2014,Pre-Statcast (2014 MVP),9,3,1,0.5599392044831377,2.050468054065963,SL,hit_into_play,Swing
2014,Pre-Statcast (2014 MVP),9,3,1,0.5620722490718145,1.9544653311431603,SL,foul,Swing
2014,Pre-Statcast (2014 MVP),2,2,3,-0.19857433123844423,3.5672080648415676,SI,ball,Take (Called Strike)
2014,Pre-Statcast (2014 MVP),9,3,1,0.8266269752562292,1.8615046611635389,SI,called_strike,Take (Called Strike)
2014,Pre-Statcast (2014 MVP),2,2,3,-0.14028225039560893,3.5560367236721,FF,ball,Take (Called Strike)
2014,Pre-Statcast (2014 MVP),7,1,1,-0.3350946871284879,1.8599048520185073,SI,foul,Swing
2014,Pre-Statcast (2014 MVP),9,3,1,0.764048662830445,1.6596233505514149,FF,ball,Take (Called Strike)
2014,Pre-Statcast (2014 MVP),6,3,2,0.5036563167066304,2.3620706802668283,ST,swinging_strike,Swing
2014,Pre-Statcast (2014 MVP),5,2,2,0.22038663863426217,2.362377483262035,FF,foul,Swing
2014,Pre-Statcast (2014 MVP),1,1,3,-0.4703078458387661,3.5279010732456504,FF,ball,Take (Called Strike)
2014,Pre-Statcast (2014 MVP),5,2,2,0.05204149260812862,2.662969202336082,FF,called_strike,Take (Called Strike)
2014,Pre-Statcast (2014 MVP),7,1,1,-0.708596768434865,2.007234963034834,FF,hit_into_play,Swing
2014,Pre-Statcast (2014 MVP),7,1,1,-0.37403495669568426,2.046386639942076,FF,foul,Swing
2014,Pre-Statcast (2014 MVP),5,2,2,0.11572137584752296,2.267850195470392,FF,foul,Swing
2014,Pre-Statcast (2014 MVP),6,3,2,0.3902399108228545,2.657204484685889,SI,called_strike,Take (Called Strike)
2014,Pre-Statcast (2014 MVP),7,1,1,-0.6251169941210277,1.7392515139088784,FF,called_strike,Take (Called Strike)
2014,Pre-Statcast (2014 MVP),4,1,2,-0.36932645968944144,2.613516095686089,FF,foul,Swing
2014,Pre-Statcast (2014 MVP),4,1,2,-0.4717191203422248,2.652165284788161,FF,foul,Swing
2014,Pre-Statcast (2014 MVP),6,3,2,0.5102446336399997,2.2675673641496576,FF,called_strike,Take (Called Strike)
2014,Pre-Statcast (2014 MVP),5,2,2,0.27501443294534156,2.6845108970829163,SL,called_strike,Take (Called Strike)
2014,Pre-Statcast (2014 MVP),5,2,2,-0.02039256452486493,2.4531101324616005,FF,foul,Swing
2014,Pre-Statcast (2014 MVP),1,1,3,-0.3222380324290969,3.4036045628005716,FF,foul,Swing
2014,Pre-Statcast (2014 MVP),2,2,3,-0.2685967184922369,3.0579673670227203,FF,swinging_strike,Swing
2014,Pre-Statcast (2014 MVP),2,2,3,-0.264877006547976,3.1635245010679003,FF,foul,Swing
2014,Pre-Statcast (2014 MVP),3,3,3,0.5409585330340705,3.1617348092183337,FF,called_strike,Take (Called Strike)
2014,Pre-Statcast (2014 MVP),6,3,2,0.4864299124992837,2.954181597448142,FF,swinging_strike,Swing
2014,Pre-Statcast (2014 MVP),5,2,2,0.02367717555134069,2.320735033353525,SL,called_strike,Take (Called Strike)
2014,Pre-Statcast (2014 MVP),5,2,2,0.20001582841728505,2.3855632863398597,FF,called_strike,Take (Called Strike)
2014,Pre-Statcast (2014 MVP),3,3,3,0.4234508518660349,3.597646884080717,FF,swinging_strike,Swing
2014,Pre-Statcast (2014 MVP),1,1,3,-0.410154096452518,3.2306120374448692,FF,foul,Swing
2014,Pre-Statcast (2014 MVP),5,2,2,-0.25920864184139336,2.7180189235613064,FF,foul,Swing
2014,Pre-Statcast (2014 MVP),4,1,2,-0.7684619014399021,2.457163956917636,FF,hit_into_play,Swing
2014,Pre-Statcast (2014 MVP),3,3,3,0.34745579050372505,3.5173047819262546,FC,ball,Take (Called Strike)
2014,Pre-Statcast (2014 MVP),1,1,3,-0.2858658570789912,3.1560029390270574,FF,swinging_strike,Swing
2014,Pre-Statcast (2014 MVP),9,3,1,0.5035748921267283,2.0934192213148224,FF,called_strike,Take (Called Strike)
2014,Pre-Statcast (2014 MVP),8,2,1,-0.19117522674947304,2.085028721021914,FC,called_strike,Take (Called Strike)
2014,Pre-Statcast (2014 MVP),9,3,1,0.8205016278795202,1.6947178577713498,CH,hit_into_play,Swing
2014,Pre-Statcast (2014 MVP),1,1,3,-0.6754172685830557,3.4450055363176553,FF,ball,Take (Called Strike)
2014,Pre-Statcast (2014 MVP),5,2,2,0.05711304030667086,2.3778307983004283,FF,called_strike,Take (Called Strike)
2014,Pre-Statcast (2014 MVP),1,1,3,-0.624101242014127,3.308468446723799,FF,foul,Swing
2014,Pre-Statcast (2014 MVP),5,2,2,-0.08777963711203896,2.6335941821859463,SI,foul,Swing
2014,Pre-Statcast (2014 MVP),9,3,1,0.7386390007351992,1.6905218829825426,SL,called_strike,Take (Called Strike)
2014,Pre-Statcast (2014 MVP),7,1,1,-0.39257691344859247,1.930365118632531,CU,called_strike,Take (Called Strike)
2014,Pre-Statcast (2014 MVP),6,3,2,0.4645808960520159,2.53869348568883,FF,called_strike,Take (Called Strike)
2014,Pre-Statcast (2014 MVP),4,1,2,-0.4486506563125541,2.8250341377645496,FF,foul,Swing
2014,Pre-Statcast (2014 MVP),5,2,2,0.01203817030108112,2.8384494062210415,FF,foul,Swing
2014,Pre-Statcast (2014 MVP),7,1,1,-0.3308693874614408,1.883715895908766,SI,foul,Swing
2014,Pre-Statcast (2014 MVP),2,2,3,0.13104714427766662,3.0860952383598437,SI,foul,Swing
2014,Pre-Statcast (2014 MVP),3,3,3,0.5794550452304376,3.0169530891351255,SI,foul,Swing
2014,Pre-Statcast (2014 MVP),8,2,1,-0.10658167236605665,1.5458649212502509,SI,called_strike,Take (Called Strike)
2014,Pre-Statcast (2014 MVP),2,2,3,-0.2231861712588609,3.09727190141725,FF,foul,Swing
2014,Pre-Statcast (2014 MVP),5,2,2,-0.19435966580315145,2.3771468929459045,SI,swinging_strike,Swing
2014,Pre-Statcast (2014 MVP),1,1,3,-0.4212306471943216,3.0495090660571673,FF,foul,Swing
2014,Pre-Statcast (2014 MVP),6,3,2,0.29863308152051204,2.6830670150455225,SI,called_strike,Take (Called Strike)
2014,Pre-Statcast (2014 MVP),6,3,2,0.3614424798919389,2.4515031460004773,FF,hit_into_play,Swing
2014,Pre-Statcast (2014 MVP),5,2,2,-0.2516245586993773,2.4095165883499723,SI,foul,Swing
2014,Pre-Statcast (2014 MVP),7,1,1,-0.4639141756851348,1.6520325920028356,SI,ball,Take (Called Strike)
2014,Pre-Statcast (2014 MVP),4,1,2,-0.4103410620811838,2.653414358957117,ST,foul,Swing
2014,Pre-Statcast (2014 MVP),9,3,1,0.7679719725227127,2.0304782770941783,SL,hit_into_play,Swing
2014,Pre-Statcast (2014 MVP),6,3,2,0.4182899460569266,2.3167223641204298,FC,foul,Swing
2014,Pre-Statcast (2014 MVP),8,2,1,0.16315337871504532,1.7184490108233816,SI,foul,Swing
2014,Pre-Statcast (2014 MVP),9,3,1,0.5261080234122884,2.0548447664835483,CU,called_strike,Take (Called Strike)
2014,Pre-Statcast (2014 MVP),7,1,1,-0.4931909544457769,2.186969402098343,FC,called_strike,Take (Called Strike)
2014,Pre-Statcast (2014 MVP),2,2,3,0.2753585559657745,3.177993501286477,SI,called_strike,Take (Called Strike)
2014,Pre-Statcast (2014 MVP),9,3,1,0.6157551528973997,2.191333628835602,SL,hit_into_play,Swing
2014,Pre-Statcast (2014 MVP),8,2,1,-0.12280707427994277,2.056998469865597,SI,foul,Swing
2014,Pre-Statcast (2014 MVP),3,3,3,0.6891066046420964,3.2403225224034125,SL,foul,Swing
2014,Pre-Statcast (2014 MVP),5,2,2,0.11309651757733752,2.6087169900459037,SI,foul,Swing
2014,Pre-Statcast (2014 MVP),6,3,2,0.29776095089209953,2.9361834815927694,SI,called_strike,Take (Called Strike)
2014,Pre-Statcast (2014 MVP),8,2,1,-0.22295928855376013,1.688764342770663,SI,hit_into_play,Swing
2014,Pre-Statcast (2014 MVP),7,1,1,-0.35475628572659157,1.5961147700250855,SI,foul,Swing
2014,Pre-Statcast (2014 MVP),5,2,2,0.1491146002336825,2.6528441747905895,SI,called_strike,Take (Called Strike)
2014,Pre-Statcast (2014 MVP),9,3,1,0.6185737747785462,1.7930165456930287,SI,hit_into_play,Swing
2014,Pre-Statcast (2014 MVP),8,2,1,0.00180297591875411,2.1131060447708965,FF,foul,Swing
2014,Pre-Statcast (2014 MVP),9,3,1,0.4591409302031453,1.812644870424875,FF,called_strike,Take (Called Strike)
2014,Pre-Statcast (2014 MVP),4,1,2,-0.29960149714086304,2.515690973641596,FF,foul,Swing
2014,Pre-Statcast (2014 MVP),6,3,2,0.4637924348223261,2.599412938511877,FF,foul,Swing
2014,Pre-Statcast (2014 MVP),5,2,2,-0.017823354687457,2.5316474183568123,SL,swinging_strike,Swing
2014,Pre-Statcast (2014 MVP),9,3,1,0.3493563437399475,2.1242728486566564,FF,called_strike,Take (Called Strike)
2014,Pre-Statcast (2014 MVP),4,1,2,-0.7679352475773851,2.641214046614925,SL,called_strike,Take (Called Strike)
2014,Pre-Statcast (2014 MVP),8,2,1,-0.07702559673894477,1.933339363581235,SL,foul,Swing
2014,Pre-Statcast (2014 MVP),3,3,3,0.4641784336819134,3.076381149725009,FF,called_strike,Take (Called Strike)
2014,Pre-Statcast (2014 MVP),6,3,2,0.4696706519853074,2.3396372582610847,FF,hit_into_play,Swing
2014,Pre-Statcast (2014 MVP),6,3,2,0.797168624949489,2.4088613532944794,SL,hit_into_play,Swing
2014,Pre-Statcast (2014 MVP),9,3,1,0.6263566451231164,1.6231656250195892,CU,called_strike,Take (Called Strike)
2014,Pre-Statcast (2014 MVP),2,2,3,0.2448789623516121,3.1070139751089254,SI,foul,Swing
2014,Pre-Statcast (2014 MVP),8,2,1,0.16957520169848803,2.059246002150288,FF,swinging_strike,Swing
2014,Pre-Statcast (2014 MVP),5,2,2,-0.11517062930104828,2.501374166521382,FF,foul,Swing
2014,Pre-Statcast (2014 MVP),7,1,1,-0.6961510087816989,2.259444800286733,FF,foul,Swing
2014,Pre-Statcast (2014 MVP),7,1,1,-0.4862974056459663,2.0431612403325454,CU,called_strike,Take (Called Strike)
2014,Pre-Statcast (2014 MVP),8,2,1,-0.20190414460192685,2.1884768187913406,KC,hit_into_play,Swing
2014,Pre-Statcast (2014 MVP),5,2,2,0.18550607949998288,2.9057998521964388,FC,called_strike,Take (Called Strike)
2014,Pre-Statcast (2014 MVP),3,3,3,0.490589605838436,3.3038435280700806,FC,ball,Take (Called Strike)
2014,Pre-Statcast (2014 MVP),1,1,3,-0.47438182545490504,3.496778830733578,FF,ball,Take (Called Strike)
2014,Pre-Statcast (2014 MVP),1,1,3,-0.4053516356343611,3.3233708920815985,FF,ball,Take (Called Strike)
2014,Pre-Statcast (2014 MVP),2,2,3,-0.16810879310363816,3.1456934755048014,SL,swinging_strike,Swing
2014,Pre-Statcast (2014 MVP),8,2,1,-0.24257754776684892,2.1075931380457256,SI,foul,Swing
2014,Pre-Statcast (2014 MVP),7,1,1,-0.35088540801265433,1.596958772458526,FS,foul,Swing
2014,Pre-Statcast (2014 MVP),1,1,3,-0.5343200401956274,3.0986440120612047,FF,swinging_strike,Swing
2014,Pre-Statcast (2014 MVP),4,1,2,-0.7158418572731744,2.398920094197208,SL,called_strike,Take (Called Strike)
2014,Pre-Statcast (2014 MVP),5,2,2,0.08309064209594752,2.4783054854740945,SL,foul,Swing
2014,Pre-Statcast (2014 MVP),4,1,2,-0.3838748631087783,2.6581291155311293,CU,foul,Swing
2014,Pre-Statcast (2014 MVP),6,3,2,0.4828817630574068,2.5354739125495325,FF,called_strike,Take (Called Strike)
2014,Pre-Statcast (2014 MVP),5,2,2,0.1954549823896931,2.641281772427612,FF,hit_into_play,Swing
2014,Pre-Statcast (2014 MVP),5,2,2,-0.00408085488830167,2.5086295479584235,CH,called_strike,Take (Called Strike)
2014,Pre-Statcast (2014 MVP),1,1,3,-0.5122565608340699,3.7861688690175552,SL,ball,Take (Called Strike)
2014,Pre-Statcast (2014 MVP),2,2,3,-0.15838677347853447,3.07718269435977,SI,called_strike,Take (Called Strike)
2014,Pre-Statcast (2014 MVP),8,2,1,-0.11324571240807768,1.6320457705510734,CH,hit_into_play,Swing
2014,Pre-Statcast (2014 MVP),7,1,1,-0.3878627662995491,1.8179680807922765,CH,foul,Swing
2014,Pre-Statcast (2014 MVP),5,2,2,-0.01379369034769695,2.7288446547159815,SL,foul,Swing
2014,Pre-Statcast (2014 MVP),9,3,1,0.6598992217762965,1.44923035401519,SL,ball,Take (Called Strike)
2014,Pre-Statcast (2014 MVP),1,1,3,-0.30486985973350367,2.875425454919223,SL,called_strike,Take (Called Strike)
2014,Pre-Statcast (2014 MVP),8,2,1,-0.26828895607961645,2.0759612579791713,SL,called_strike,Take (Called Strike)
2014,Pre-Statcast (2014 MVP),8,2,1,0.05125662633402128,1.819085453808289,CH,hit_into_play,Swing
2014,Pre-Statcast (2014 MVP),6,3,2,0.7201381655516864,2.8871524734162373,FF,ball,Take (Called Strike)
2014,Pre-Statcast (2014 MVP),4,1,2,-0.5114550478544521,2.8995699595017697,SL,called_strike,Take (Called Strike)
2014,Pre-Statcast (2014 MVP),6,3,2,0.8097156173263625,2.464287619364268,FF,called_strike,Take (Called Strike)
2014,Pre-Statcast (2014 MVP),7,1,1,-0.7086673101750582,1.696510850603739,CH,foul,Swing
2014,Pre-Statcast (2014 MVP),9,3,1,0.4870456188064662,1.6028509574428993,SL,ball,Take (Called Strike)
2014,Pre-Statcast (2014 MVP),2,2,3,-0.22864167124483903,3.3758775578284377,FF,called_strike,Take (Called Strike)
2014,Pre-Statcast (2014 MVP),1,1,3,-0.7275445853961575,3.3691847531834096,SL,swinging_strike,Swing
2014,Pre-Statcast (2014 MVP),2,2,3,0.17386735107163287,3.363937148519403,SI,called_strike,Take (Called Strike)
2014,Pre-Statcast (2014 MVP),9,3,1,0.8216515830620912,1.6119046013926568,FC,ball,Take (Called Strike)
2014,Pre-Statcast (2014 MVP),4,1,2,-0.4255571793151587,2.497834339307289,SI,foul,Swing
2014,Pre-Statcast (2014 MVP),5,2,2,-0.2741411166224287,2.7071492919392903,KC,called_strike,Take (Called Strike)
2014,Pre-Statcast (2014 MVP),9,3,1,0.33538098155653806,2.009338523333832,SI,called_strike,Take (Called Strike)
2014,Pre-Statcast (2014 MVP),7,1,1,-0.5467724008806805,1.9054359478446392,SI,hit_into_play,Swing
2014,Pre-Statcast (2014 MVP),7,1,1,-0.469167228451301,1.8353659194037917,FF,called_strike,Take (Called Strike)
2014,Pre-Statcast (2014 MVP),5,2,2,0.2652606586251228,2.6133379598604964,SL,foul,Swing
2014,Pre-Statcast (2014 MVP),8,2,1,-0.10944167317824838,1.7759525451779583,SI,hit_into_play,Swing
2014,Pre-Statcast (2014 MVP),4,1,2,-0.3775980467246536,2.5321687965909248,SI,foul,Swing
2014,Pre-Statcast (2014 MVP),9,3,1,0.6356399508166293,1.8946229982851357,SI,called_strike,Take (Called Strike)
2014,Pre-Statcast (2014 MVP),6,3,2,0.5174789497728525,2.4365902219133275,SI,called_strike,Take (Called Strike)
2014,Pre-Statcast (2014 MVP),7,1,1,-0.7069897739391178,1.970597475907043,FF,hit_into_play,Swing
2014,Pre-Statcast (2014 MVP),9,3,1,0.7212806071106952,2.010082444979803,SI,called_strike,Take (Called Strike)
2014,Pre-Statcast (2014 MVP),6,3,2,0.7333977190802948,2.4259129592056334,FF,called_strike,Take (Called Strike)
2014,Pre-Statcast (2014 MVP),9,3,1,0.6627916242412863,2.1525804444319188,FF,hit_into_play,Swing
2014,Pre-Statcast (2014 MVP),8,2,1,-0.07933316941678581,2.131829002116235,SL,foul,Swing
2014,Pre-Statcast (2014 MVP),2,2,3,0.07459659711886646,3.2660642438887013,SL,called_strike,Take (Called Strike)
2014,Pre-Statcast (2014 MVP),4,1,2,-0.7716072675226608,2.468625695383002,SL,called_strike,Take (Called Strike)
2014,Pre-Statcast (2014 MVP),9,3,1,0.5709074777416618,1.6095257589786711,SI,ball,Take (Called Strike)
2014,Pre-Statcast (2014 MVP),2,2,3,0.07336568668564092,3.4249337251280796,SI,swinging_strike,Swing
2014,Pre-Statcast (2014 MVP),2,2,3,-0.23130751708086128,3.4359054791824963,FF,foul,Swing
2014,Pre-Statcast (2014 MVP),2,2,3,-0.05679330955423878,3.2634794047118945,SI,called_strike,Take (Called Strike)
2014,Pre-Statcast (2014 MVP),1,1,3,-0.5739441490034985,3.653192167675144,FF,swinging_strike,Swing
2014,Pre-Statcast (2014 MVP),5,2,2,0.19296960578369904,2.591982806732444,FF,foul,Swing
2014,Pre-Statcast (2014 MVP),9,3,1,0.39942231574838866,2.0318399898401145,SL,hit_into_play,Swing
2014,Pre-Statcast (2014 MVP),8,2,1,0.1146946890694156,1.9051689670917975,FF,called_strike,Take (Called Strike)
2014,Pre-Statcast (2014 MVP),9,3,1,0.594821287708424,2.103853106182282,FF,called_strike,Take (Called Strike)
2014,Pre-Statcast (2014 MVP),5,2,2,0.04919382088943791,2.26689914126671,SL,foul,Swing
2014,Pre-Statcast (2014 MVP),9,3,1,0.5035980189075056,1.7901172459576722,FF,called_strike,Take (Called Strike)
2014,Pre-Statcast (2014 MVP),2,2,3,0.19228912499223028,3.537536910266426,FF,swinging_strike,Swing
2014,Pre-Statcast (2014 MVP),9,3,1,0.4423917197948792,1.5927568214667709,FF,called_strike,Take (Called Strike)
2014,Pre-Statcast (2014 MVP),5,2,2,-0.00192214183572725,2.9831642953950257,SL,called_strike,Take (Called Strike)
2014,Pre-Statcast (2014 MVP),2,2,3,-0.03157257040115391,3.232544381732743,FF,foul,Swing
2014,Pre-Statcast (2014 MVP),3,3,3,0.7122640791942392,3.01870856811084,FF,foul,Swing
2014,Pre-Statcast (2014 MVP),4,1,2,-0.5722041316730331,2.792079495222955,SI,foul,Swing
2014,Pre-Statcast (2014 MVP),6,3,2,0.416118316192313,2.605854040915182,KC,foul,Swing
2014,Pre-Statcast (2014 MVP),3,3,3,0.5371407954831611,3.1226817182277844,SI,swinging_strike,Swing
2014,Pre-Statcast (2014 MVP),3,3,3,0.5191692369443528,3.1299081083704454,SI,called_strike,Take (Called Strike)
2014,Pre-Statcast (2014 MVP),1,1,3,-0.8130009713602215,3.435305723510375,FF,ball,Take (Called Strike)
2014,Pre-Statcast (2014 MVP),9,3,1,0.5487808442220232,2.106816767779132,KC,called_strike,Take (Called Strike)
2014,Pre-Statcast (2014 MVP),2,2,3,-0.00377720529671299,3.4816633194060915,FF,called_strike,Take (Called Strike)
2014,Pre-Statcast (2014 MVP),2,2,3,0.09635045904353556,3.088780462937997,FF,swinging_strike,Swing
2014,Pre-Statcast (2014 MVP),7,1,1,-0.5839954375734181,2.215009304812333,SI,foul,Swing
2014,Pre-Statcast (2014 MVP),6,3,2,0.2816915522554964,2.897028969965429,SI,called_strike,Take (Called Strike)
2014,Pre-Statcast (2014 MVP),4,1,2,-0.2793824039648327,2.9197017919373103,SI,called_strike,Take (Called Strike)
2014,Pre-Statcast (2014 MVP),6,3,2,0.6137145248325795,2.766040413004701,SI,called_strike,Take (Called Strike)
2014,Pre-Statcast (2014 MVP),9,3,1,0.4787968738391124,1.9676494837199452,CH,hit_into_play,Swing
2014,Pre-Statcast (2014 MVP),4,1,2,-0.5466693330570727,2.6778990876200934,SI,swinging_strike,Swing
2014,Pre-Statcast (2014 MVP),8,2,1,0.03689787298247249,1.608635496326218,SI,called_strike,Take (Called Strike)
2014,Pre-Statcast (2014 MVP),4,1,2,-0.3735105839882986,2.4158637995281316,SI,foul,Swing
2014,Pre-Statcast (2014 MVP),2,2,3,0.20537676356976312,3.5879285574895237,FF,called_strike,Take (Called Strike)
2014,Pre-Statcast (2014 MVP),6,3,2,0.3206287340564018,2.3621129933838363,FF,hit_into_play,Swing
2014,Pre-Statcast (2014 MVP),1,1,3,-0.4848847584568962,3.305827078374101,FF,swinging_strike,Swing
2014,Pre-Statcast (2014 MVP),9,3,1,0.7204929685871431,1.8156668778193537,FF,called_strike,Take (Called Strike)
2014,Pre-Statcast (2014 MVP),1,1,3,-0.6843149594429176,3.3113102723838845,SI,swinging_strike,Swing
2014,Pre-Statcast (2014 MVP),9,3,1,0.6438522606508345,1.471902652569129,FF,called_strike,Take (Called Strike)
2014,Pre-Statcast (2014 MVP),1,1,3,-0.5109731536916604,3.1171527783766733,FF,called_strike,Take (Called Strike)
2014,Pre-Statcast (2014 MVP),9,3,1,0.4647181980916304,1.9312651599528068,SI,hit_into_play,Swing
2014,Pre-Statcast (2014 MVP),8,2,1,-0.2126319995923549,2.177676131846902,FF,hit_into_play,Swing
2014,Pre-Statcast (2014 MVP),5,2,2,-0.2564245922369054,2.640386413420587,CU,called_strike,Take (Called Strike)
2014,Pre-Statcast (2014 MVP),7,1,1,-0.37133450445997707,1.925403667586438,FF,foul,Swing
2014,Pre-Statcast (2014 MVP),3,3,3,0.7257614672195027,3.5125146232633915,FF,ball,Take (Called Strike)
2014,Pre-Statcast (2014 MVP),9,3,1,0.4054161254928994,2.1092417747649383,FF,swinging_strike,Swing
2014,Pre-Statcast (2014 MVP),5,2,2,-0.1536050671264051,2.7455593277518977,FF,swinging_strike,Swing
2014,Pre-Statcast (2014 MVP),8,2,1,0.15192245957558637,1.996767469458312,FF,hit_into_play,Swing
2014,Pre-Statcast (2014 MVP),5,2,2,-9.1981284975362e-4,2.321674445219371,FF,swinging_strike,Swing
2014,Pre-Statcast (2014 MVP),9,3,1,0.7795957518966284,1.9938261078251471,SL,called_strike,Take (Called Strike)
2014,Pre-Statcast (2014 MVP),7,1,1,-0.5903001701685521,1.9653803115252315,FF,ball,Take (Called Strike)
2014,Pre-Statcast (2014 MVP),4,1,2,-0.4664055046870223,2.7897916445891027,FC,swinging_strike,Swing
2014,Pre-Statcast (2014 MVP),9,3,1,0.3921625372319335,2.185224074863867,FC,foul,Swing
2014,Pre-Statcast (2014 MVP),5,2,2,-0.2187243321278965,2.7465464580878627,FC,called_strike,Take (Called Strike)
2014,Pre-Statcast (2014 MVP),8,2,1,-0.09440922020067476,1.5309461440603398,CU,ball,Take (Called Strike)
2014,Pre-Statcast (2014 MVP),8,2,1,0.19512999481378737,1.7353867968315797,CU,hit_into_play,Swing
2014,Pre-Statcast (2014 MVP),5,2,2,-0.16166234467211882,2.296204739641195,SI,foul,Swing
2014,Pre-Statcast (2014 MVP),8,2,1,0.1901732293992547,1.9325922693231732,SI,called_strike,Take (Called Strike)
2014,Pre-Statcast (2014 MVP),2,2,3,0.01613741171899607,2.973497584206389,CU,called_strike,Take (Called Strike)
2014,Pre-Statcast (2014 MVP),7,1,1,-0.3433743134009851,1.7639531524642016,SI,foul,Swing
2014,Pre-Statcast (2014 MVP),8,2,1,0.20213944681449192,1.5821567064141304,SI,hit_into_play,Swing
2014,Pre-Statcast (2014 MVP),5,2,2,0.26674197901815844,2.3911257591709463,SI,hit_into_play,Swing
2014,Pre-Statcast (2014 MVP),6,3,2,0.3848525893918018,2.837577236420376,SI,called_strike,Take (Called Strike)
2014,Pre-Statcast (2014 MVP),8,2,1,-0.1277321625011072,2.1615461887736407,SI,hit_into_play,Swing
2014,Pre-Statcast (2014 MVP),8,2,1,-0.02969793886190763,1.9765505420787248,SI,hit_into_play,Swing
2014,Pre-Statcast (2014 MVP),3,3,3,0.2836420476253734,3.507788713155898,SI,called_strike,Take (Called Strike)
2014,Pre-Statcast (2014 MVP),3,3,3,0.3644814733190944,3.691654253856076,FF,ball,Take (Called Strike)
2014,Pre-Statcast (2014 MVP),6,3,2,0.6003859822380413,2.4484132535300778,SI,called_strike,Take (Called Strike)
2014,Pre-Statcast (2014 MVP),8,2,1,-0.18052218448229307,1.7922720544195232,SI,hit_into_play,Swing
2014,Pre-Statcast (2014 MVP),4,1,2,-0.6383969024344842,2.8156937732240017,FF,hit_into_play,Swing
2014,Pre-Statcast (2014 MVP),8,2,1,0.1527217721801431,2.1696122566922886,CU,called_strike,Take (Called Strike)
2014,Pre-Statcast (2014 MVP),5,2,2,0.0477289168692202,2.5300974496102064,FF,foul,Swing
2014,Pre-Statcast (2014 MVP),6,3,2,0.6598689767356916,2.4339979500931923,FF,hit_into_play,Swing
2014,Pre-Statcast (2014 MVP),5,2,2,0.03175216417790083,2.8643478129487745,CH,called_strike,Take (Called Strike)
2014,Pre-Statcast (2014 MVP),3,3,3,0.515513337653876,3.5045699106454533,FF,ball,Take (Called Strike)
2014,Pre-Statcast (2014 MVP),2,2,3,0.26854327198719163,3.2770906058489517,FF,called_strike,Take (Called Strike)
2014,Pre-Statcast (2014 MVP),7,1,1,-0.3036299619008803,1.8672523172221316,FF,ball,Take (Called Strike)
2014,Pre-Statcast (2014 MVP),4,1,2,-0.40441880703756855,2.2659733382148977,FF,hit_into_play,Swing
2014,Pre-Statcast (2014 MVP),4,1,2,-0.6459823415317112,2.905890685318506,FF,foul,Swing
2014,Pre-Statcast (2014 MVP),8,2,1,8.3196810767727e-4,1.9261780896112983,FF,called_strike,Take (Called Strike)
2014,Pre-Statcast (2014 MVP),8,2,1,0.16145302016434185,1.7143029901470752,FF,hit_into_play,Swing
2014,Pre-Statcast (2014 MVP),8,2,1,-0.137905694775578,2.1953849541998296,FF,hit_into_play,Swing
2014,Pre-Statcast (2014 MVP),6,3,2,0.5093339919862178,2.354262930926156,FF,called_strike,Take (Called Strike)
2014,Pre-Statcast (2014 MVP),2,2,3,0.07658128826849908,3.1697593662813413,KC,called_strike,Take (Called Strike)
2014,Pre-Statcast (2014 MVP),6,3,2,0.36236243180484906,2.870499086516669,SI,called_strike,Take (Called Strike)
2014,Pre-Statcast (2014 MVP),9,3,1,0.5307126707090473,2.006864280717229,SI,hit_into_play,Swing
2014,Pre-Statcast (2014 MVP),4,1,2,-0.5571334972609763,2.711385646235853,SI,foul,Swing
2014,Pre-Statcast (2014 MVP),5,2,2,-0.1965093299829037,2.8029190390576826,SI,foul,Swing
2014,Pre-Statcast (2014 MVP),5,2,2,0.1839985099856949,2.3763214988479264,FF,called_strike,Take (Called Strike)
2014,Pre-Statcast (2014 MVP),1,1,3,-0.5345390142672651,3.01289338156817,FC,swinging_strike,Swing
2014,Pre-Statcast (2014 MVP),8,2,1,0.05808494952559782,1.7139946312473373,FF,foul,Swing
2014,Pre-Statcast (2014 MVP),9,3,1,0.32108158816907945,1.550285135116952,FC,ball,Take (Called Strike)
2014,Pre-Statcast (2014 MVP),5,2,2,0.17707815454779086,2.507712747940447,FC,called_strike,Take (Called Strike)
2014,Pre-Statcast (2014 MVP),4,1,2,-0.30228438806681923,2.417052441136734,FF,called_strike,Take (Called Strike)
2014,Pre-Statcast (2014 MVP),5,2,2,0.1076007211637522,2.523989056539341,FF,foul,Swing
2014,Pre-Statcast (2014 MVP),7,1,1,-0.6548732542709585,1.7027253331186696,CU,hit_into_play,Swing
2014,Pre-Statcast (2014 MVP),9,3,1,0.6377055776958207,2.222094780299775,FF,called_strike,Take (Called Strike)
2014,Pre-Statcast (2014 MVP),1,1,3,-0.8222475787242247,3.5608411374503275,FF,ball,Take (Called Strike)
2014,Pre-Statcast (2014 MVP),7,1,1,-0.5820590988584871,1.872652208195144,CH,hit_into_play,Swing
2014,Pre-Statcast (2014 MVP),4,1,2,-0.6431958946969927,2.8489481591303516,FF,foul,Swing
2014,Pre-Statcast (2014 MVP),8,2,1,0.2257596344643309,1.8883948686893517,CH,foul,Swing
2014,Pre-Statcast (2014 MVP),9,3,1,0.5836104917569156,1.9013396803381064,CH,hit_into_play,Swing
2014,Pre-Statcast (2014 MVP),6,3,2,0.4067167493559378,3.0178847363111703,CH,called_strike,Take (Called Strike)
2014,Pre-Statcast (2014 MVP),7,1,1,-0.6158240304074913,1.5908321044680735,SI,hit_into_play,Swing
2014,Pre-Statcast (2014 MVP),7,1,1,-0.5909241282623371,2.0790637012176587,FF,swinging_strike,Swing
2014,Pre-Statcast (2014 MVP),8,2,1,-0.04485445182166769,2.0947371071509013,FF,called_strike,Take (Called Strike)
2014,Pre-Statcast (2014 MVP),5,2,2,0.192918543770232,2.7019278054031552,FF,hit_into_play,Swing
2014,Pre-Statcast (2014 MVP),5,2,2,0.01091243384035711,2.3093272161171794,FF,swinging_strike,Swing
2014,Pre-Statcast (2014 MVP),7,1,1,-0.7303949119969924,1.959279081278079,FF,foul,Swing
2014,Pre-Statcast (2014 MVP),4,1,2,-0.5646630758629236,2.7443671835190844,FF,called_strike,Take (Called Strike)
2014,Pre-Statcast (2014 MVP),8,2,1,-0.17525968344536902,1.88821860615067,CH,foul,Swing
2014,Pre-Statcast (2014 MVP),4,1,2,-0.6569818155036301,2.401077082271146,FF,called_strike,Take (Called Strike)
2014,Pre-Statcast (2014 MVP),8,2,1,-0.14380491349131397,2.071613436062967,FF,called_strike,Take (Called Strike)
2014,Pre-Statcast (2014 MVP),8,2,1,0.2755806723546495,1.9359346571081768,FF,foul,Swing
2014,Pre-Statcast (2014 MVP),8,2,1,-0.03600579049645802,1.8433695063145716,KC,called_strike,Take (Called Strike)
2014,Pre-Statcast (2014 MVP),2,2,3,0.13852803388545035,3.4543736065894803,FC,ball,Take (Called Strike)
2014,Pre-Statcast (2014 MVP),1,1,3,-0.7789814716361485,3.2014288271770885,FC,called_strike,Take (Called Strike)
2014,Pre-Statcast (2014 MVP),2,2,3,0.22482245694238367,3.529389254399236,FF,swinging_strike,Swing
2014,Pre-Statcast (2014 MVP),7,1,1,-0.37910316345982786,1.6232634982442518,FF,called_strike,Take (Called Strike)
2014,Pre-Statcast (2014 MVP),9,3,1,0.3376206466806458,1.6650201429512883,FC,called_strike,Take (Called Strike)
2014,Pre-Statcast (2014 MVP),4,1,2,-0.4010826139952788,2.74317056042834,FF,foul,Swing
2014,Pre-Statcast (2014 MVP),8,2,1,0.0923030463680847,2.0753931238471273,FF,foul,Swing
2014,Pre-Statcast (2014 MVP),5,2,2,0.18268899451568263,2.809200790951749,FF,swinging_strike,Swing
2014,Pre-Statcast (2014 MVP),8,2,1,0.2340816792320347,2.027866282478802,ST,hit_into_play,Swing
2014,Pre-Statcast (2014 MVP),2,2,3,-0.01207592928368031,3.5890178214873623,FF,called_strike,Take (Called Strike)
2014,Pre-Statcast (2014 MVP),8,2,1,0.06824783875026119,1.6870793084821862,CU,called_strike,Take (Called Strike)
2014,Pre-Statcast (2014 MVP),6,3,2,0.5255719391491362,2.8556362589404496,FC,foul,Swing
2014,Pre-Statcast (2014 MVP),9,3,1,0.8199895595502854,1.7492230843982512,FC,foul,Swing
2014,Pre-Statcast (2014 MVP),8,2,1,-0.13008179855563373,1.886827493044529,SL,called_strike,Take (Called Strike)
2014,Pre-Statcast (2014 MVP),8,2,1,0.015972018008229,1.8755674737497816,FF,called_strike,Take (Called Strike)
2014,Pre-Statcast (2014 MVP),8,2,1,0.1632883121317168,1.529369161388689,CH,swinging_strike,Swing
2014,Pre-Statcast (2014 MVP),1,1,3,-0.780471941880777,3.141977746234174,FC,called_strike,Take (Called Strike)
2014,Pre-Statcast (2014 MVP),8,2,1,0.02339911926864391,1.8572074563376404,FF,called_strike,Take (Called Strike)
2014,Pre-Statcast (2014 MVP),8,2,1,0.21764198789006373,2.15723547953052,SI,hit_into_play,Swing
2014,Pre-Statcast (2014 MVP),2,2,3,0.24074388902372168,3.30642389934937,SI,foul,Swing
2014,Pre-Statcast (2014 MVP),8,2,1,0.10138810308368762,1.5981173489206402,SL,foul,Swing
2014,Pre-Statcast (2014 MVP),8,2,1,0.23529664948231344,2.1725383081652363,SL,called_strike,Take (Called Strike)
2014,Pre-Statcast (2014 MVP),9,3,1,0.6917853646161953,2.191965558786407,FF,called_strike,Take (Called Strike)
2014,Pre-Statcast (2014 MVP),6,3,2,0.5745281614636364,2.8185742750323843,FF,hit_into_play,Swing
2014,Pre-Statcast (2014 MVP),4,1,2,-0.593888109988848,2.244108621946831,SL,called_strike,Take (Called Strike)
2014,Pre-Statcast (2014 MVP),7,1,1,-0.8166488333821571,1.8274769594091256,FC,called_strike,Take (Called Strike)
2014,Pre-Statcast (2014 MVP),7,1,1,-0.2900844192846792,1.6238386321915617,SI,hit_into_play,Swing
2014,Pre-Statcast (2014 MVP),6,3,2,0.4972119848811481,2.519715554731967,FF,hit_into_play,Swing
2014,Pre-Statcast (2014 MVP),9,3,1,0.5633622373157537,1.9385933595010725,FF,called_strike,Take (Called Strike)
2014,Pre-Statcast (2014 MVP),4,1,2,-0.5718615442881837,2.32551849832123,FF,hit_into_play,Swing
2014,Pre-Statcast (2014 MVP),4,1,2,-0.4395270591985866,2.435932012547158,FF,foul,Swing
2014,Pre-Statcast (2014 MVP),7,1,1,-0.5393927875558673,1.811894960944676,FF,hit_into_play,Swing
2014,Pre-Statcast (2014 MVP),2,2,3,-0.22278321261018777,3.026314294573841,FF,foul,Swing
2014,Pre-Statcast (2014 MVP),9,3,1,0.3889888096637787,2.012591712313226,FF,foul,Swing
2014,Pre-Statcast (2014 MVP),5,2,2,-0.22405300734987357,2.8320362223674267,FF,foul,Swing
2014,Pre-Statcast (2014 MVP),5,2,2,-0.00199799504704401,2.2566073867550536,FF,hit_into_play,Swing
2014,Pre-Statcast (2014 MVP),3,3,3,0.43742869899379566,3.155417166128656,FF,foul,Swing
2014,Pre-Statcast (2014 MVP),2,2,3,-0.1484488630265094,3.212706637121713,FF,foul,Swing
2014,Pre-Statcast (2014 MVP),5,2,2,0.121853821978943,2.4699512175144553,FF,called_strike,Take (Called Strike)
2014,Pre-Statcast (2014 MVP),8,2,1,-0.22736898807146777,1.7064861503758586,SI,hit_into_play,Swing
2014,Pre-Statcast (2014 MVP),9,3,1,0.6099690070502674,1.4808030970530408,SL,ball,Take (Called Strike)
2014,Pre-Statcast (2014 MVP),7,1,1,-0.6981890194615366,1.87935968843387,CH,called_strike,Take (Called Strike)
2014,Pre-Statcast (2014 MVP),7,1,1,-0.4899558388470251,1.4823875213017998,SI,hit_into_play,Swing
2014,Pre-Statcast (2014 MVP),7,1,1,-0.4840487181462143,2.0714521960676793,CU,called_strike,Take (Called Strike)
2014,Pre-Statcast (2014 MVP),8,2,1,-0.170943542447491,1.9970516443398336,SI,called_strike,Take (Called Strike)
2014,Pre-Statcast (2014 MVP),1,1,3,-0.35778631441169106,3.1466099254234163,SI,called_strike,Take (Called Strike)
2014,Pre-Statcast (2014 MVP),7,1,1,-0.8240222777258174,2.0040335384817207,SI,called_strike,Take (Called Strike)
2014,Pre-Statcast (2014 MVP),6,3,2,0.5272782785595911,2.3590556559107596,FF,foul,Swing
2014,Pre-Statcast (2014 MVP),2,2,3,0.10955957749672672,3.205376789005289,FF,foul,Swing
2014,Pre-Statcast (2014 MVP),7,1,1,-0.32341851834724444,2.0936328995900384,SI,called_strike,Take (Called Strike)
2014,Pre-Statcast (2014 MVP),5,2,2,-3.461692374819e-4,2.277033534830141,FF,hit_into_play,Swing
2014,Pre-Statcast (2014 MVP),1,1,3,-0.803271166241059,3.087567864469858,SI,called_strike,Take (Called Strike)
2014,Pre-Statcast (2014 MVP),7,1,1,-0.4776086139475251,1.6682310121900654,SL,hit_into_play,Swing
2014,Pre-Statcast (2014 MVP),8,2,1,-0.195676574502317,1.4917250958205166,SI,foul_tip,Swing
2014,Pre-Statcast (2014 MVP),8,2,1,-0.05398386531514143,1.812167995926146,SI,hit_into_play,Swing
2014,Pre-Statcast (2014 MVP),9,3,1,0.35491500221239947,1.975944268126516,SI,called_strike,Take (Called Strike)
2014,Pre-Statcast (2014 MVP),2,2,3,0.10098360990871807,3.0454731743504952,FS,hit_into_play,Swing
2014,Pre-Statcast (2014 MVP),5,2,2,0.1261282681537466,2.4214741614950324,FS,swinging_strike,Swing
2014,Pre-Statcast (2014 MVP),2,2,3,0.14158197071754203,3.5907465840365766,KC,ball,Take (Called Strike)
2014,Pre-Statcast (2014 MVP),6,3,2,0.3034356536319477,2.428268241320496,FF,called_strike,Take (Called Strike)
2014,Pre-Statcast (2014 MVP),2,2,3,-0.10573049605799988,3.412728367983113,FC,called_strike,Take (Called Strike)
2014,Pre-Statcast (2014 MVP),6,3,2,0.4436581752612178,2.7794995983036457,FF,hit_into_play,Swing
2014,Pre-Statcast (2014 MVP),1,1,3,-0.30599419224624497,3.3961458375692324,FC,swinging_strike,Swing
2014,Pre-Statcast (2014 MVP),6,3,2,0.3937966097059262,2.694667308625003,FF,called_strike,Take (Called Strike)
2014,Pre-Statcast (2014 MVP),4,1,2,-0.3566900921211953,2.937892669019972,SL,called_strike,Take (Called Strike)
2014,Pre-Statcast (2014 MVP),9,3,1,0.5052059721952045,1.9715506972640249,FC,hit_into_play,Swing
2014,Pre-Statcast (2014 MVP),2,2,3,0.1923135470365594,3.0802606618811916,FF,called_strike,Take (Called Strike)
2014,Pre-Statcast (2014 MVP),5,2,2,0.27241406624374553,2.4922732204009783,CU,foul,Swing
2014,Pre-Statcast (2014 MVP),6,3,2,0.404734968520252,2.2063253917901786,CU,foul,Swing
2014,Pre-Statcast (2014 MVP),6,3,2,0.39201916792373737,2.309970237954394,FF,foul,Swing
2014,Pre-Statcast (2014 MVP),2,2,3,-0.0680094666612246,3.067370194491059,FF,foul,Swing
2014,Pre-Statcast (2014 MVP),5,2,2,0.1567727353650629,2.734651642721052,FF,hit_into_play,Swing
2014,Pre-Statcast (2014 MVP),9,3,1,0.5229051400961136,1.997587674371524,CU,swinging_strike,Swing
2014,Pre-Statcast (2014 MVP),3,3,3,0.5535038101000698,3.277826403330725,FF,ball,Take (Called Strike)
2014,Pre-Statcast (2014 MVP),9,3,1,0.3800149384636603,2.0754603090240105,FF,called_strike,Take (Called Strike)
2014,Pre-Statcast (2014 MVP),7,1,1,-0.28933308842425476,1.471276174582313,CH,hit_into_play,Swing
2014,Pre-Statcast (2014 MVP),6,3,2,0.6859448963715309,2.9182014714638083,SI,called_strike,Take (Called Strike)
2014,Pre-Statcast (2014 MVP),6,3,2,0.32563853479566707,2.45942354438346,SI,called_strike,Take (Called Strike)
2014,Pre-Statcast (2014 MVP),3,3,3,0.46218919414122894,3.4183258944982176,CH,called_strike,Take (Called Strike)
2014,Pre-Statcast (2014 MVP),4,1,2,-0.8009147792972827,2.5089749093655147,SI,ball,Take (Called Strike)
2019,Post-Statcast (2019 MVP),5,2,2,-0.0759629717854402,2.736027110815786,FF,hit_into_play,Swing
2019,Post-Statcast (2019 MVP),4,1,2,-0.4535021555305916,2.6555633230640945,FF,called_strike,Take (Called Strike)
2019,Post-Statcast (2019 MVP),4,1,2,-0.7687219009298295,2.511179500283502,FF,hit_into_play,Swing
2019,Post-Statcast (2019 MVP),7,1,1,-0.6082894005353721,1.9744647861953863,FF,hit_into_play,Swing
2019,Post-Statcast (2019 MVP),6,3,2,0.580632134463368,2.480242461855122,SI,hit_into_play,Swing
2019,Post-Statcast (2019 MVP),5,2,2,-0.02409768957304836,2.58695695476531,FF,called_strike,Take (Called Strike)
2019,Post-Statcast (2019 MVP),5,2,2,0.12742683609635058,2.5550580106439256,FF,hit_into_play,Swing
2019,Post-Statcast (2019 MVP),6,3,2,0.3369243642177777,2.6498405433564995,FF,foul,Swing
2019,Post-Statcast (2019 MVP),6,3,2,0.6128232012406685,2.271706092228931,SI,foul,Swing
2019,Post-Statcast (2019 MVP),3,3,3,0.45935368755313055,3.0037831150955245,SI,hit_into_play,Swing
2019,Post-Statcast (2019 MVP),6,3,2,0.7729406814864351,2.4926437611460166,SI,called_strike,Take (Called Strike)
2019,Post-Statcast (2019 MVP),9,3,1,0.8137115131876933,1.9687376687849731,FF,called_strike,Take (Called Strike)
2019,Post-Statcast (2019 MVP),8,2,1,0.23694120355977805,1.9849366464221885,SL,hit_into_play,Swing
2019,Post-Statcast (2019 MVP),8,2,1,0.14196388859382764,1.681574668439738,CH,swinging_strike,Swing
2019,Post-Statcast (2019 MVP),2,2,3,0.1722562506194791,2.9141081208001633,SI,foul,Swing
2019,Post-Statcast (2019 MVP),8,2,1,-0.22760528401415203,1.757265975846198,FF,foul,Swing
2019,Post-Statcast (2019 MVP),9,3,1,0.6891958149907375,1.9968685433389912,FF,called_strike,Take (Called Strike)
2019,Post-Statcast (2019 MVP),6,3,2,0.7209529773954548,2.4431734675971724,FC,swinging_strike,Swing
2019,Post-Statcast (2019 MVP),6,3,2,0.41167085847809515,2.28590381569083,FF,called_strike,Take (Called Strike)
2019,Post-Statcast (2019 MVP),6,3,2,0.3670571424331488,2.6268039216076513,SI,foul,Swing
2019,Post-Statcast (2019 MVP),2,2,3,0.00820285342719939,3.53226649686189,SI,called_strike,Take (Called Strike)
2019,Post-Statcast (2019 MVP),6,3,2,0.5958085305849757,2.533673528712909,FF,hit_into_play,Swing
2019,Post-Statcast (2019 MVP),3,3,3,0.373805370583878,3.033470998552932,CU,foul,Swing
2019,Post-Statcast (2019 MVP),8,2,1,0.03577745824515943,1.6885650838480075,FF,foul,Swing
2019,Post-Statcast (2019 MVP),5,2,2,0.11552633303575444,2.5187160449968484,FF,hit_into_play,Swing
2019,Post-Statcast (2019 MVP),3,3,3,0.7526857212393263,3.2970981659251852,FF,called_strike,Take (Called Strike)
2019,Post-Statcast (2019 MVP),7,1,1,-0.684007313586905,1.861646778245176,CH,hit_into_play,Swing
2019,Post-Statcast (2019 MVP),6,3,2,0.5744958155149142,2.6235972659276983,FF,called_strike,Take (Called Strike)
2019,Post-Statcast (2019 MVP),6,3,2,0.4784418655414051,2.6569915740162315,FC,swinging_strike,Swing
2019,Post-Statcast (2019 MVP),7,1,1,-0.3130270090737226,1.7198257119920282,CH,hit_into_play,Swing
2019,Post-Statcast (2019 MVP),4,1,2,-0.6283662246183432,2.4008455752612896,FF,foul,Swing
2019,Post-Statcast (2019 MVP),4,1,2,-0.7097035698269178,2.67420262155044,SI,foul,Swing
2019,Post-Statcast (2019 MVP),7,1,1,-0.5938887038103997,1.6982720167801697,CH,foul,Swing
2019,Post-Statcast (2019 MVP),6,3,2,0.46112463570258433,2.30132116295232,CH,foul,Swing
2019,Post-Statcast (2019 MVP),9,3,1,0.7809332591161692,1.7818855925578612,FF,called_strike,Take (Called Strike)
2019,Post-Statcast (2019 MVP),3,3,3,0.7215176782680434,3.3008692320267534,FF,swinging_strike,Swing
2019,Post-Statcast (2019 MVP),5,2,2,-0.21490794716669592,2.5716854038285604,CU,foul,Swing
2019,Post-Statcast (2019 MVP),4,1,2,-0.422507169308688,2.4087676862954375,CU,called_strike,Take (Called Strike)
2019,Post-Statcast (2019 MVP),9,3,1,0.6891400810681552,1.9825529279869736,SL,called_strike,Take (Called Strike)
2019,Post-Statcast (2019 MVP),9,3,1,0.5124941915805159,1.5723544563126644,SL,hit_into_play,Swing
2019,Post-Statcast (2019 MVP),8,2,1,-0.2705519985771669,1.6815875247750087,SL,foul,Swing
2019,Post-Statcast (2019 MVP),4,1,2,-0.6467336306414025,2.6206215870668066,FF,foul,Swing
2019,Post-Statcast (2019 MVP),3,3,3,0.5795919124735192,3.145066903054786,FF,foul,Swing
2019,Post-Statcast (2019 MVP),5,2,2,0.1497127944301022,2.7424954735865956,FF,foul,Swing
2019,Post-Statcast (2019 MVP),2,2,3,-0.20975718675762028,2.917920316046628,KC,called_strike,Take (Called Strike)
2019,Post-Statcast (2019 MVP),3,3,3,0.5256219041947904,3.3154964102087368,FS,called_strike,Take (Called Strike)
2019,Post-Statcast (2019 MVP),2,2,3,-0.22232593877333215,2.935567114351234,FF,foul,Swing
2019,Post-Statcast (2019 MVP),6,3,2,0.40494745658745,2.6604920607833957,CU,called_strike,Take (Called Strike)
2019,Post-Statcast (2019 MVP),7,1,1,-0.7554831811276657,1.7420179487624363,CH,ball,Take (Called Strike)
2019,Post-Statcast (2019 MVP),2,2,3,-0.18738039384774424,3.3371352620481813,FF,foul,Swing
2019,Post-Statcast (2019 MVP),2,2,3,-0.11543367184429965,3.083724715182567,FF,foul,Swing
2019,Post-Statcast (2019 MVP),4,1,2,-0.552068422939231,2.2691238217706218,FF,hit_into_play,Swing
2019,Post-Statcast (2019 MVP),1,1,3,-0.7263825974885484,3.3406990472120346,FF,foul,Swing
2019,Post-Statcast (2019 MVP),1,1,3,-0.7764358084305092,3.1014862906247744,FF,called_strike,Take (Called Strike)
2019,Post-Statcast (2019 MVP),5,2,2,-0.12973036040052233,2.646925889753126,KC,hit_into_play,Swing
2019,Post-Statcast (2019 MVP),4,1,2,-0.28961552237433924,2.3627776619462852,FF,hit_into_play,Swing
2019,Post-Statcast (2019 MVP),2,2,3,-0.13525905309694258,3.279586807844403,FF,swinging_strike,Swing
2019,Post-Statcast (2019 MVP),6,3,2,0.2837702524776009,2.479923083893744,FF,hit_into_play,Swing
2019,Post-Statcast (2019 MVP),4,1,2,-0.4873370174122147,2.469002578000039,KC,called_strike,Take (Called Strike)
2019,Post-Statcast (2019 MVP),2,2,3,0.25680252651557667,2.941749745411641,FF,swinging_strike,Swing
2019,Post-Statcast (2019 MVP),2,2,3,0.1356132964236767,3.2948110571611977,FF,foul,Swing
2019,Post-Statcast (2019 MVP),6,3,2,0.3244931161682174,2.8899115063605736,FF,foul,Swing
2019,Post-Statcast (2019 MVP),7,1,1,-0.5540274524877761,2.087167492440593,SL,hit_into_play,Swing
2019,Post-Statcast (2019 MVP),4,1,2,-0.7462063504568746,2.219946958864245,CH,called_strike,Take (Called Strike)
2019,Post-Statcast (2019 MVP),1,1,3,-0.4683925534443843,3.2108232788264712,FF,called_strike,Take (Called Strike)
2019,Post-Statcast (2019 MVP),6,3,2,0.27656776853557097,2.594200362144297,FF,hit_into_play,Swing
2019,Post-Statcast (2019 MVP),7,1,1,-0.6118554068440785,1.8358469704766744,SL,called_strike,Take (Called Strike)
2019,Post-Statcast (2019 MVP),3,3,3,0.5074584781845597,3.037407969605449,FF,called_strike,Take (Called Strike)
2019,Post-Statcast (2019 MVP),9,3,1,0.4487710402021619,1.6112069206199369,KC,called_strike,Take (Called Strike)
2019,Post-Statcast (2019 MVP),8,2,1,-0.05436213920496369,1.5399684551957478,CU,ball,Take (Called Strike)
2019,Post-Statcast (2019 MVP),4,1,2,-0.6069759370071549,2.566521705079934,SI,called_strike,Take (Called Strike)
2019,Post-Statcast (2019 MVP),6,3,2,0.388621657493972,2.338206031220621,CU,called_strike,Take (Called Strike)
2019,Post-Statcast (2019 MVP),9,3,1,0.6511391866730961,1.4642407771975534,SI,ball,Take (Called Strike)
2019,Post-Statcast (2019 MVP),9,3,1,0.2941841814273417,1.7319216549095606,SI,called_strike,Take (Called Strike)
2019,Post-Statcast (2019 MVP),6,3,2,0.4289282544062074,2.2738706385919634,SI,hit_into_play,Swing
2019,Post-Statcast (2019 MVP),8,2,1,0.2280415191355909,2.156518371266493,SI,hit_into_play,Swing
2019,Post-Statcast (2019 MVP),5,2,2,0.13929473972550688,2.245450256508096,FF,hit_into_play,Swing
2019,Post-Statcast (2019 MVP),1,1,3,-0.7489973191536795,2.9475079471035333,FC,called_strike,Take (Called Strike)
2019,Post-Statcast (2019 MVP),4,1,2,-0.41429330260428526,2.719145643539104,FF,hit_into_play,Swing
2019,Post-Statcast (2019 MVP),4,1,2,-0.819589645040889,2.6480084853654873,FC,called_strike,Take (Called Strike)
2019,Post-Statcast (2019 MVP),5,2,2,0.0201262167990085,2.257883451437542,FC,hit_into_play,Swing
2019,Post-Statcast (2019 MVP),5,2,2,-0.10248973847902908,2.5293413364664943,SI,hit_into_play,Swing
2019,Post-Statcast (2019 MVP),6,3,2,0.3233768764685474,2.3346544303329444,SI,called_strike,Take (Called Strike)
2019,Post-Statcast (2019 MVP),7,1,1,-0.39055751467113975,2.136156086177587,FF,hit_into_play,Swing
2019,Post-Statcast (2019 MVP),1,1,3,-0.5839925000983747,2.912613864195999,SL,called_strike,Take (Called Strike)
2019,Post-Statcast (2019 MVP),2,2,3,-0.04750909946405279,3.484356069484777,FF,foul,Swing
2019,Post-Statcast (2019 MVP),4,1,2,-0.43392212603064706,2.6623582056995856,FC,foul,Swing
2019,Post-Statcast (2019 MVP),4,1,2,-0.42036046212522665,2.43807210681358,FF,hit_into_play,Swing
2019,Post-Statcast (2019 MVP),4,1,2,-0.4622521973855195,2.52043848459457,CH,called_strike,Take (Called Strike)
2019,Post-Statcast (2019 MVP),5,2,2,0.05168498447310499,2.4155204856274377,FF,hit_into_play,Swing
2019,Post-Statcast (2019 MVP),8,2,1,0.1779723313330126,2.244323764045241,CU,called_strike,Take (Called Strike)
2019,Post-Statcast (2019 MVP),1,1,3,-0.7538149725424818,3.207121660329274,FF,foul,Swing
2019,Post-Statcast (2019 MVP),9,3,1,0.7476136469790936,1.8611512954290312,FF,called_strike,Take (Called Strike)
2019,Post-Statcast (2019 MVP),9,3,1,0.6249342665977787,2.06270757070659,CU,called_strike,Take (Called Strike)
2019,Post-Statcast (2019 MVP),7,1,1,-0.3375864604334228,1.998486709043882,CU,hit_into_play,Swing
2019,Post-Statcast (2019 MVP),9,3,1,0.3255003270454565,2.05153157413368,FF,called_strike,Take (Called Strike)
2019,Post-Statcast (2019 MVP),4,1,2,-0.4346340765274647,2.3841226266814317,FF,hit_into_play,Swing
2019,Post-Statcast (2019 MVP),7,1,1,-0.5796449390633609,2.0593812358448487,SL,hit_into_play,Swing
2019,Post-Statcast (2019 MVP),5,2,2,0.2202335018333479,2.8620818616921464,SI,hit_into_play,Swing
2019,Post-Statcast (2019 MVP),4,1,2,-0.7050688114506559,2.2662896344692687,FF,foul,Swing
2019,Post-Statcast (2019 MVP),7,1,1,-0.5635690562870346,1.6721571148080012,SL,foul,Swing
2019,Post-Statcast (2019 MVP),3,3,3,0.354502195779694,3.280480173184042,FF,called_strike,Take (Called Strike)
2019,Post-Statcast (2019 MVP),4,1,2,-0.30390987863754304,2.6302624495326388,FF,hit_into_play,Swing
2019,Post-Statcast (2019 MVP),4,1,2,-0.49272874410952894,2.7566981682096667,FF,foul,Swing
2019,Post-Statcast (2019 MVP),4,1,2,-0.515580768351298,2.202354361493458,FF,foul,Swing
2019,Post-Statcast (2019 MVP),3,3,3,0.4271556523879216,3.252012987280013,FF,foul,Swing
2019,Post-Statcast (2019 MVP),6,3,2,0.6872268639311472,2.6688991953887595,SI,foul,Swing
2019,Post-Statcast (2019 MVP),3,3,3,0.465190235610061,3.0544887020688742,FF,called_strike,Take (Called Strike)
2019,Post-Statcast (2019 MVP),4,1,2,-0.49412020059179074,2.597822852099638,FF,swinging_strike,Swing
2019,Post-Statcast (2019 MVP),1,1,3,-0.5786632499177026,3.4460839087677217,CU,called_strike,Take (Called Strike)
2019,Post-Statcast (2019 MVP),4,1,2,-0.7528195568125325,2.5378624608296,CU,called_strike,Take (Called Strike)
2019,Post-Statcast (2019 MVP),9,3,1,0.4650568337964651,2.0878253302055434,SI,called_strike,Take (Called Strike)
2019,Post-Statcast (2019 MVP),5,2,2,-0.01831613656300246,2.5599911154290127,SI,foul,Swing
2019,Post-Statcast (2019 MVP),5,2,2,0.03429946562312236,2.4080635290814025,SI,called_strike,Take (Called Strike)
2019,Post-Statcast (2019 MVP),6,3,2,0.7352997137697747,2.4439649700317148,FF,swinging_strike,Swing
2019,Post-Statcast (2019 MVP),9,3,1,0.7964259915120498,2.04568561940175,CU,called_strike,Take (Called Strike)
2019,Post-Statcast (2019 MVP),4,1,2,-0.529785659993618,2.681325554547529,SI,hit_into_play,Swing
2019,Post-Statcast (2019 MVP),3,3,3,0.4290454379223711,2.9340788356360914,FF,hit_into_play,Swing
2019,Post-Statcast (2019 MVP),6,3,2,0.31870868854271983,2.6311544779158886,FF,foul,Swing
2019,Post-Statcast (2019 MVP),3,3,3,0.5553200087259387,3.094085504218116,SL,called_strike,Take (Called Strike)
2019,Post-Statcast (2019 MVP),2,2,3,-0.14799416148700242,3.134353764197398,FC,foul,Swing
2019,Post-Statcast (2019 MVP),7,1,1,-0.5914968697364116,2.0559022427307108,CU,hit_into_play,Swing
2019,Post-Statcast (2019 MVP),1,1,3,-0.5632681771183659,3.433728814860346,FC,called_strike,Take (Called Strike)
2019,Post-Statcast (2019 MVP),6,3,2,0.5171235002050829,2.759378194444336,FF,foul_tip,Swing
2019,Post-Statcast (2019 MVP),5,2,2,0.1745340072752819,2.5401090608349928,SL,swinging_strike,Swing
2019,Post-Statcast (2019 MVP),8,2,1,0.1482255308348316,2.071769198515598,FF,foul_tip,Swing
2019,Post-Statcast (2019 MVP),7,1,1,-0.3695767383310533,2.0694907698709315,FF,hit_into_play,Swing
2019,Post-Statcast (2019 MVP),5,2,2,0.21341580647138805,2.57709894272353,SI,called_strike,Take (Called Strike)
2019,Post-Statcast (2019 MVP),6,3,2,0.7001219129830061,2.664395614969216,SL,swinging_strike,Swing
2019,Post-Statcast (2019 MVP),7,1,1,-0.6382522972477367,2.02205619403309,FF,foul,Swing
2019,Post-Statcast (2019 MVP),8,2,1,-0.2725612687709468,2.0382855076165964,FF,foul,Swing
2019,Post-Statcast (2019 MVP),1,1,3,-0.3837761552576857,3.4781930759137065,FF,ball,Take (Called Strike)
2019,Post-Statcast (2019 MVP),3,3,3,0.688300503490663,3.092817430397644,FF,swinging_strike,Swing
2019,Post-Statcast (2019 MVP),4,1,2,-0.4990276232487263,2.8163068245539113,FC,foul,Swing
2019,Post-Statcast (2019 MVP),2,2,3,0.06439956344712966,3.0165131698244503,FC,foul,Swing
2019,Post-Statcast (2019 MVP),2,2,3,0.26516674194938306,2.836713612954978,FC,foul,Swing
2019,Post-Statcast (2019 MVP),1,1,3,-0.772204201566528,3.195985546925999,FF,called_strike,Take (Called Strike)
2019,Post-Statcast (2019 MVP),7,1,1,-0.3802108074069539,1.9836458559256376,FF,foul,Swing
2019,Post-Statcast (2019 MVP),7,1,1,-0.7090082749587423,2.0685202135175547,FF,hit_into_play,Swing
2019,Post-Statcast (2019 MVP),4,1,2,-0.7599176160587564,2.2835952656207485,FC,foul,Swing
2019,Post-Statcast (2019 MVP),4,1,2,-0.6440613985704742,2.3850062458020016,FF,hit_into_play,Swing
2019,Post-Statcast (2019 MVP),5,2,2,0.09683611782382406,2.268524165878145,SL,hit_into_play,Swing
2019,Post-Statcast (2019 MVP),6,3,2,0.4208889077666018,2.6870836658361648,FF,swinging_strike,Swing
2019,Post-Statcast (2019 MVP),2,2,3,0.12328728747484918,3.424842063019165,FF,swinging_strike,Swing
2019,Post-Statcast (2019 MVP),2,2,3,0.09222174994599852,3.0727514392334747,FF,swinging_strike,Swing
2019,Post-Statcast (2019 MVP),5,2,2,-0.15535754006574587,2.898518384156488,CH,foul,Swing
2019,Post-Statcast (2019 MVP),2,2,3,0.26877251754692866,3.179133830108423,FF,called_strike,Take (Called Strike)
2019,Post-Statcast (2019 MVP),5,2,2,0.08592724216132663,2.7706937022055147,FF,foul,Swing
2019,Post-Statcast (2019 MVP),2,2,3,-0.09879559748756583,3.3471982762376298,FF,swinging_strike,Swing
2019,Post-Statcast (2019 MVP),8,2,1,0.16878196052338468,1.7823563189170726,SI,hit_into_play,Swing
2019,Post-Statcast (2019 MVP),3,3,3,0.32713982601131647,3.0789284890110364,SL,called_strike,Take (Called Strike)
2019,Post-Statcast (2019 MVP),9,3,1,0.5037387476113514,1.8975072966233275,SL,hit_into_play,Swing
2019,Post-Statcast (2019 MVP),5,2,2,0.15426088272366745,2.648007771455217,CH,called_strike,Take (Called Strike)
2019,Post-Statcast (2019 MVP),2,2,3,-0.23062255807120657,3.269883900508057,FF,foul,Swing
2019,Post-Statcast (2019 MVP),4,1,2,-0.7803528379560347,2.7740008383954486,FF,called_strike,Take (Called Strike)
2019,Post-Statcast (2019 MVP),7,1,1,-0.5143689113883503,2.0729576142470765,SI,foul,Swing
2019,Post-Statcast (2019 MVP),1,1,3,-0.5136418699761546,3.447566589830968,FF,foul,Swing
2019,Post-Statcast (2019 MVP),5,2,2,0.02580938011134914,2.790951711144471,CH,called_strike,Take (Called Strike)
2019,Post-Statcast (2019 MVP),9,3,1,0.4339718306273599,1.5790110244950752,CH,hit_into_play,Swing
2019,Post-Statcast (2019 MVP),1,1,3,-0.5908346638638307,3.0481898153017277,FF,ball,Take (Called Strike)
2019,Post-Statcast (2019 MVP),9,3,1,0.6279901157702972,1.7296800897030302,CH,hit_into_play,Swing
2019,Post-Statcast (2019 MVP),5,2,2,-0.11916028215610748,2.266783078100225,FC,hit_into_play,Swing
2019,Post-Statcast (2019 MVP),1,1,3,-0.2772907869107354,3.108989988577369,FF,hit_into_play,Swing
2019,Post-Statcast (2019 MVP),6,3,2,0.3152349355581069,2.1903543877272194,CH,swinging_strike,Swing
2019,Post-Statcast (2019 MVP),6,3,2,0.5122515685035927,2.658098802923502,FC,called_strike,Take (Called Strike)
2019,Post-Statcast (2019 MVP),1,1,3,-0.4026236614947728,3.4243524354243857,FF,ball,Take (Called Strike)
2019,Post-Statcast (2019 MVP),9,3,1,0.5881338265363738,1.7555358053740933,FF,called_strike,Take (Called Strike)
2019,Post-Statcast (2019 MVP),9,3,1,0.6590580337950798,1.8359007630416364,FF,called_strike,Take (Called Strike)
2019,Post-Statcast (2019 MVP),6,3,2,0.4929649172506282,2.767081897010288,SL,foul,Swing
2019,Post-Statcast (2019 MVP),8,2,1,-0.1626069736804183,1.6825347834157416,SL,foul,Swing
2019,Post-Statcast (2019 MVP),2,2,3,0.22731063334099083,3.179430573507706,FF,foul,Swing
2019,Post-Statcast (2019 MVP),8,2,1,0.15619556764476272,1.8574272733294008,FF,called_strike,Take (Called Strike)
2019,Post-Statcast (2019 MVP),1,1,3,-0.44176441246533793,3.235296063187609,SL,swinging_strike,Swing
2019,Post-Statcast (2019 MVP),8,2,1,-0.1675428020581049,2.0467358575519965,SL,called_strike,Take (Called Strike)
2019,Post-Statcast (2019 MVP),6,3,2,0.36285783257708026,2.4108397716662435,SL,foul,Swing
2019,Post-Statcast (2019 MVP),9,3,1,0.46110006326758296,2.09223807332069,FF,swinging_strike,Swing
2019,Post-Statcast (2019 MVP),5,2,2,0.0248912153267343,2.7679417889444613,SL,called_strike,Take (Called Strike)
2019,Post-Statcast (2019 MVP),8,2,1,0.02239569186471174,2.01266227038905,CU,called_strike,Take (Called Strike)
2019,Post-Statcast (2019 MVP),5,2,2,0.07030148377764317,2.8725958474601745,FF,hit_into_play,Swing
2019,Post-Statcast (2019 MVP),9,3,1,0.6522534613224101,1.8817815120773973,FF,swinging_strike,Swing
2019,Post-Statcast (2019 MVP),4,1,2,-0.46313771653925184,2.2320838651491517,SI,foul,Swing
2019,Post-Statcast (2019 MVP),2,2,3,-0.03177501832015139,2.9498079537549993,FF,called_strike,Take (Called Strike)
2019,Post-Statcast (2019 MVP),2,2,3,-0.17507006866044517,3.4483558810653157,FF,ball,Take (Called Strike)
2019,Post-Statcast (2019 MVP),9,3,1,0.6605318791924678,1.8922232829210048,FF,called_strike,Take (Called Strike)
2019,Post-Statcast (2019 MVP),1,1,3,-0.43130132209635896,3.100171686958907,SI,called_strike,Take (Called Strike)
2019,Post-Statcast (2019 MVP),8,2,1,0.25948675858508097,1.8637421978432984,CU,foul,Swing
2019,Post-Statcast (2019 MVP),8,2,1,0.2515774662514195,1.7362661249163864,FF,foul,Swing
2019,Post-Statcast (2019 MVP),8,2,1,0.10268530138941578,1.7180328503899367,FF,foul,Swing
2019,Post-Statcast (2019 MVP),2,2,3,-0.23792527659367335,3.176552257468559,FF,hit_into_play,Swing
2019,Post-Statcast (2019 MVP),9,3,1,0.4828517614213272,1.6099706769120918,FC,foul,Swing
2019,Post-Statcast (2019 MVP),9,3,1,0.6217081332571196,1.6892183018685127,SL,hit_into_play,Swing
2019,Post-Statcast (2019 MVP),5,2,2,-0.2431000500692574,2.768618291784498,FF,foul,Swing
2019,Post-Statcast (2019 MVP),1,1,3,-0.7452755653650825,2.9220378195974313,FF,called_strike,Take (Called Strike)
2019,Post-Statcast (2019 MVP),5,2,2,0.24967306610176057,2.6189540380293126,FF,foul,Swing
2019,Post-Statcast (2019 MVP),5,2,2,-0.10648739966768496,2.3457761675263367,FF,foul,Swing
2019,Post-Statcast (2019 MVP),2,2,3,0.14932443049845268,3.4083638395358005,FF,foul,Swing
2019,Post-Statcast (2019 MVP),5,2,2,-0.1703614473635252,2.2843049468221843,CH,hit_into_play,Swing
2019,Post-Statcast (2019 MVP),6,3,2,0.6096577989718633,2.243374843247535,FF,called_strike,Take (Called Strike)
2019,Post-Statcast (2019 MVP),8,2,1,0.2205604271445808,1.7794770622559464,FF,called_strike,Take (Called Strike)
2019,Post-Statcast (2019 MVP),4,1,2,-0.7347108346988475,2.181624262121759,CH,foul,Swing
2019,Post-Statcast (2019 MVP),8,2,1,0.2625342528535862,2.062766213145864,FF,foul,Swing
2019,Post-Statcast (2019 MVP),1,1,3,-0.6145135697030948,3.248237137651263,FF,foul,Swing
2019,Post-Statcast (2019 MVP),2,2,3,0.0439427290441084,2.855176503196009,KC,hit_into_play,Swing
2019,Post-Statcast (2019 MVP),4,1,2,-0.56090988373672,2.4088169185069725,FF,foul,Swing
2019,Post-Statcast (2019 MVP),6,3,2,0.4031780115126924,2.6106022643868165,FF,foul,Swing
2019,Post-Statcast (2019 MVP),1,1,3,-0.5044201700557117,3.1950474812557568,FF,foul,Swing
2019,Post-Statcast (2019 MVP),5,2,2,0.1995161989662565,2.3245328812422796,FF,swinging_strike,Swing
2019,Post-Statcast (2019 MVP),3,3,3,0.47641591588767096,2.990513596991142,FF,called_strike,Take (Called Strike)
2019,Post-Statcast (2019 MVP),5,2,2,-0.2200987082621546,2.445643614563509,SI,hit_into_play,Swing
2019,Post-Statcast (2019 MVP),3,3,3,0.35581723798062004,3.058015880965943,CU,called_strike,Take (Called Strike)
2019,Post-Statcast (2019 MVP),3,3,3,0.5356396883403453,3.334539636147476,FF,swinging_strike,Swing
2019,Post-Statcast (2019 MVP),9,3,1,0.614399059632696,2.068466456413983,SI,foul,Swing
2019,Post-Statcast (2019 MVP),9,3,1,0.5660044485803086,1.6303772695815733,SL,foul,Swing
2019,Post-Statcast (2019 MVP),8,2,1,0.09839575254157118,2.072267256447951,CU,foul,Swing
2019,Post-Statcast (2019 MVP),1,1,3,-0.277681342505984,3.1325555277727464,FF,called_strike,Take (Called Strike)
2019,Post-Statcast (2019 MVP),5,2,2,0.22463160514456149,2.562387904344135,CU,called_strike,Take (Called Strike)
2019,Post-Statcast (2019 MVP),1,1,3,-0.3007985147842594,2.924013692369728,FC,called_strike,Take (Called Strike)
2019,Post-Statcast (2019 MVP),6,3,2,0.4299578671153531,2.459570008692573,FC,foul,Swing
2019,Post-Statcast (2019 MVP),6,3,2,0.4386927270730281,2.212963256124257,FF,foul,Swing
2019,Post-Statcast (2019 MVP),3,3,3,0.7852197873604332,2.873934897686484,FF,foul,Swing
2019,Post-Statcast (2019 MVP),2,2,3,-0.13975302304222925,3.5330980331053397,FF,called_strike,Take (Called Strike)
2019,Post-Statcast (2019 MVP),5,2,2,-0.1959973707728423,2.183287553876501,CU,hit_into_play,Swing
2019,Post-Statcast (2019 MVP),4,1,2,-0.35689570836602513,2.423817180319827,FF,called_strike,Take (Called Strike)
2019,Post-Statcast (2019 MVP),5,2,2,0.07941743147010527,2.507076208911393,SI,hit_into_play,Swing
2019,Post-Statcast (2019 MVP),6,3,2,0.8205608362875839,2.802092511490949,CU,called_strike,Take (Called Strike)
2019,Post-Statcast (2019 MVP),5,2,2,-0.06440290536046911,2.767099840629681,SL,hit_into_play,Swing
2019,Post-Statcast (2019 MVP),6,3,2,0.3925897819396631,2.34794733161331,CH,called_strike,Take (Called Strike)
2019,Post-Statcast (2019 MVP),1,1,3,-0.6629882835096055,2.966089717863051,FF,swinging_strike,Swing
2019,Post-Statcast (2019 MVP),6,3,2,0.6202869188745137,2.875863105857441,SL,called_strike,Take (Called Strike)
2019,Post-Statcast (2019 MVP),1,1,3,-0.70031530164463,3.027987784270092,FF,called_strike,Take (Called Strike)
2019,Post-Statcast (2019 MVP),6,3,2,0.4885332936777724,2.3599886862051487,FF,foul,Swing
2019,Post-Statcast (2019 MVP),3,3,3,0.3613581243936956,3.3594930204342974,FF,called_strike,Take (Called Strike)
2019,Post-Statcast (2019 MVP),4,1,2,-0.7916920829804888,2.9445788738156753,FF,called_strike,Take (Called Strike)
2019,Post-Statcast (2019 MVP),2,2,3,0.06205038972085286,3.009501878938221,FF,swinging_strike,Swing
2019,Post-Statcast (2019 MVP),5,2,2,-0.254604321481138,2.358758678159149,FF,foul,Swing
2019,Post-Statcast (2019 MVP),5,2,2,-0.01054344921480443,2.8435185864782877,SI,hit_into_play,Swing
2019,Post-Statcast (2019 MVP),1,1,3,-0.5412836520430822,3.1090657016920793,KC,called_strike,Take (Called Strike)
2019,Post-Statcast (2019 MVP),1,1,3,-0.6981789033644681,3.259886313358284,SI,foul,Swing
2019,Post-Statcast (2019 MVP),4,1,2,-0.8156821279933135,2.6136902955543904,FF,called_strike,Take (Called Strike)
2019,Post-Statcast (2019 MVP),2,2,3,-0.06626661762909292,3.309255789867711,SI,foul,Swing
2019,Post-Statcast (2019 MVP),3,3,3,0.3457953048026675,3.4279563822253585,FF,swinging_strike,Swing
2019,Post-Statcast (2019 MVP),7,1,1,-0.3209892883066352,1.953280582450486,CH,foul,Swing
2019,Post-Statcast (2019 MVP),3,3,3,0.3353332775238267,3.370754525497628,CH,foul,Swing
2019,Post-Statcast (2019 MVP),1,1,3,-0.5110684970229309,3.417003781135186,SI,called_strike,Take (Called Strike)
2019,Post-Statcast (2019 MVP),8,2,1,-0.13058715873585602,2.1054692372798396,CH,foul,Swing
2019,Post-Statcast (2019 MVP),6,3,2,0.3815754266501488,2.2170633374235154,CU,called_strike,Take (Called Strike)
2019,Post-Statcast (2019 MVP),9,3,1,0.4598390746046429,1.8606006073483536,SL,hit_into_play,Swing
2019,Post-Statcast (2019 MVP),6,3,2,0.2925092931043578,2.1987099533824535,FF,called_strike,Take (Called Strike)
2019,Post-Statcast (2019 MVP),4,1,2,-0.2778349094812589,2.4154973460353624,SI,hit_into_play,Swing
2019,Post-Statcast (2019 MVP),5,2,2,0.2574266271008939,2.5962082722083535,FF,swinging_strike,Swing
2019,Post-Statcast (2019 MVP),8,2,1,0.19452051890452648,2.09237578055767,SI,called_strike,Take (Called Strike)
2019,Post-Statcast (2019 MVP),2,2,3,0.0717549131632963,3.315467931287912,FF,foul,Swing
2019,Post-Statcast (2019 MVP),2,2,3,0.07595636175680975,2.9492539207551465,FF,hit_into_play,Swing
2019,Post-Statcast (2019 MVP),9,3,1,0.560628891518915,1.6467799211571617,SL,hit_into_play,Swing
2019,Post-Statcast (2019 MVP),2,2,3,-0.2348231050691908,3.218114423004491,FF,called_strike,Take (Called Strike)
2019,Post-Statcast (2019 MVP),2,2,3,0.16102635226866316,3.584099577863748,SL,called_strike,Take (Called Strike)
2019,Post-Statcast (2019 MVP),9,3,1,0.5370880096080524,2.0589939876590715,SL,hit_into_play,Swing
2019,Post-Statcast (2019 MVP),5,2,2,-0.19308932226174513,2.779699830519972,CU,hit_into_play,Swing
2019,Post-Statcast (2019 MVP),6,3,2,0.7961888448871814,2.63573967237954,FC,called_strike,Take (Called Strike)
2019,Post-Statcast (2019 MVP),9,3,1,0.7229373997832612,1.6094789299064725,FC,foul,Swing
2019,Post-Statcast (2019 MVP),4,1,2,-0.6443771520066554,2.2319082895030524,CH,called_strike,Take (Called Strike)
2019,Post-Statcast (2019 MVP),9,3,1,0.7489476986610312,1.7765285513071656,FC,foul,Swing
2019,Post-Statcast (2019 MVP),6,3,2,0.819904444976324,2.438484689452082,FF,foul,Swing
2019,Post-Statcast (2019 MVP),4,1,2,-0.5528046499021758,2.586868302666835,FF,hit_into_play,Swing
2019,Post-Statcast (2019 MVP),3,3,3,0.32269382999790397,3.084442811994095,FC,called_strike,Take (Called Strike)
2019,Post-Statcast (2019 MVP),6,3,2,0.35821552093505454,2.7966509027121447,FF,called_strike,Take (Called Strike)
2019,Post-Statcast (2019 MVP),9,3,1,0.4875717556880441,1.616427095775442,FF,called_strike,Take (Called Strike)
2019,Post-Statcast (2019 MVP),1,1,3,-0.3636703961511045,3.24716970609106,CH,called_strike,Take (Called Strike)
2019,Post-Statcast (2019 MVP),7,1,1,-0.7289421217950982,2.1833159914425795,FF,called_strike,Take (Called Strike)
2019,Post-Statcast (2019 MVP),8,2,1,0.1685375332274539,1.6881049044912353,ST,swinging_strike,Swing
2019,Post-Statcast (2019 MVP),9,3,1,0.6262736243830732,1.814862938086528,ST,called_strike,Take (Called Strike)
2019,Post-Statcast (2019 MVP),8,2,1,-0.10449703365247288,1.7773890042826284,SI,foul,Swing
2019,Post-Statcast (2019 MVP),4,1,2,-0.5065447158587552,2.3787405904187624,FF,hit_into_play,Swing
2019,Post-Statcast (2019 MVP),3,3,3,0.5073963662583059,3.5331600679807305,FF,swinging_strike,Swing
2019,Post-Statcast (2019 MVP),6,3,2,0.365161067308428,2.853970340337978,SL,called_strike,Take (Called Strike)
2019,Post-Statcast (2019 MVP),4,1,2,-0.3938780039719346,2.7385970975446665,CH,foul,Swing
2019,Post-Statcast (2019 MVP),8,2,1,-0.1040885602587025,1.705613988645006,CH,called_strike,Take (Called Strike)
2019,Post-Statcast (2019 MVP),6,3,2,0.660072233384833,2.736326114653142,FF,foul,Swing
2019,Post-Statcast (2019 MVP),8,2,1,-0.0677629506556171,1.6849723111985422,CH,hit_into_play,Swing
2019,Post-Statcast (2019 MVP),5,2,2,0.26379103554874395,2.782055710125668,FF,called_strike,Take (Called Strike)
2019,Post-Statcast (2019 MVP),4,1,2,-0.5897393951743246,2.2821439841326256,FC,called_strike,Take (Called Strike)
2019,Post-Statcast (2019 MVP),4,1,2,-0.3647121124582273,2.7698359648617767,SI,hit_into_play,Swing
2019,Post-Statcast (2019 MVP),2,2,3,-0.1964201457582906,3.0462067095063334,CU,called_strike,Take (Called Strike)
2019,Post-Statcast (2019 MVP),4,1,2,-0.2885954363531489,2.6099204272590875,SI,hit_into_play,Swing
2019,Post-Statcast (2019 MVP),6,3,2,0.6743524070037967,2.3951633994558645,FF,foul,Swing
2019,Post-Statcast (2019 MVP),2,2,3,-0.2173857290604705,3.1323567927856426,FF,swinging_strike,Swing
2019,Post-Statcast (2019 MVP),4,1,2,-0.28354671606912957,2.7972669818670424,FC,hit_into_play,Swing
2019,Post-Statcast (2019 MVP),9,3,1,0.4970905326831884,1.9896266386594563,SL,swinging_strike,Swing
2019,Post-Statcast (2019 MVP),4,1,2,-0.7083075544307706,2.311991151354194,FC,called_strike,Take (Called Strike)
2019,Post-Statcast (2019 MVP),3,3,3,0.466517945675701,2.882328736750009,SL,called_strike,Take (Called Strike)
2019,Post-Statcast (2019 MVP),4,1,2,-0.4441484057434842,2.4241324787145166,SI,foul,Swing
2019,Post-Statcast (2019 MVP),5,2,2,0.2600342438254553,2.241689137442811,FF,foul,Swing
2019,Post-Statcast (2019 MVP),4,1,2,-0.7422786297948089,2.907797269057255,SI,ball,Take (Called Strike)
2019,Post-Statcast (2019 MVP),5,2,2,-0.02090947214633232,2.3126080786786893,SI,called_strike,Take (Called Strike)
2019,Post-Statcast (2019 MVP),9,3,1,0.42293871550281487,2.0395100702607034,CU,called_strike,Take (Called Strike)
2019,Post-Statcast (2019 MVP),9,3,1,0.5013426465172744,2.1052958646346513,SL,hit_into_play,Swing
2019,Post-Statcast (2019 MVP),6,3,2,0.33855164139704763,2.951882492190532,FF,foul,Swing
2019,Post-Statcast (2019 MVP),4,1,2,-0.48238467395282536,2.850633804216601,SL,called_strike,Take (Called Strike)
2019,Post-Statcast (2019 MVP),4,1,2,-0.2976786035237431,2.625183183198843,FF,hit_into_play,Swing
2019,Post-Statcast (2019 MVP),2,2,3,0.1705764038685762,3.089285121816219,FF,foul,Swing
2019,Post-Statcast (2019 MVP),1,1,3,-0.4207363956881696,3.3213160438059184,FF,ball,Take (Called Strike)
2019,Post-Statcast (2019 MVP),9,3,1,0.5382683327997143,2.207431765336646,FF,foul,Swing
2019,Post-Statcast (2019 MVP),2,2,3,-0.19958299157213744,2.9535668305339073,FF,called_strike,Take (Called Strike)
2019,Post-Statcast (2019 MVP),9,3,1,0.6916148452739427,1.8056839892542471,FF,ball,Take (Called Strike)
2019,Post-Statcast (2019 MVP),6,3,2,0.6133628832488086,2.6066172478523653,SL,called_strike,Take (Called Strike)
2019,Post-Statcast (2019 MVP),3,3,3,0.39198820826064584,3.241389043592469,SI,foul,Swing
2019,Post-Statcast (2019 MVP),5,2,2,0.2574035731225278,2.461604602674769,FF,foul,Swing
2019,Post-Statcast (2019 MVP),9,3,1,0.4957489716824182,1.8378444675350671,SL,foul,Swing
2019,Post-Statcast (2019 MVP),7,1,1,-0.8119740397431436,2.0302295505335555,FF,called_strike,Take (Called Strike)
2019,Post-Statcast (2019 MVP),6,3,2,0.5625255693623139,2.764790998760332,SL,called_strike,Take (Called Strike)
2019,Post-Statcast (2019 MVP),9,3,1,0.3608432349653059,2.20226028621642,SV,hit_into_play,Swing
2019,Post-Statcast (2019 MVP),9,3,1,0.34705789969362766,1.7383499151634472,FF,foul,Swing
2019,Post-Statcast (2019 MVP),8,2,1,0.1374874329101528,2.2443484973164267,FC,swinging_strike,Swing
2019,Post-Statcast (2019 MVP),6,3,2,0.6590001540661233,2.7764357595724443,FC,called_strike,Take (Called Strike)
2019,Post-Statcast (2019 MVP),7,1,1,-0.6563039449700778,1.9879469309807605,SI,foul,Swing
2019,Post-Statcast (2019 MVP),9,3,1,0.7312468762483332,1.9809283560878537,FF,called_strike,Take (Called Strike)
2019,Post-Statcast (2019 MVP),9,3,1,0.781078692530585,2.0207715097741508,SL,hit_into_play,Swing
2019,Post-Statcast (2019 MVP),6,3,2,0.4954901116512993,2.82308378466719,FF,called_strike,Take (Called Strike)
2019,Post-Statcast (2019 MVP),7,1,1,-0.3773082528900307,2.1719028167284624,SL,hit_into_play,Swing
2019,Post-Statcast (2019 MVP),7,1,1,-0.32444950643484716,1.8446753507898437,CH,foul,Swing
2019,Post-Statcast (2019 MVP),6,3,2,0.6925188550256807,2.5356320768607468,FF,swinging_strike,Swing
2019,Post-Statcast (2019 MVP),9,3,1,0.6853761641194432,1.9664847460268204,SL,called_strike,Take (Called Strike)
2019,Post-Statcast (2019 MVP),6,3,2,0.47847465405363754,2.26096406414987,SL,foul,Swing
2019,Post-Statcast (2019 MVP),4,1,2,-0.5541722987475868,2.715533406328017,SI,hit_into_play,Swing
2019,Post-Statcast (2019 MVP),9,3,1,0.6903690174684134,2.249468686063408,FF,ball,Take (Called Strike)
2019,Post-Statcast (2019 MVP),6,3,2,0.6325128769564241,2.8112986176165857,FC,swinging_strike,Swing
2019,Post-Statcast (2019 MVP),9,3,1,0.4305364908772189,1.928741576139376,FF,called_strike,Take (Called Strike)
2019,Post-Statcast (2019 MVP),2,2,3,0.21777559611486488,3.266493919699133,FF,swinging_strike,Swing
2019,Post-Statcast (2019 MVP),7,1,1,-0.3494470426803763,2.091313433253264,FF,swinging_strike,Swing
2019,Post-Statcast (2019 MVP),5,2,2,-0.03992153986711189,2.80557551339671,FF,swinging_strike,Swing
2019,Post-Statcast (2019 MVP),6,3,2,0.4977473753993681,2.5074652765539263,FF,called_strike,Take (Called Strike)
2019,Post-Statcast (2019 MVP),5,2,2,0.22528789580520792,2.162687748803029,SL,hit_into_play,Swing
2019,Post-Statcast (2019 MVP),9,3,1,0.7781018259412387,2.071336865985729,SL,called_strike,Take (Called Strike)
2019,Post-Statcast (2019 MVP),3,3,3,0.7759210349086261,3.210496804203281,FF,called_strike,Take (Called Strike)
2019,Post-Statcast (2019 MVP),7,1,1,-0.6639964143822064,2.0433343967580675,SL,called_strike,Take (Called Strike)
2019,Post-Statcast (2019 MVP),7,1,1,-0.7655788212058278,1.8977134996974372,SI,called_strike,Take (Called Strike)
2019,Post-Statcast (2019 MVP),6,3,2,0.5327834978424761,2.568083202149887,SL,swinging_strike,Swing
2019,Post-Statcast (2019 MVP),8,2,1,0.14674711704203558,1.7950428951172803,SI,ball,Take (Called Strike)
2019,Post-Statcast (2019 MVP),8,2,1,-0.06922167936399742,1.9310324651416824,SL,hit_into_play,Swing
2019,Post-Statcast (2019 MVP),7,1,1,-0.6541606497143176,1.6256055922413206,SL,foul,Swing
2019,Post-Statcast (2019 MVP),7,1,1,-0.4957673966320044,1.7013250355066276,SL,swinging_strike,Swing
2019,Post-Statcast (2019 MVP),8,2,1,0.04036139842578418,1.8864260612920063,SL,called_strike,Take (Called Strike)
2019,Post-Statcast (2019 MVP),4,1,2,-0.3123335494508205,2.5304695609749928,SI,hit_into_play,Swing
2019,Post-Statcast (2019 MVP),6,3,2,0.7745890109594666,2.485088260629597,SI,called_strike,Take (Called Strike)
2019,Post-Statcast (2019 MVP),4,1,2,-0.6575919566368558,2.6233116750766374,FF,foul,Swing
2019,Post-Statcast (2019 MVP),1,1,3,-0.6574976803627701,2.900061805114794,SL,swinging_strike,Swing
2019,Post-Statcast (2019 MVP),9,3,1,0.7033302393303713,1.7127677497526983,SI,called_strike,Take (Called Strike)
2019,Post-Statcast (2019 MVP),4,1,2,-0.3896959040999928,2.3693699274161064,SI,foul,Swing
2019,Post-Statcast (2019 MVP),9,3,1,0.7294352581375676,2.0139401843695173,FF,called_strike,Take (Called Strike)
2019,Post-Statcast (2019 MVP),9,3,1,0.40579008591659343,1.896579903784935,CH,hit_into_play,Swing
2019,Post-Statcast (2019 MVP),6,3,2,0.7499840973527667,2.8313042039684277,SI,called_strike,Take (Called Strike)
2019,Post-Statcast (2019 MVP),6,3,2,0.6194507526951247,2.922514982537999,FF,ball,Take (Called Strike)
2019,Post-Statcast (2019 MVP),9,3,1,0.4627744500771191,2.208159994311076,SI,called_strike,Take (Called Strike)
2019,Post-Statcast (2019 MVP),3,3,3,0.5927275757654525,2.924333680084118,FF,swinging_strike,Swing
2019,Post-Statcast (2019 MVP),5,2,2,0.23608955402300968,2.349474685751633,FF,called_strike,Take (Called Strike)
2019,Post-Statcast (2019 MVP),3,3,3,0.7661243218931864,3.1561564435516853,FF,called_strike,Take (Called Strike)
2019,Post-Statcast (2019 MVP),2,2,3,-0.09185871048896128,3.345357245974294,FF,ball,Take (Called Strike)
2019,Post-Statcast (2019 MVP),5,2,2,-0.10206104470399946,2.3658013825808917,FF,hit_into_play,Swing
2019,Post-Statcast (2019 MVP),2,2,3,-0.25275860954238377,3.0173517367697382,FF,called_strike,Take (Called Strike)
2019,Post-Statcast (2019 MVP),5,2,2,-0.1262628832260333,2.877569923746293,SI,hit_into_play,Swing
2019,Post-Statcast (2019 MVP),2,2,3,-0.17594302167779602,3.4130715654948913,FF,called_strike,Take (Called Strike)
2019,Post-Statcast (2019 MVP),4,1,2,-0.33897143846598965,2.7034942172979037,FF,hit_into_play,Swing
2019,Post-Statcast (2019 MVP),2,2,3,-0.08242134640483145,3.3554003353060966,FF,foul,Swing
2019,Post-Statcast (2019 MVP),6,3,2,0.5192455624796438,2.7098019523186028,SL,hit_into_play,Swing
2019,Post-Statcast (2019 MVP),5,2,2,0.21405355380427984,2.875001530610862,FF,foul,Swing
2019,Post-Statcast (2019 MVP),9,3,1,0.7551602963570402,2.277895305535956,FF,called_strike,Take (Called Strike)
2019,Post-Statcast (2019 MVP),9,3,1,0.5589079041627885,1.8780102486806296,SL,hit_into_play,Swing
2019,Post-Statcast (2019 MVP),4,1,2,-0.7499725466705286,2.8405886705290295,FF,hit_into_play,Swing
2019,Post-Statcast (2019 MVP),6,3,2,0.4905244014817327,2.6012231969107606,FF,swinging_strike,Swing
2019,Post-Statcast (2019 MVP),9,3,1,0.6245118415691823,1.8615913218739348,SL,hit_into_play,Swing
2019,Post-Statcast (2019 MVP),6,3,2,0.527968224054681,2.539845818509242,FF,foul,Swing
2019,Post-Statcast (2019 MVP),2,2,3,-0.10309964243595116,3.4102354027234547,FF,foul,Swing
2019,Post-Statcast (2019 MVP),9,3,1,0.7612382758577015,1.6486929435213435,FF,ball,Take (Called Strike)
2019,Post-Statcast (2019 MVP),6,3,2,0.6959763364580619,2.5367980201804925,SL,called_strike,Take (Called Strike)
2019,Post-Statcast (2019 MVP),2,2,3,0.19368402159484077,3.0910376669544517,FF,called_strike,Take (Called Strike)
2019,Post-Statcast (2019 MVP),3,3,3,0.40115787125162394,3.6462780957531167,FF,ball,Take (Called Strike)
2019,Post-Statcast (2019 MVP),2,2,3,-0.03852606955340887,3.200734518023806,FF,swinging_strike,Swing
2019,Post-Statcast (2019 MVP),9,3,1,0.6883068062656276,2.0184440952392757,SL,swinging_strike,Swing
2019,Post-Statcast (2019 MVP),3,3,3,0.4005256942506267,3.270873405702617,CH,hit_into_play,Swing
2019,Post-Statcast (2019 MVP),1,1,3,-0.6122091732120047,3.3298466455735154,FF,foul,Swing
2019,Post-Statcast (2019 MVP),8,2,1,0.22043975535792515,2.2589366552207286,SL,foul,Swing
2019,Post-Statcast (2019 MVP),2,2,3,-0.02913418801881828,3.0390763878646454,FF,foul,Swing
2019,Post-Statcast (2019 MVP),8,2,1,-0.20049228027546415,2.240136305764022,FF,hit_into_play,Swing
2019,Post-Statcast (2019 MVP),2,2,3,-0.12226236868909934,3.488048432571169,SI,called_strike,Take (Called Strike)
2019,Post-Statcast (2019 MVP),6,3,2,0.44692468003500613,2.6558790663415546,FC,foul,Swing
2019,Post-Statcast (2019 MVP),2,2,3,0.24678280201131755,3.0640953680701495,FC,called_strike,Take (Called Strike)
2019,Post-Statcast (2019 MVP),9,3,1,0.7240065209465578,2.1436786720002043,CH,hit_into_play,Swing
2019,Post-Statcast (2019 MVP),9,3,1,0.6281583529662842,1.768849901412894,CU,called_strike,Take (Called Strike)
2019,Post-Statcast (2019 MVP),3,3,3,0.6497350416857386,3.296438981936363,SL,called_strike,Take (Called Strike)
2019,Post-Statcast (2019 MVP),2,2,3,-0.2408200032641208,3.0610801991212044,SI,foul,Swing
2019,Post-Statcast (2019 MVP),2,2,3,-0.01853822046130937,3.0282536209819986,FF,foul,Swing
2019,Post-Statcast (2019 MVP),4,1,2,-0.4216219702575663,2.658325672461636,SL,called_strike,Take (Called Strike)
2019,Post-Statcast (2019 MVP),9,3,1,0.5724666270641607,1.9668054718700692,SL,called_strike,Take (Called Strike)
2019,Post-Statcast (2019 MVP),8,2,1,-0.0253645561640064,2.199899147101056,FC,swinging_strike,Swing
2019,Post-Statcast (2019 MVP),8,2,1,0.12577387674021467,1.654569813563076,SL,foul,Swing
2019,Post-Statcast (2019 MVP),5,2,2,0.05326648331151902,2.7011182155472313,FC,foul,Swing
2019,Post-Statcast (2019 MVP),8,2,1,-0.0281691782192599,2.0732233639561897,CH,hit_into_play,Swing
2019,Post-Statcast (2019 MVP),9,3,1,0.32372017022196875,2.1896937201509847,FC,hit_into_play,Swing
2019,Post-Statcast (2019 MVP),6,3,2,0.724877448733272,2.2750819487597145,FC,hit_into_play,Swing
2019,Post-Statcast (2019 MVP),4,1,2,-0.7593667419084551,2.3887467192945424,FC,hit_into_play,Swing
2019,Post-Statcast (2019 MVP),4,1,2,-0.7701550321592432,2.6856616555824058,FC,foul,Swing
2019,Post-Statcast (2019 MVP),1,1,3,-0.2789591850332331,3.1454333241451824,FC,foul,Swing
2019,Post-Statcast (2019 MVP),1,1,3,-0.5925084531740028,3.5786053865645027,FC,ball,Take (Called Strike)
2019,Post-Statcast (2019 MVP),2,2,3,0.0973885996807361,3.4592484062460076,FF,hit_into_play,Swing
2019,Post-Statcast (2019 MVP),4,1,2,-0.3880373278172912,3.0364409835631503,FF,foul,Swing
2019,Post-Statcast (2019 MVP),5,2,2,-0.1693316265505418,2.6246164510056835,FC,called_strike,Take (Called Strike)
2019,Post-Statcast (2019 MVP),4,1,2,-0.7361410283592421,2.8143820822164485,FC,foul,Swing
2019,Post-Statcast (2019 MVP),8,2,1,0.16057982632562945,1.6613479079228282,SL,hit_into_play,Swing
2019,Post-Statcast (2019 MVP),4,1,2,-0.587930745241774,2.792561832683382,FF,hit_into_play,Swing
2019,Post-Statcast (2019 MVP),5,2,2,0.13452134633943297,2.244705716156176,CU,called_strike,Take (Called Strike)
2019,Post-Statcast (2019 MVP),9,3,1,0.6675188757263147,1.946112321305539,FC,called_strike,Take (Called Strike)
2019,Post-Statcast (2019 MVP),3,3,3,0.7013887608805304,2.9876744720281923,FC,hit_into_play,Swing
2019,Post-Statcast (2019 MVP),5,2,2,0.13616547378929234,2.326605593446809,SV,hit_into_play,Swing
2019,Post-Statcast (2019 MVP),6,3,2,0.40958468299458617,2.19982070635917,SV,foul,Swing
2019,Post-Statcast (2019 MVP),6,3,2,0.5635938763323471,2.209464326925196,FF,called_strike,Take (Called Strike)
2019,Post-Statcast (2019 MVP),6,3,2,0.5927676709234245,2.4263972110581005,SI,foul,Swing
2019,Post-Statcast (2019 MVP),2,2,3,-0.17264047411251826,3.026634802320581,SV,called_strike,Take (Called Strike)
2019,Post-Statcast (2019 MVP),6,3,2,0.5531972617947163,2.294593240363908,CH,hit_into_play,Swing
2019,Post-Statcast (2019 MVP),6,3,2,0.7886082434760815,2.4813180265369605,SL,hit_into_play,Swing
2019,Post-Statcast (2019 MVP),8,2,1,0.04335909243344993,2.288473360303906,SI,hit_into_play,Swing
2019,Post-Statcast (2019 MVP),6,3,2,0.691550907517702,2.429648185599208,SL,called_strike,Take (Called Strike)
2019,Post-Statcast (2019 MVP),5,2,2,-0.05181090637711186,2.165490242047822,FC,hit_into_play,Swing
2019,Post-Statcast (2019 MVP),5,2,2,0.04813871693544314,2.339292088103137,FF,hit_into_play,Swing
2019,Post-Statcast (2019 MVP),6,3,2,0.5120260723211651,2.766501295445308,FF,hit_into_play,Swing
2019,Post-Statcast (2019 MVP),6,3,2,0.5625979135891719,2.7106488406664444,SL,hit_into_play,Swing
2019,Post-Statcast (2019 MVP),1,1,3,-0.2926351664787256,3.2365341692418523,SL,called_strike,Take (Called Strike)
2019,Post-Statcast (2019 MVP),8,2,1,0.1571999612920516,1.968372813767084,FF,foul,Swing
2019,Post-Statcast (2019 MVP),4,1,2,-0.32099020997154293,2.567836532175555,FF,foul,Swing
2019,Post-Statcast (2019 MVP),2,2,3,-0.18642195140666912,2.846731632008643,FC,hit_into_play,Swing
2019,Post-Statcast (2019 MVP),8,2,1,0.02535893522024668,1.7684564480766918,CU,called_strike,Take (Called Strike)
2019,Post-Statcast (2019 MVP),3,3,3,0.39828263667521335,2.9913653902577604,FF,hit_into_play,Swing
2019,Post-Statcast (2019 MVP),9,3,1,0.6173004017319298,1.5475499747338746,CU,ball,Take (Called Strike)
2019,Post-Statcast (2019 MVP),9,3,1,0.35947185731616993,1.8665148029123235,FF,called_strike,Take (Called Strike)
2019,Post-Statcast (2019 MVP),4,1,2,-0.6608064147819648,2.231773595764746,FF,hit_into_play,Swing
2019,Post-Statcast (2019 MVP),6,3,2,0.4339826526863395,2.6454356264964627,FF,called_strike,Take (Called Strike)
2019,Post-Statcast (2019 MVP),1,1,3,-0.3611939976265814,3.4559706602356663,FF,ball,Take (Called Strike)
2019,Post-Statcast (2019 MVP),7,1,1,-0.34850651734211757,1.658887947095819,CU,called_strike,Take (Called Strike)
2019,Post-Statcast (2019 MVP),8,2,1,0.1309907320049533,2.111410929170038,FF,foul,Swing
2019,Post-Statcast (2019 MVP),6,3,2,0.44882167910908577,2.2490602177387986,FF,foul,Swing
2019,Post-Statcast (2019 MVP),5,2,2,-0.1813295975358269,2.8064068583877155,KC,called_strike,Take (Called Strike)
2019,Post-Statcast (2019 MVP),2,2,3,-0.24314001982345768,3.1957079160179775,FF,hit_into_play,Swing
2019,Post-Statcast (2019 MVP),6,3,2,0.7596751949465455,2.5458411488182797,FF,foul,Swing
2019,Post-Statcast (2019 MVP),3,3,3,0.7427377482180387,3.205934390344962,FF,foul,Swing
2019,Post-Statcast (2019 MVP),1,1,3,-0.448965626631776,3.1159580574127346,FF,swinging_strike,Swing
2019,Post-Statcast (2019 MVP),9,3,1,0.8213749713812026,1.6418619297594812,FF,ball,Take (Called Strike)
2019,Post-Statcast (2019 MVP),3,3,3,0.4393460951853516,2.949170656536222,FF,foul,Swing
2019,Post-Statcast (2019 MVP),1,1,3,-0.39640178880617727,3.17279923837787,FF,hit_into_play,Swing
2019,Post-Statcast (2019 MVP),6,3,2,0.3159802077330952,2.381318834949041,FF,foul,Swing
2019,Post-Statcast (2019 MVP),3,3,3,0.4666572317231691,3.344683220245353,FF,swinging_strike,Swing
2019,Post-Statcast (2019 MVP),6,3,2,0.4183699554809028,2.4227122435066346,FF,called_strike,Take (Called Strike)
2019,Post-Statcast (2019 MVP),1,1,3,-0.5803023931090046,3.484231130048862,FF,called_strike,Take (Called Strike)
2019,Post-Statcast (2019 MVP),7,1,1,-0.6202742364490812,2.036923352776912,FF,hit_into_play,Swing
2019,Post-Statcast (2019 MVP),2,2,3,-0.2557327908509676,3.0419056949010113,FF,swinging_strike,Swing
2019,Post-Statcast (2019 MVP),5,2,2,-0.2722507098781102,2.171084467913366,FF,swinging_strike,Swing
2019,Post-Statcast (2019 MVP),1,1,3,-0.40483488695782366,2.8565730541041248,FF,hit_into_play,Swing
2019,Post-Statcast (2019 MVP),1,1,3,-0.5386633641675408,2.9181506378229383,FF,foul,Swing
2019,Post-Statcast (2019 MVP),5,2,2,0.14459405933181457,2.702343978891385,FF,hit_into_play,Swing
2019,Post-Statcast (2019 MVP),6,3,2,0.4656358294870307,2.314750085156457,FF,called_strike,Take (Called Strike)
2019,Post-Statcast (2019 MVP),4,1,2,-0.3872606586033227,2.2521839460504003,SI,hit_into_play,Swing
2019,Post-Statcast (2019 MVP),5,2,2,-0.04905129534382563,2.378942040440453,FF,foul,Swing
2019,Post-Statcast (2019 MVP),8,2,1,-0.12797109339463095,1.772583257679419,CH,hit_into_play,Swing
2019,Post-Statcast (2019 MVP),7,1,1,-0.4953762876542951,1.8334367773509368,SI,foul,Swing
2019,Post-Statcast (2019 MVP),7,1,1,-0.2876695306185233,2.0611554068539992,CH,foul,Swing
2019,Post-Statcast (2019 MVP),8,2,1,-0.192722931848956,1.900552088356366,SL,called_strike,Take (Called Strike)
2019,Post-Statcast (2019 MVP),6,3,2,0.8023804713185114,2.360056134453637,SI,hit_into_play,Swing
2019,Post-Statcast (2019 MVP),4,1,2,-0.4131177755342388,2.535244232159912,CH,called_strike,Take (Called Strike)
2019,Post-Statcast (2019 MVP),7,1,1,-0.4796067033141087,1.993675116439619,SI,foul,Swing
2019,Post-Statcast (2019 MVP),4,1,2,-0.31499767785919514,2.4189610638204844,FC,swinging_strike,Swing
2019,Post-Statcast (2019 MVP),6,3,2,0.40687490855048736,2.7208805485634775,SL,called_strike,Take (Called Strike)
2019,Post-Statcast (2019 MVP),2,2,3,-0.1003761540950584,2.8258833958388623,FF,foul,Swing
2019,Post-Statcast (2019 MVP),2,2,3,-0.03444208131900667,3.001777057386363,FF,foul,Swing
2019,Post-Statcast (2019 MVP),5,2,2,-0.01362075288214348,2.665924787062453,FC,swinging_strike,Swing
2019,Post-Statcast (2019 MVP),6,3,2,0.6329589427845748,2.291250479641718,SI,called_strike,Take (Called Strike)
2019,Post-Statcast (2019 MVP),7,1,1,-0.5252143169944797,2.0877886407701,FF,foul,Swing
2019,Post-Statcast (2019 MVP),1,1,3,-0.29211095095382844,2.81394651639233,FF,hit_into_play,Swing
2019,Post-Statcast (2019 MVP),5,2,2,-0.2465767449606679,2.5483729838931897,FF,foul,Swing
2019,Post-Statcast (2019 MVP),1,1,3,-0.7737791164109123,3.393091773010891,FF,ball,Take (Called Strike)
2019,Post-Statcast (2019 MVP),7,1,1,-0.6638738652880698,2.1303173559075845,FF,called_strike,Take (Called Strike)
2019,Post-Statcast (2019 MVP),4,1,2,-0.4586800059610008,2.4020776118430964,FF,hit_into_play,Swing
2019,Post-Statcast (2019 MVP),3,3,3,0.4541847224665241,2.7105497918364625,FF,called_strike,Take (Called Strike)
2019,Post-Statcast (2019 MVP),1,1,3,-0.6260703380781134,3.301251784081699,FF,ball,Take (Called Strike)
2019,Post-Statcast (2019 MVP),5,2,2,0.08754326629062426,2.264523431752098,SL,hit_into_play,Swing
2019,Post-Statcast (2019 MVP),4,1,2,-0.4914998533490833,2.324229326700194,FF,foul,Swing
2019,Post-Statcast (2019 MVP),1,1,3,-0.4126356021195991,2.916539635722991,FF,foul,Swing
2019,Post-Statcast (2019 MVP),3,3,3,0.5506732959592207,2.914586110529112,FF,foul,Swing
2019,Post-Statcast (2019 MVP),2,2,3,-0.20177131361172296,3.1413979042717965,FF,called_strike,Take (Called Strike)
2019,Post-Statcast (2019 MVP),6,3,2,0.45893842593615264,2.630955191660031,FF,foul,Swing
2019,Post-Statcast (2019 MVP),1,1,3,-0.8266075419925785,2.9089503323366537,FF,foul,Swing
2019,Post-Statcast (2019 MVP),4,1,2,-0.7128271775404017,2.4100214136130154,SL,called_strike,Take (Called Strike)
2019,Post-Statcast (2019 MVP),4,1,2,-0.582013781114243,2.5146113640371235,FF,foul,Swing
2019,Post-Statcast (2019 MVP),3,3,3,0.40657257034386274,3.5172813700643317,FF,ball,Take (Called Strike)
2019,Post-Statcast (2019 MVP),2,2,3,0.03346993809674492,3.1393499644116214,FF,foul,Swing
2019,Post-Statcast (2019 MVP),6,3,2,0.6941530159018224,2.4247909860546306,FC,hit_into_play,Swing
2019,Post-Statcast (2019 MVP),2,2,3,0.2634239994882088,3.445962130323089,FC,swinging_strike,Swing
2019,Post-Statcast (2019 MVP),9,3,1,0.7039201306003697,2.180709877971325,SI,called_strike,Take (Called Strike)
2019,Post-Statcast (2019 MVP),1,1,3,-0.6163547607521213,2.9592925722340104,FF,called_strike,Take (Called Strike)
2019,Post-Statcast (2019 MVP),2,2,3,0.257320108404121,3.0006691289585796,SL,called_strike,Take (Called Strike)
2019,Post-Statcast (2019 MVP),3,3,3,0.3188354370946269,3.52902394476291,FF,ball,Take (Called Strike)
2019,Post-Statcast (2019 MVP),6,3,2,0.5103679366184526,2.5235910687165752,SI,swinging_strike,Swing
2019,Post-Statcast (2019 MVP),4,1,2,-0.29831445585808963,3.001564183698656,FF,foul,Swing
2019,Post-Statcast (2019 MVP),1,1,3,-0.7317601231200515,3.51563364276921,FF,ball,Take (Called Strike)
2019,Post-Statcast (2019 MVP),9,3,1,0.6027262445452808,1.8252858135464296,SI,hit_into_play,Swing
2019,Post-Statcast (2019 MVP),3,3,3,0.36100780470452554,3.445492399088198,SL,ball,Take (Called Strike)
2019,Post-Statcast (2019 MVP),8,2,1,-0.2702479138623051,1.8162597071712845,SL,called_strike,Take (Called Strike)
2019,Post-Statcast (2019 MVP),6,3,2,0.73535742881793,2.615541151773492,FF,ball,Take (Called Strike)
2019,Post-Statcast (2019 MVP),5,2,2,0.13012119840870995,2.76597802188738,FF,hit_into_play,Swing
2019,Post-Statcast (2019 MVP),1,1,3,-0.7877313445365253,3.4180190795813363,FF,ball,Take (Called Strike)
2019,Post-Statcast (2019 MVP),6,3,2,0.6602098056581032,2.69595975946586,FF,hit_into_play,Swing
2019,Post-Statcast (2019 MVP),3,3,3,0.7488759265068698,3.2374543681315626,CH,ball,Take (Called Strike)
2019,Post-Statcast (2019 MVP),9,3,1,0.5092107119114834,1.742792658807252,CU,foul,Swing
2019,Post-Statcast (2019 MVP),7,1,1,-0.6905941321338618,1.9927355059292091,SI,called_strike,Take (Called Strike)
2019,Post-Statcast (2019 MVP),1,1,3,-0.4739981445532637,2.9776114922626453,FF,hit_into_play,Swing
2019,Post-Statcast (2019 MVP),4,1,2,-0.7911997622385765,2.7692539802696476,FF,called_strike,Take (Called Strike)
2019,Post-Statcast (2019 MVP),8,2,1,-0.17840296563147617,2.082357822848292,FF,hit_into_play,Swing
2019,Post-Statcast (2019 MVP),3,3,3,0.2837348586353719,3.1764308156687653,FF,hit_into_play,Swing
2019,Post-Statcast (2019 MVP),6,3,2,0.3674812796264624,2.7360400021275657,FF,hit_into_play,Swing
2019,Post-Statcast (2019 MVP),5,2,2,0.26988407278368365,2.735555141307555,FF,swinging_strike,Swing
2019,Post-Statcast (2019 MVP),6,3,2,0.5432963536795155,2.2767211178385685,FF,swinging_strike,Swing
2019,Post-Statcast (2019 MVP),9,3,1,0.598487717242016,1.839248678812223,SI,hit_into_play,Swing
2019,Post-Statcast (2019 MVP),6,3,2,0.8046944850519504,2.715700247071512,FF,foul,Swing
2019,Post-Statcast (2019 MVP),2,2,3,0.03292520845506608,3.3808246222100573,FF,called_strike,Take (Called Strike)
2019,Post-Statcast (2019 MVP),4,1,2,-0.4350444277891477,2.434835688005953,SI,foul,Swing
2019,Post-Statcast (2019 MVP),5,2,2,-0.13121503208147944,2.167543985743748,FF,called_strike,Take (Called Strike)
2019,Post-Statcast (2019 MVP),6,3,2,0.5439585430104024,2.8613674545213272,SI,called_strike,Take (Called Strike)
2019,Post-Statcast (2019 MVP),2,2,3,0.27180579148030537,3.1104615260720605,SI,swinging_strike,Swing
2019,Post-Statcast (2019 MVP),3,3,3,0.5242552820775759,3.0366548136803635,CU,called_strike,Take (Called Strike)
2019,Post-Statcast (2019 MVP),5,2,2,-0.05164381019728881,2.6594977026765303,CU,called_strike,Take (Called Strike)
2019,Post-Statcast (2019 MVP),8,2,1,-0.10733962315604197,2.090720827879468,CU,called_strike,Take (Called Strike)
2019,Post-Statcast (2019 MVP),3,3,3,0.34578935307739767,2.9205024730719527,FF,called_strike,Take (Called Strike)
2019,Post-Statcast (2019 MVP),4,1,2,-0.5973809265761699,2.7498099573038393,FF,hit_into_play,Swing
2019,Post-Statcast (2019 MVP),1,1,3,-0.7107253790492831,2.9625191854209603,FF,hit_into_play,Swing
2019,Post-Statcast (2019 MVP),5,2,2,0.12598774069072982,2.779321640844995,FF,foul_tip,Swing
2019,Post-Statcast (2019 MVP),1,1,3,-0.7286656252961516,3.0030267593532973,FF,called_strike,Take (Called Strike)
2019,Post-Statcast (2019 MVP),3,3,3,0.5999131057414823,3.392001749750034,FF,ball,Take (Called Strike)
2019,Post-Statcast (2019 MVP),6,3,2,0.4376744639647626,2.2709499475625785,CU,called_strike,Take (Called Strike)
2019,Post-Statcast (2019 MVP),8,2,1,-0.14779001252190982,2.1438291409858596,FF,hit_into_play,Swing
2019,Post-Statcast (2019 MVP),2,2,3,-0.19454718876038335,3.476292255633868,FF,swinging_strike,Swing
2019,Post-Statcast (2019 MVP),1,1,3,-0.5438958623798144,2.8777462482669915,FF,foul,Swing
2019,Post-Statcast (2019 MVP),7,1,1,-0.28251753642722666,1.762233288398592,FS,foul,Swing
2019,Post-Statcast (2019 MVP),1,1,3,-0.5989737652078277,3.6235331083922127,FF,ball,Take (Called Strike)
2019,Post-Statcast (2019 MVP),5,2,2,0.16303982581041643,2.7806657837322244,FF,called_strike,Take (Called Strike)
2019,Post-Statcast (2019 MVP),2,2,3,-0.04290030458284388,3.1773192554005334,FF,foul,Swing
2019,Post-Statcast (2019 MVP),5,2,2,0.1653786932196203,2.3309303352730306,FF,foul,Swing
2019,Post-Statcast (2019 MVP),6,3,2,0.3379416218856166,2.2200007981621397,FF,called_strike,Take (Called Strike)
2019,Post-Statcast (2019 MVP),4,1,2,-0.39627939662332046,2.4906365688468504,CH,hit_into_play,Swing
2019,Post-Statcast (2019 MVP),5,2,2,-0.20444092099925948,2.3871551789643175,SI,hit_into_play,Swing
2019,Post-Statcast (2019 MVP),7,1,1,-0.7572992189086128,1.8482411132781733,FF,called_strike,Take (Called Strike)
2019,Post-Statcast (2019 MVP),5,2,2,-0.24525455289069664,2.54998147201953,FF,foul,Swing
2019,Post-Statcast (2019 MVP),7,1,1,-0.5858930081932612,1.5225102024271755,FF,called_strike,Take (Called Strike)
2019,Post-Statcast (2019 MVP),6,3,2,0.3872965585353619,2.828480681539785,FF,foul,Swing
2019,Post-Statcast (2019 MVP),2,2,3,0.19908950653631313,2.955558315855341,FF,swinging_strike,Swing
2019,Post-Statcast (2019 MVP),7,1,1,-0.7610191344461097,2.207465251724659,SI,hit_into_play,Swing
2019,Post-Statcast (2019 MVP),5,2,2,-0.10734067311519112,2.5811829155990154,SI,called_strike,Take (Called Strike)
2019,Post-Statcast (2019 MVP),1,1,3,-0.42826861619901085,3.394638150074968,FF,called_strike,Take (Called Strike)
2019,Post-Statcast (2019 MVP),8,2,1,-0.16428077399227847,1.7313167782332304,CH,ball,Take (Called Strike)
2019,Post-Statcast (2019 MVP),4,1,2,-0.4748909388967779,2.34175746122244,SI,hit_into_play,Swing
2019,Post-Statcast (2019 MVP),3,3,3,0.3079246523189729,3.3056592214466556,SI,called_strike,Take (Called Strike)
2019,Post-Statcast (2019 MVP),9,3,1,0.6915108451871724,2.0666797727379396,SL,called_strike,Take (Called Strike)
2019,Post-Statcast (2019 MVP),8,2,1,0.0303852964056257,1.7805753361136438,CU,called_strike,Take (Called Strike)
2019,Post-Statcast (2019 MVP),4,1,2,-0.6781789755996805,2.332211094316164,SI,hit_into_play,Swing
2019,Post-Statcast (2019 MVP),9,3,1,0.3480366250746746,2.1585039319255803,SL,called_strike,Take (Called Strike)
2019,Post-Statcast (2019 MVP),6,3,2,0.6412646511355242,2.6020973761935866,SL,called_strike,Take (Called Strike)
2019,Post-Statcast (2019 MVP),2,2,3,0.08880940592468378,3.524006885549781,SI,called_strike,Take (Called Strike)
2019,Post-Statcast (2019 MVP),8,2,1,0.19883627139432203,1.960089788453438,FF,hit_into_play,Swing
2019,Post-Statcast (2019 MVP),4,1,2,-0.7531131153857675,2.3185012566688936,CH,foul,Swing
2019,Post-Statcast (2019 MVP),4,1,2,-0.6089458390577042,2.243769679559376,FF,foul,Swing
2019,Post-Statcast (2019 MVP),2,2,3,-0.09559504589245554,3.168874675174492,FF,called_strike,Take (Called Strike)
2019,Post-Statcast (2019 MVP),5,2,2,-0.19863923322668864,2.777220265737953,FF,hit_into_play,Swing
2019,Post-Statcast (2019 MVP),8,2,1,0.1895912427395532,2.097872803808466,FF,called_strike,Take (Called Strike)
2019,Post-Statcast (2019 MVP),9,3,1,0.7408625442102055,1.7815363019151982,FF,foul,Swing
2019,Post-Statcast (2019 MVP),1,1,3,-0.39337334661064693,3.371742126457375,FF,ball,Take (Called Strike)
2019,Post-Statcast (2019 MVP),7,1,1,-0.5024959383521266,1.952542950795277,SL,called_strike,Take (Called Strike)
2019,Post-Statcast (2019 MVP),2,2,3,0.15508567903929626,3.1034228025496926,CU,called_strike,Take (Called Strike)
2019,Post-Statcast (2019 MVP),2,2,3,-0.11178566925143264,3.168539617981694,FF,hit_into_play,Swing
2019,Post-Statcast (2019 MVP),3,3,3,0.3744974069595528,3.1530963526380287,FF,called_strike,Take (Called Strike)
2019,Post-Statcast (2019 MVP),3,3,3,0.37958314424572626,2.8869977660318735,FF,called_strike,Take (Called Strike)
2019,Post-Statcast (2019 MVP),7,1,1,-0.7652165970084364,1.9781339346717304,SL,hit_into_play,Swing
2019,Post-Statcast (2019 MVP),1,1,3,-0.6839108412510977,3.0464838702830996,FF,foul,Swing
2019,Post-Statcast (2019 MVP),6,3,2,0.4541485780199294,2.323530408674487,FF,called_strike,Take (Called Strike)
2019,Post-Statcast (2019 MVP),3,3,3,0.3792286162467754,2.976356949680768,FC,hit_into_play,Swing
2019,Post-Statcast (2019 MVP),6,3,2,0.405489255390422,2.919980806293805,KC,called_strike,Take (Called Strike)
2019,Post-Statcast (2019 MVP),1,1,3,-0.5216218885994656,3.2509401683602945,FF,called_strike,Take (Called Strike)
2019,Post-Statcast (2019 MVP),4,1,2,-0.4295361565512435,2.34751778872927,FF,foul,Swing
2019,Post-Statcast (2019 MVP),1,1,3,-0.5537389958457015,3.1203722528012063,SI,hit_into_play,Swing
2019,Post-Statcast (2019 MVP),1,1,3,-0.7461571772247245,3.569009039265628,FF,ball,Take (Called Strike)
2019,Post-Statcast (2019 MVP),4,1,2,-0.6536747124026512,2.6719325687176765,SL,called_strike,Take (Called Strike)
2019,Post-Statcast (2019 MVP),5,2,2,-0.19623234330410555,2.5522744968310778,SV,foul,Swing
2019,Post-Statcast (2019 MVP),2,2,3,-0.14861453169172212,3.1564746621374513,FF,called_strike,Take (Called Strike)
2019,Post-Statcast (2019 MVP),6,3,2,0.4715091600729412,2.478927549163392,SV,called_strike,Take (Called Strike)
2019,Post-Statcast (2019 MVP),9,3,1,0.35461878560120996,1.9258141996280451,SV,hit_into_play,Swing
2019,Post-Statcast (2019 MVP),2,2,3,-0.24243673862360535,3.142890815347559,FC,called_strike,Take (Called Strike)
2019,Post-Statcast (2019 MVP),1,1,3,-0.36452599842788425,3.498583529485191,FF,ball,Take (Called Strike)
2019,Post-Statcast (2019 MVP),8,2,1,0.1772612373743777,2.087137659390381,SV,called_strike,Take (Called Strike)
2019,Post-Statcast (2019 MVP),3,3,3,0.33831996988833224,3.261667858511016,SI,called_strike,Take (Called Strike)
2019,Post-Statcast (2019 MVP),8,2,1,-0.2704995217562939,1.7211582563634718,SI,called_strike,Take (Called Strike)
2019,Post-Statcast (2019 MVP),6,3,2,0.8219814266681291,2.337762532438215,SI,hit_into_play,Swing
2019,Post-Statcast (2019 MVP),6,3,2,0.3780067338890767,2.6631277976981726,SI,called_strike,Take (Called Strike)
2019,Post-Statcast (2019 MVP),2,2,3,-0.13604906460618238,3.3709852160770746,FF,hit_into_play,Swing
2019,Post-Statcast (2019 MVP),6,3,2,0.5457683855346893,2.7224879256475103,SL,called_strike,Take (Called Strike)
2019,Post-Statcast (2019 MVP),9,3,1,0.3603814647936406,1.9334062341859368,SL,foul,Swing
2019,Post-Statcast (2019 MVP),3,3,3,0.6037695327574284,3.2196402842486034,FF,foul,Swing
2019,Post-Statcast (2019 MVP),5,2,2,-0.08135131812825688,2.360414345545141,FF,hit_into_play,Swing
2019,Post-Statcast (2019 MVP),6,3,2,0.5530918551843425,2.75278206887913,FF,foul,Swing
2019,Post-Statcast (2019 MVP),3,3,3,0.2875009365411425,3.4175277860111253,FF,ball,Take (Called Strike)
2019,Post-Statcast (2019 MVP),6,3,2,0.8135998359716073,2.6656712878991,FF,foul,Swing
2019,Post-Statcast (2019 MVP),1,1,3,-0.3031744072730231,3.4096884215549537,FF,called_strike,Take (Called Strike)
2019,Post-Statcast (2019 MVP),8,2,1,0.2550841824909379,1.7025907379209988,SL,hit_into_play,Swing
2019,Post-Statcast (2019 MVP),1,1,3,-0.5331554558089833,3.315762649920246,SL,called_strike,Take (Called Strike)
2019,Post-Statcast (2019 MVP),2,2,3,0.05679892959707677,3.070911911550271,SI,called_strike,Take (Called Strike)
2019,Post-Statcast (2019 MVP),8,2,1,0.09481973218962936,1.8550803940729512,FF,hit_into_play,Swing
2019,Post-Statcast (2019 MVP),6,3,2,0.5905807089956064,2.330269476661727,FF,hit_into_play,Swing
2019,Post-Statcast (2019 MVP),9,3,1,0.8119414036845387,2.1018296211874223,CU,hit_into_play,Swing
2019,Post-Statcast (2019 MVP),3,3,3,0.47957928665467286,3.026774669625954,FF,foul,Swing
2019,Post-Statcast (2019 MVP),3,3,3,0.5449327249300862,3.389764412984875,FF,foul,Swing
2019,Post-Statcast (2019 MVP),1,1,3,-0.4894223418375254,3.1701504705870467,CU,called_strike,Take (Called Strike)
2019,Post-Statcast (2019 MVP),7,1,1,-0.3694421161324444,2.078816951397683,SI,foul,Swing
2019,Post-Statcast (2019 MVP),9,3,1,0.532407336799108,2.1410767530409265,CU,called_strike,Take (Called Strike)
2019,Post-Statcast (2019 MVP),3,3,3,0.5575207403168876,3.1199931632621754,FF,swinging_strike,Swing
2019,Post-Statcast (2019 MVP),2,2,3,0.15098779827392694,2.9275695843656044,SI,foul,Swing
2019,Post-Statcast (2019 MVP),5,2,2,0.1273203882950652,2.6838203515771033,FF,hit_into_play,Swing
2019,Post-Statcast (2019 MVP),1,1,3,-0.6479603669180715,3.2145437049450005,FF,called_strike,Take (Called Strike)
2019,Post-Statcast (2019 MVP),1,1,3,-0.7922050158640389,3.4080380522195,FF,hit_into_play,Swing
2019,Post-Statcast (2019 MVP),4,1,2,-0.27828772213465924,2.451082675761042,FF,hit_into_play,Swing
2019,Post-Statcast (2019 MVP),6,3,2,0.28735933771976707,2.941433373904179,CU,called_strike,Take (Called Strike)
2019,Post-Statcast (2019 MVP),1,1,3,-0.42558998900623257,3.268456875595181,FS,called_strike,Take (Called Strike)
2019,Post-Statcast (2019 MVP),2,2,3,-0.2314150949638071,3.0876221395263075,FF,called_strike,Take (Called Strike)
2019,Post-Statcast (2019 MVP),6,3,2,0.5448711641823745,2.291411930981827,FF,foul,Swing
2019,Post-Statcast (2019 MVP),2,2,3,-0.04087560881483831,2.9360383605768567,FF,swinging_strike,Swing
2019,Post-Statcast (2019 MVP),5,2,2,0.1658276444454186,2.186804776873558,FF,hit_into_play,Swing
2019,Post-Statcast (2019 MVP),8,2,1,0.1704342799087184,1.5678244729202897,CH,foul,Swing
2019,Post-Statcast (2019 MVP),3,3,3,0.7372161429391584,3.2913499096634142,FF,called_strike,Take (Called Strike)
2019,Post-Statcast (2019 MVP),6,3,2,0.33665225177094704,2.7244699569843553,SL,called_strike,Take (Called Strike)
2019,Post-Statcast (2019 MVP),6,3,2,0.2840050326515887,2.5024364893519064,FF,foul,Swing
2019,Post-Statcast (2019 MVP),6,3,2,0.4164603085581342,2.4021098218477888,FF,hit_into_play,Swing
2019,Post-Statcast (2019 MVP),2,2,3,-0.14748465231726027,3.228459605891278,FS,called_strike,Take (Called Strike)
2019,Post-Statcast (2019 MVP),1,1,3,-0.36122023109652823,3.4128795755621812,SI,called_strike,Take (Called Strike)
2019,Post-Statcast (2019 MVP),1,1,3,-0.3402908622031914,3.752288520930853,SI,ball,Take (Called Strike)
2019,Post-Statcast (2019 MVP),4,1,2,-0.6797425681314291,2.494973342799438,FS,called_strike,Take (Called Strike)
2019,Post-Statcast (2019 MVP),7,1,1,-0.5004013691193983,1.94719113315752,FS,foul,Swing
2019,Post-Statcast (2019 MVP),9,3,1,0.4052158433311295,2.06508532529775,SI,called_strike,Take (Called Strike)
2019,Post-Statcast (2019 MVP),6,3,2,0.314575633951893,2.5499085641797827,SL,hit_into_play,Swing
2019,Post-Statcast (2019 MVP),6,3,2,0.5693537784013065,2.8960984495422704,FC,swinging_strike,Swing
2019,Post-Statcast (2019 MVP),1,1,3,-0.7199835871649111,3.345908133308799,FF,ball,Take (Called Strike)
2019,Post-Statcast (2019 MVP),4,1,2,-0.6232965071833214,2.250414994557875,FC,foul,Swing
2019,Post-Statcast (2019 MVP),1,1,3,-0.6331566250065404,3.4984712366522777,FF,called_strike,Take (Called Strike)
2019,Post-Statcast (2019 MVP),5,2,2,-0.1673842719733879,2.2479129133066342,FC,swinging_strike,Swing
2019,Post-Statcast (2019 MVP),2,2,3,-0.2214959805947372,3.031402165965379,FF,foul,Swing
2019,Post-Statcast (2019 MVP),3,3,3,0.5370148163088739,3.4185306073003283,FF,called_strike,Take (Called Strike)
2019,Post-Statcast (2019 MVP),5,2,2,0.2052324813641957,2.650160044746603,FF,hit_into_play,Swing
2019,Post-Statcast (2019 MVP),6,3,2,0.7498657909282933,2.227342747941843,SL,hit_into_play,Swing
2019,Post-Statcast (2019 MVP),2,2,3,0.0124391593981239,3.174111698649763,FF,foul,Swing
2019,Post-Statcast (2019 MVP),1,1,3,-0.5004026026383126,3.1706647619274357,FC,called_strike,Take (Called Strike)
2019,Post-Statcast (2019 MVP),4,1,2,-0.6979035195404668,2.7350305089319917,SI,foul,Swing
2019,Post-Statcast (2019 MVP),7,1,1,-0.6627271098563324,1.816521394890045,CU,ball,Take (Called Strike)
2019,Post-Statcast (2019 MVP),7,1,1,-0.5336658471634348,2.127709772603499,SI,called_strike,Take (Called Strike)
2019,Post-Statcast (2019 MVP),5,2,2,0.0916749153182993,2.683084665790285,FC,foul,Swing
2019,Post-Statcast (2019 MVP),9,3,1,0.7199333111207354,2.2447733395901883,FC,called_strike,Take (Called Strike)
2019,Post-Statcast (2019 MVP),3,3,3,0.475938708476125,3.639402469265286,FC,called_strike,Take (Called Strike)
2019,Post-Statcast (2019 MVP),2,2,3,0.08374579558974451,3.582939711053294,FC,called_strike,Take (Called Strike)
2019,Post-Statcast (2019 MVP),6,3,2,0.4880857251149399,2.4793169884947153,SL,foul,Swing
2019,Post-Statcast (2019 MVP),6,3,2,0.6119188159485516,2.5059497246004754,SL,called_strike,Take (Called Strike)
2019,Post-Statcast (2019 MVP),7,1,1,-0.3761148266972776,1.6957581471867185,FF,hit_into_play,Swing
2019,Post-Statcast (2019 MVP),9,3,1,0.6724458768463208,1.650938299499066,FF,ball,Take (Called Strike)
2019,Post-Statcast (2019 MVP),5,2,2,0.17508171283437934,2.578292226815684,FF,called_strike,Take (Called Strike)
2019,Post-Statcast (2019 MVP),1,1,3,-0.7964388570861562,3.4899756953091257,FF,ball,Take (Called Strike)
2019,Post-Statcast (2019 MVP),4,1,2,-0.7984505567430347,2.876189560624958,FF,called_strike,Take (Called Strike)
2019,Post-Statcast (2019 MVP),5,2,2,-0.25842899136335606,2.246627115256033,FF,hit_into_play,Swing
2019,Post-Statcast (2019 MVP),4,1,2,-0.8242154565045477,2.6575230236342224,FF,ball,Take (Called Strike)
2019,Post-Statcast (2019 MVP),2,2,3,0.25643104854515686,3.197447284821789,FF,swinging_strike,Swing
2019,Post-Statcast (2019 MVP),5,2,2,0.0705845401674493,2.312767157984699,FF,hit_into_play,Swing
2019,Post-Statcast (2019 MVP),1,1,3,-0.5383003305707296,3.1851807349482857,FF,called_strike,Take (Called Strike)
2019,Post-Statcast (2019 MVP),8,2,1,0.17511592879436255,1.9136691691693872,FC,foul,Swing
2019,Post-Statcast (2019 MVP),3,3,3,0.5177026657196155,3.572065139849234,FF,ball,Take (Called Strike)
2019,Post-Statcast (2019 MVP),6,3,2,0.3499378238871692,2.818344009857575,FF,hit_into_play,Swing
2019,Post-Statcast (2019 MVP),1,1,3,-0.5484174499051653,3.0749637923611273,FF,called_strike,Take (Called Strike)
2019,Post-Statcast (2019 MVP),4,1,2,-0.4927971303093691,2.579250167654897,FF,called_strike,Take (Called Strike)
2019,Post-Statcast (2019 MVP),8,2,1,-0.01648334480770585,1.6360039699600777,FF,called_strike,Take (Called Strike)
2019,Post-Statcast (2019 MVP),6,3,2,0.41220860475789367,2.417331952855882,FF,foul,Swing
2019,Post-Statcast (2019 MVP),1,1,3,-0.39190788647313907,3.5464830903761606,FC,foul,Swing
2019,Post-Statcast (2019 MVP),6,3,2,0.7649088728361858,2.8413923873362847,FC,called_strike,Take (Called Strike)
2019,Post-Statcast (2019 MVP),5,2,2,0.03971412623509995,2.513104490731437,SI,hit_into_play,Swing
2019,Post-Statcast (2019 MVP),7,1,1,-0.2941358293779732,1.9501858655924904,SI,foul,Swing
2019,Post-Statcast (2019 MVP),1,1,3,-0.7516934807908151,3.0028874334414755,FF,ball,Take (Called Strike)
2019,Post-Statcast (2019 MVP),4,1,2,-0.7199264752672534,2.5306623051689368,FF,called_strike,Take (Called Strike)
2019,Post-Statcast (2019 MVP),5,2,2,0.2234556800514771,2.35274797349613,FF,hit_into_play,Swing
2019,Post-Statcast (2019 MVP),9,3,1,0.4697261767301788,1.6854643444687976,FF,called_strike,Take (Called Strike)
2019,Post-Statcast (2019 MVP),6,3,2,0.7534613063388216,2.2265266407950737,SI,hit_into_play,Swing
2019,Post-Statcast (2019 MVP),6,3,2,0.29371944809116823,2.2746641547612794,CH,called_strike,Take (Called Strike)
2019,Post-Statcast (2019 MVP),2,2,3,-0.11429951566347568,3.1025769043671847,FF,hit_into_play,Swing
2019,Post-Statcast (2019 MVP),2,2,3,-0.14183393044919113,3.425371064546448,SL,called_strike,Take (Called Strike)
2019,Post-Statcast (2019 MVP),7,1,1,-0.5704119884763232,1.8891427006807675,CH,swinging_strike,Swing
2019,Post-Statcast (2019 MVP),3,3,3,0.4316072147096696,3.0277368888618117,FF,foul,Swing
2019,Post-Statcast (2019 MVP),2,2,3,0.111435007666151,3.397790670015323,FF,foul,Swing
2019,Post-Statcast (2019 MVP),3,3,3,0.41688418202676913,3.4980123417570583,FF,ball,Take (Called Strike)
2019,Post-Statcast (2019 MVP),1,1,3,-0.7475839354634168,3.1756197030732474,FF,ball,Take (Called Strike)
2019,Post-Statcast (2019 MVP),8,2,1,0.03531765441483014,1.7941971183004135,FF,foul,Swing
2019,Post-Statcast (2019 MVP),1,1,3,-0.7460622960160823,3.0546803074687823,FF,called_strike,Take (Called Strike)
2019,Post-Statcast (2019 MVP),3,3,3,0.5350365502041552,3.292709436514209,FF,swinging_strike,Swing
2019,Post-Statcast (2019 MVP),9,3,1,0.3033662331755004,1.84245040829438,CU,hit_into_play,Swing
2019,Post-Statcast (2019 MVP),2,2,3,-0.2420790783293039,3.5803649228327585,FF,called_strike,Take (Called Strike)
2019,Post-Statcast (2019 MVP),6,3,2,0.4939295679950989,2.6934406140283382,CU,called_strike,Take (Called Strike)
2019,Post-Statcast (2019 MVP),1,1,3,-0.4017109511485332,3.5566415603589165,FF,called_strike,Take (Called Strike)
2019,Post-Statcast (2019 MVP),3,3,3,0.411022038863631,3.397705800094009,FF,called_strike,Take (Called Strike)
2019,Post-Statcast (2019 MVP),9,3,1,0.7779435839427199,1.7489224403468615,CH,called_strike,Take (Called Strike)
2019,Post-Statcast (2019 MVP),3,3,3,0.7921288132973014,3.0574046085527176,FF,foul,Swing
2019,Post-Statcast (2019 MVP),5,2,2,0.03178422586158075,2.5021296470169476,FF,foul,Swing
2019,Post-Statcast (2019 MVP),8,2,1,0.0583874549361153,1.806292518236069,FF,called_strike,Take (Called Strike)
2019,Post-Statcast (2019 MVP),1,1,3,-0.7422843744131207,3.620223918192586,FF,ball,Take (Called Strike)
2019,Post-Statcast (2019 MVP),8,2,1,0.25269011888393644,2.2672516142281944,FF,foul,Swing
2019,Post-Statcast (2019 MVP),6,3,2,0.6788377192845831,2.655550874747606,FF,hit_into_play,Swing
2019,Post-Statcast (2019 MVP),9,3,1,0.7987021826139791,2.2086497085360826,SL,foul,Swing
2019,Post-Statcast (2019 MVP),5,2,2,-0.23375242514604855,2.448433927685264,FF,foul,Swing
2019,Post-Statcast (2019 MVP),4,1,2,-0.5514619920414958,2.54012052768895,SI,foul,Swing
2019,Post-Statcast (2019 MVP),4,1,2,-0.35743685752894516,2.664571672854944,SI,called_strike,Take (Called Strike)
2019,Post-Statcast (2019 MVP),3,3,3,0.3219587522942168,3.374476962980548,FF,hit_into_play,Swing
2019,Post-Statcast (2019 MVP),3,3,3,0.4041832615355349,3.1048660239241355,FF,hit_into_play,Swing
2019,Post-Statcast (2019 MVP),2,2,3,-0.249442627656343,3.2062654007303713,FF,called_strike,Take (Called Strike)
2019,Post-Statcast (2019 MVP),8,2,1,0.19528690443517405,2.0361631862798775,FF,called_strike,Take (Called Strike)
2019,Post-Statcast (2019 MVP),3,3,3,0.6298528060380914,3.623280511104164,FF,ball,Take (Called Strike)
2019,Post-Statcast (2019 MVP),9,3,1,0.5433866054074282,1.6995560136582102,SL,foul,Swing
2019,Post-Statcast (2019 MVP),4,1,2,-0.6800232257348902,2.3979662668716264,FF,hit_into_play,Swing
2019,Post-Statcast (2019 MVP),6,3,2,0.35724597637389327,2.543052118942009,FC,swinging_strike,Swing
2019,Post-Statcast (2019 MVP),1,1,3,-0.5147744238753227,2.932899758830759,FC,foul,Swing
2019,Post-Statcast (2019 MVP),8,2,1,0.12923006505830348,1.4976335290965563,CU,called_strike,Take (Called Strike)
2019,Post-Statcast (2019 MVP),9,3,1,0.4082081767612696,1.9276594695100653,FF,swinging_strike,Swing
2019,Post-Statcast (2019 MVP),6,3,2,0.707225947797983,2.059639859594294,SI,called_strike,Take (Called Strike)
2019,Post-Statcast (2019 MVP),6,3,2,0.7500446059801621,2.7049224023416603,FF,foul,Swing
2019,Post-Statcast (2019 MVP),4,1,2,-0.6788968633502144,2.226928313558995,FF,foul,Swing
2019,Post-Statcast (2019 MVP),4,1,2,-0.5613294276678533,2.8825184971660436,FC,foul,Swing
2019,Post-Statcast (2019 MVP),1,1,3,-0.382964525172671,3.3451225314160036,FF,called_strike,Take (Called Strike)
2019,Post-Statcast (2019 MVP),8,2,1,-0.1281900746176999,1.983127701314902,FF,hit_into_play,Swing
2019,Post-Statcast (2019 MVP),7,1,1,-0.6554938892605123,2.103129789950636,SI,hit_into_play,Swing
2019,Post-Statcast (2019 MVP),8,2,1,0.0954950982066517,2.158589554296349,SI,called_strike,Take (Called Strike)
2019,Post-Statcast (2019 MVP),1,1,3,-0.4095248886319549,2.918972250564199,FC,hit_into_play,Swing
2019,Post-Statcast (2019 MVP),9,3,1,0.28174100556781645,2.201202586197956,FF,foul,Swing
2019,Post-Statcast (2019 MVP),1,1,3,-0.3476325182736122,3.3067387588199315,SI,called_strike,Take (Called Strike)
2019,Post-Statcast (2019 MVP),2,2,3,-0.201230327195427,3.449045062773415,FF,called_strike,Take (Called Strike)
2019,Post-Statcast (2019 MVP),1,1,3,-0.46670957039116256,3.043209635726284,FF,foul,Swing
2019,Post-Statcast (2019 MVP),5,2,2,-0.18083797565498896,2.539476766061856,SI,called_strike,Take (Called Strike)
2019,Post-Statcast (2019 MVP),7,1,1,-0.2990002515848258,1.9467580374493587,FF,hit_into_play,Swing
2019,Post-Statcast (2019 MVP),8,2,1,0.22366189843477957,1.6101393955152743,CH,swinging_strike,Swing
2019,Post-Statcast (2019 MVP),3,3,3,0.3976023748404297,3.123678807074672,FF,foul,Swing
2019,Post-Statcast (2019 MVP),7,1,1,-0.3429320739943138,1.7016480701452936,SL,hit_into_play,Swing
2019,Post-Statcast (2019 MVP),5,2,2,0.18056606361427652,2.483814043100457,FF,foul,Swing
2019,Post-Statcast (2019 MVP),8,2,1,-0.02035481102519509,1.970893976111685,CH,hit_into_play,Swing
2019,Post-Statcast (2019 MVP),2,2,3,0.16469925262282026,3.2212749734564823,FC,foul,Swing
2019,Post-Statcast (2019 MVP),3,3,3,0.441481995198704,3.122024009157169,FF,foul_tip,Swing
2019,Post-Statcast (2019 MVP),5,2,2,0.11438189909859307,2.931174715247512,SI,called_strike,Take (Called Strike)
2019,Post-Statcast (2019 MVP),6,3,2,0.49293688514677425,2.627450528033683,FC,hit_into_play,Swing
2019,Post-Statcast (2019 MVP),2,2,3,0.26080312655097654,3.1054191881851136,FC,ball,Take (Called Strike)
2019,Post-Statcast (2019 MVP),9,3,1,0.4963136548062217,1.6975312757242635,SL,foul,Swing
2019,Post-Statcast (2019 MVP),6,3,2,0.5955537928724629,2.889565434170666,FF,ball,Take (Called Strike)
2019,Post-Statcast (2019 MVP),8,2,1,0.07830011435506601,1.9482543212727172,KC,called_strike,Take (Called Strike)
2019,Post-Statcast (2019 MVP),8,2,1,-0.01668191036136845,2.027059638652719,CH,hit_into_play,Swing
2019,Post-Statcast (2019 MVP),7,1,1,-0.4761755394654502,2.3091219781018086,SL,foul,Swing
2019,Post-Statcast (2019 MVP),4,1,2,-0.35640677828241707,2.8888038615904637,FF,hit_into_play,Swing
2019,Post-Statcast (2019 MVP),6,3,2,0.6823136132616342,2.3845420224697715,FF,ball,Take (Called Strike)
2019,Post-Statcast (2019 MVP),7,1,1,-0.7260020882767598,2.0446745773067523,FF,swinging_strike,Swing
2019,Post-Statcast (2019 MVP),3,3,3,0.41115548928751033,3.3706530627732727,CU,called_strike,Take (Called Strike)
2019,Post-Statcast (2019 MVP),8,2,1,-0.26946655550871923,1.5385332260234224,CU,called_strike,Take (Called Strike)
2019,Post-Statcast (2019 MVP),6,3,2,0.4116389725835512,2.509801028535155,SL,foul,Swing
2019,Post-Statcast (2019 MVP),2,2,3,0.20080826063547744,3.0058998863730366,FF,foul,Swing
2019,Post-Statcast (2019 MVP),2,2,3,0.16040033194814918,2.904731047475762,FF,foul,Swing
2019,Post-Statcast (2019 MVP),4,1,2,-0.46196837273329194,2.560510835371155,SI,hit_into_play,Swing
2019,Post-Statcast (2019 MVP),4,1,2,-0.45625539564676254,2.565626457536568,FF,called_strike,Take (Called Strike)
2019,Post-Statcast (2019 MVP),8,2,1,0.2680233972921998,1.6567866507480735,FF,ball,Take (Called Strike)
2019,Post-Statcast (2019 MVP),6,3,2,0.3541484439279301,2.477223566177147,FF,hit_into_play,Swing
2019,Post-Statcast (2019 MVP),2,2,3,0.15325825128404935,3.1762984056499244,FF,ball,Take (Called Strike)
2019,Post-Statcast (2019 MVP),3,3,3,0.7637190719941497,3.2408892347969944,FF,called_strike,Take (Called Strike)
2019,Post-Statcast (2019 MVP),9,3,1,0.795368607304907,1.8307438348168157,FF,called_strike,Take (Called Strike)
2019,Post-Statcast (2019 MVP),5,2,2,0.16687462245632534,2.370146668496041,FC,hit_into_play,Swing
2019,Post-Statcast (2019 MVP),6,3,2,0.4346716541529184,2.618997023530753,FF,hit_into_play,Swing
2019,Post-Statcast (2019 MVP),3,3,3,0.47467920847122935,3.363507332450106,FC,called_strike,Take (Called Strike)
2019,Post-Statcast (2019 MVP),8,2,1,0.07087836878470344,1.5592629692763649,SI,hit_into_play,Swing
2019,Post-Statcast (2019 MVP),2,2,3,0.26702170215267784,3.42420728280263,FF,ball,Take (Called Strike)
2019,Post-Statcast (2019 MVP),9,3,1,0.5006248180568518,1.8988803229742173,CH,hit_into_play,Swing
2019,Post-Statcast (2019 MVP),2,2,3,-0.21281473561963948,2.923041383791251,FF,foul,Swing
2019,Post-Statcast (2019 MVP),3,3,3,0.6408017609455242,3.415471405166312,FF,ball,Take (Called Strike)
2019,Post-Statcast (2019 MVP),6,3,2,0.5343973954175543,2.221120978054053,SL,hit_into_play,Swing
2019,Post-Statcast (2019 MVP),4,1,2,-0.7108582147019034,2.3184683044930923,SI,called_strike,Take (Called Strike)
2019,Post-Statcast (2019 MVP),1,1,3,-0.3644240208825011,2.860628498634806,FF,hit_into_play,Swing
2019,Post-Statcast (2019 MVP),4,1,2,-0.7223608529958845,2.629437692703148,FF,foul,Swing
2019,Post-Statcast (2019 MVP),8,2,1,0.24860852273162748,2.0516376053537586,CH,hit_into_play,Swing
2019,Post-Statcast (2019 MVP),7,1,1,-0.5674262496931459,1.863823661462005,SI,called_strike,Take (Called Strike)
2019,Post-Statcast (2019 MVP),7,1,1,-0.4764966823939723,1.752296661872604,SL,hit_into_play,Swing
2019,Post-Statcast (2019 MVP),9,3,1,0.8290128832480428,2.129466898673096,SI,called_strike,Take (Called Strike)
2019,Post-Statcast (2019 MVP),4,1,2,-0.40768523620325614,2.574178420251128,CH,foul,Swing
2019,Post-Statcast (2019 MVP),5,2,2,-0.19379364296134785,2.865761345205178,FF,foul,Swing
2019,Post-Statcast (2019 MVP),7,1,1,-0.6698329292493597,1.6054241221135204,FF,called_strike,Take (Called Strike)
2019,Post-Statcast (2019 MVP),4,1,2,-0.49147415344138823,2.420048635021514,KC,called_strike,Take (Called Strike)
2019,Post-Statcast (2019 MVP),8,2,1,0.12316336197393828,2.0699530739815772,SL,foul,Swing
2019,Post-Statcast (2019 MVP),3,3,3,0.7614858403704178,3.2040719577750956,FF,foul,Swing
2019,Post-Statcast (2019 MVP),4,1,2,-0.5709338240593659,2.602912199579574,SI,hit_into_play,Swing
2019,Post-Statcast (2019 MVP),8,2,1,0.04334725577609705,1.6357643441783765,SL,called_strike,Take (Called Strike)
2019,Post-Statcast (2019 MVP),9,3,1,0.6932177265618787,1.973355013671363,SI,called_strike,Take (Called Strike)
2019,Post-Statcast (2019 MVP),1,1,3,-0.4157137085450572,2.881521904515031,FF,hit_into_play,Swing
2019,Post-Statcast (2019 MVP),9,3,1,0.6477017148576886,2.0962772026923355,FF,foul,Swing
2019,Post-Statcast (2019 MVP),9,3,1,0.28242989108213146,1.8379480477866577,CH,hit_into_play,Swing
2019,Post-Statcast (2019 MVP),7,1,1,-0.6686502648842901,1.7498826465095814,FF,ball,Take (Called Strike)
2019,Post-Statcast (2019 MVP),6,3,2,0.5324193043378185,2.4907039153646844,FF,called_strike,Take (Called Strike)
2019,Post-Statcast (2019 MVP),6,3,2,0.582410824811924,2.385212239914524,SI,foul,Swing
2019,Post-Statcast (2019 MVP),4,1,2,-0.49532135435807306,2.686351985705214,FF,foul_tip,Swing
2019,Post-Statcast (2019 MVP),5,2,2,-0.15702836143917043,2.3873593485965654,FF,foul,Swing
2019,Post-Statcast (2019 MVP),4,1,2,-0.48004891871383815,2.3126165456796675,FF,foul,Swing
2019,Post-Statcast (2019 MVP),4,1,2,-0.6351975707193334,2.3788730802592175,CH,hit_into_play,Swing
2019,Post-Statcast (2019 MVP),7,1,1,-0.7986771500575836,1.7765878086429534,CH,foul,Swing
2019,Post-Statcast (2019 MVP),4,1,2,-0.6304689335230051,2.369539583291833,CH,foul,Swing
2019,Post-Statcast (2019 MVP),7,1,1,-0.43513682614051574,1.5552797121870192,CH,swinging_strike,Swing
2019,Post-Statcast (2019 MVP),9,3,1,0.70818149256249,2.2284333031937114,FF,called_strike,Take (Called Strike)
2019,Post-Statcast (2019 MVP),3,3,3,0.5867493715731806,2.911622498429023,FF,hit_into_play,Swing
2019,Post-Statcast (2019 MVP),1,1,3,-0.5047241281559431,3.0699978593049773,FF,foul,Swing
2019,Post-Statcast (2019 MVP),8,2,1,0.17813713461220526,1.565759159438981,CU,ball,Take (Called Strike)
2019,Post-Statcast (2019 MVP),5,2,2,-0.07104559806126076,2.846145796629534,FF,hit_into_play,Swing
2019,Post-Statcast (2019 MVP),1,1,3,-0.760029917324007,3.2006893813216433,FF,hit_into_play,Swing
2019,Post-Statcast (2019 MVP),1,1,3,-0.584019440919479,3.152565368358082,FF,called_strike,Take (Called Strike)
2019,Post-Statcast (2019 MVP),3,3,3,0.4987304191506928,3.491486917290256,FF,ball,Take (Called Strike)
2019,Post-Statcast (2019 MVP),2,2,3,0.06309743199870954,3.221964297000881,FF,called_strike,Take (Called Strike)
2019,Post-Statcast (2019 MVP),4,1,2,-0.536300173724936,2.4783622877557576,SI,called_strike,Take (Called Strike)
2019,Post-Statcast (2019 MVP),6,3,2,0.397663019842595,2.568042057582746,CU,called_strike,Take (Called Strike)
2019,Post-Statcast (2019 MVP),6,3,2,0.3992817441628955,2.69339661708622,SI,called_strike,Take (Called Strike)
2019,Post-Statcast (2019 MVP),2,2,3,0.131264544605023,3.424420611370373,FF,hit_into_play,Swing
2019,Post-Statcast (2019 MVP),6,3,2,0.7516335820112148,2.8589441148104915,FF,called_strike,Take (Called Strike)
2019,Post-Statcast (2019 MVP),8,2,1,-0.1133821517394018,1.7197170351365134,FF,called_strike,Take (Called Strike)
2019,Post-Statcast (2019 MVP),8,2,1,-0.06115059836765138,1.9468068240667833,SL,hit_into_play,Swing
2019,Post-Statcast (2019 MVP),8,2,1,-0.2008047843436084,2.0514396084464654,SL,foul,Swing
2019,Post-Statcast (2019 MVP),8,2,1,-0.02903864142734458,1.9109810834979228,SL,swinging_strike,Swing
2019,Post-Statcast (2019 MVP),2,2,3,0.05396775197902881,2.949577678535925,FF,hit_into_play,Swing
2019,Post-Statcast (2019 MVP),7,1,1,-0.5187231442281894,1.7577095840099397,SL,called_strike,Take (Called Strike)
2019,Post-Statcast (2019 MVP),6,3,2,0.5642894862843105,2.7363389027421725,FF,hit_into_play,Swing
2019,Post-Statcast (2019 MVP),1,1,3,-0.701574869756826,3.47669835591362,FF,foul,Swing
2019,Post-Statcast (2019 MVP),9,3,1,0.3223325559258856,2.140161937526174,FF,hit_into_play,Swing
2019,Post-Statcast (2019 MVP),6,3,2,0.3682292156676308,2.877930051969737,SL,called_strike,Take (Called Strike)
2019,Post-Statcast (2019 MVP),9,3,1,0.7359646175822382,2.158722288982553,FF,ball,Take (Called Strike)
2019,Post-Statcast (2019 MVP),6,3,2,0.5885789003574217,2.645640053269403,ST,called_strike,Take (Called Strike)
2019,Post-Statcast (2019 MVP),4,1,2,-0.7375469324277855,2.194981718514472,SI,hit_into_play,Swing
2019,Post-Statcast (2019 MVP),1,1,3,-0.745308157497204,2.938565748867814,FF,called_strike,Take (Called Strike)
2019,Post-Statcast (2019 MVP),5,2,2,-0.26021189336359996,2.3366321707636692,SI,called_strike,Take (Called Strike)
2019,Post-Statcast (2019 MVP),2,2,3,0.2589667922370307,3.0415660536914135,FF,hit_into_play,Swing
2019,Post-Statcast (2019 MVP),9,3,1,0.7632083962931404,2.0033400853822276,ST,foul,Swing
2019,Post-Statcast (2019 MVP),9,3,1,0.6812922947146688,1.9868932472282064,FF,foul,Swing
2019,Post-Statcast (2019 MVP),5,2,2,0.07318593618373503,2.551020536538677,FF,called_strike,Take (Called Strike)
2019,Post-Statcast (2019 MVP),6,3,2,0.313032287793313,2.189581830736369,FF,called_strike,Take (Called Strike)
2019,Post-Statcast (2019 MVP),6,3,2,0.4732318995553322,2.123822642461081,SI,hit_into_play,Swing
2019,Post-Statcast (2019 MVP),2,2,3,0.2699337864056044,2.956115189111582,SI,called_strike,Take (Called Strike)
2019,Post-Statcast (2019 MVP),9,3,1,0.8223372372055479,1.812637887670752,SL,hit_into_play,Swing
2019,Post-Statcast (2019 MVP),3,3,3,0.3700685220281897,3.1072461937711817,FF,called_strike,Take (Called Strike)
2019,Post-Statcast (2019 MVP),5,2,2,0.21525813234027505,2.8688647018348608,FF,hit_into_play,Swing
2019,Post-Statcast (2019 MVP),6,3,2,0.5614702141741762,2.3980721708613295,SL,called_strike,Take (Called Strike)
2019,Post-Statcast (2019 MVP),3,3,3,0.6573698029614287,3.222853993298711,FF,swinging_strike,Swing
2019,Post-Statcast (2019 MVP),6,3,2,0.41467446417152104,2.4293825414616395,FC,foul,Swing
2019,Post-Statcast (2019 MVP),6,3,2,0.8029703035140996,2.823224792662195,FF,called_strike,Take (Called Strike)
2019,Post-Statcast (2019 MVP),3,3,3,0.5452657614690191,2.945782839033246,FF,hit_into_play,Swing
2019,Post-Statcast (2019 MVP),6,3,2,0.7476641501286607,2.2754805241286578,FF,foul,Swing
2019,Post-Statcast (2019 MVP),9,3,1,0.35939775935372975,1.7404179459446565,FF,called_strike,Take (Called Strike)
2019,Post-Statcast (2019 MVP),2,2,3,-0.0846972202257742,3.4934421264035236,FF,swinging_strike,Swing
2019,Post-Statcast (2019 MVP),1,1,3,-0.590132141705549,3.202593628524437,FF,foul,Swing
2019,Post-Statcast (2019 MVP),6,3,2,0.7342989036340507,2.5472016553423353,SL,called_strike,Take (Called Strike)
2019,Post-Statcast (2019 MVP),2,2,3,-0.27089470063540866,2.9929533512579525,FF,hit_into_play,Swing
2019,Post-Statcast (2019 MVP),3,3,3,0.6626141537261432,3.0573645428991476,FF,called_strike,Take (Called Strike)
2019,Post-Statcast (2019 MVP),8,2,1,-0.11051095462203604,2.1633642013485614,CU,called_strike,Take (Called Strike)
2019,Post-Statcast (2019 MVP),7,1,1,-0.6103531580410837,2.080609937406736,SI,hit_into_play,Swing
2019,Post-Statcast (2019 MVP),9,3,1,0.8140528072305022,1.838258452736078,SI,called_strike,Take (Called Strike)
2019,Post-Statcast (2019 MVP),1,1,3,-0.39130622499249346,3.2303503468578487,SI,called_strike,Take (Called Strike)
2019,Post-Statcast (2019 MVP),9,3,1,0.6573894037735193,1.5618432314016522,CU,hit_into_play,Swing
2019,Post-Statcast (2019 MVP),6,3,2,0.5956081262720944,2.360608059969546,CU,called_strike,Take (Called Strike)
2019,Post-Statcast (2019 MVP),5,2,2,-0.03907363157341015,2.59083317036685,CU,foul,Swing
2019,Post-Statcast (2019 MVP),2,2,3,0.07704344599463842,3.429575805405647,FF,ball,Take (Called Strike)
2019,Post-Statcast (2019 MVP),6,3,2,0.7897183398634448,2.4702163371771544,FF,called_strike,Take (Called Strike)
2019,Post-Statcast (2019 MVP),6,3,2,0.8061441968409042,2.4678934306609324,SV,hit_into_play,Swing
2019,Post-Statcast (2019 MVP),6,3,2,0.7406530351223231,2.4873432002889015,SV,called_strike,Take (Called Strike)
2019,Post-Statcast (2019 MVP),5,2,2,0.2352334981403672,2.563498042871805,FF,hit_into_play,Swing
2019,Post-Statcast (2019 MVP),8,2,1,0.04764369269086632,2.1451221327260868,SV,foul,Swing
2019,Post-Statcast (2019 MVP),4,1,2,-0.6779351601415371,2.523540258117027,SI,foul,Swing
2019,Post-Statcast (2019 MVP),2,2,3,-0.2501371761854285,3.2312743691919845,SV,called_strike,Take (Called Strike)
2019,Post-Statcast (2019 MVP),4,1,2,-0.7397375532338093,2.30619776830768,SI,swinging_strike,Swing
2019,Post-Statcast (2019 MVP),6,3,2,0.3492817547015914,2.5303130737464476,SI,foul,Swing
2019,Post-Statcast (2019 MVP),8,2,1,-0.1994356888661737,2.376329753622932,SI,called_strike,Take (Called Strike)
2019,Post-Statcast (2019 MVP),8,2,1,0.2109768020495043,1.9326810792161255,CU,called_strike,Take (Called Strike)
2019,Post-Statcast (2019 MVP),8,2,1,-0.06180164417516165,1.790460944084562,SI,hit_into_play,Swing
2019,Post-Statcast (2019 MVP),1,1,3,-0.3922890654523365,3.016736220326212,FF,foul,Swing
2019,Post-Statcast (2019 MVP),4,1,2,-0.525155385866856,2.3377023095512577,SL,called_strike,Take (Called Strike)
2019,Post-Statcast (2019 MVP),2,2,3,-0.10668106213204975,3.0445542582851512,FF,called_strike,Take (Called Strike)
2019,Post-Statcast (2019 MVP),6,3,2,0.6312386095307561,2.3472516059566617,CH,hit_into_play,Swing
2019,Post-Statcast (2019 MVP),1,1,3,-0.2776905627691305,3.2861647601731248,FF,foul,Swing
2019,Post-Statcast (2019 MVP),2,2,3,-0.233170036601108,2.9952790585203153,CH,called_strike,Take (Called Strike)
2019,Post-Statcast (2019 MVP),5,2,2,0.2557227408297338,2.371978933875572,CH,hit_into_play,Swing
2019,Post-Statcast (2019 MVP),9,3,1,0.37469002972629606,2.1255778213870142,CH,hit_into_play,Swing
2019,Post-Statcast (2019 MVP),8,2,1,0.13178639018906857,2.031569278500789,FF,called_strike,Take (Called Strike)
2019,Post-Statcast (2019 MVP),6,3,2,0.5590084914977625,2.768564452903602,FF,hit_into_play,Swing
2019,Post-Statcast (2019 MVP),8,2,1,0.09590050190410088,2.1648211937350617,FF,called_strike,Take (Called Strike)
2019,Post-Statcast (2019 MVP),3,3,3,0.4069266864371728,3.4060465079858178,SI,called_strike,Take (Called Strike)
2019,Post-Statcast (2019 MVP),6,3,2,0.6709493716943176,2.640258658526484,FF,called_strike,Take (Called Strike)
2019,Post-Statcast (2019 MVP),1,1,3,-0.4133889622521375,3.1286519107843125,FF,called_strike,Take (Called Strike)
2019,Post-Statcast (2019 MVP),2,2,3,-0.25878061183508566,3.2218519255531075,SL,swinging_strike,Swing
2019,Post-Statcast (2019 MVP),7,1,1,-0.4416503338546024,1.6588373796412443,FF,foul,Swing
2019,Post-Statcast (2019 MVP),1,1,3,-0.5655228092828816,3.220677247986366,FF,foul,Swing
2019,Post-Statcast (2019 MVP),9,3,1,0.5910832283030765,1.7685838183991862,CH,foul,Swing
2019,Post-Statcast (2019 MVP),8,2,1,-0.07054988451833707,2.177531620956312,SL,called_strike,Take (Called Strike)
2019,Post-Statcast (2019 MVP),9,3,1,0.3832011024851978,1.6172043794008977,CH,ball,Take (Called Strike)
2019,Post-Statcast (2019 MVP),6,3,2,0.5615617461543524,2.7470350311218423,FF,hit_into_play,Swing
2019,Post-Statcast (2019 MVP),6,3,2,0.48446680780601414,2.8152438264494646,SL,called_strike,Take (Called Strike)
2019,Post-Statcast (2019 MVP),4,1,2,-0.35798594681498774,2.8202424272662734,SL,swinging_strike,Swing
2019,Post-Statcast (2019 MVP),9,3,1,0.7647531985653975,1.583110538191836,SI,called_strike,Take (Called Strike)
2019,Post-Statcast (2019 MVP),6,3,2,0.6918825818667426,2.8634475550842917,FF,called_strike,Take (Called Strike)
2019,Post-Statcast (2019 MVP),3,3,3,0.7769596626229799,3.508607993882268,FF,ball,Take (Called Strike)
2019,Post-Statcast (2019 MVP),7,1,1,-0.4136333320016424,1.604506889564573,FF,foul,Swing
2019,Post-Statcast (2019 MVP),8,2,1,0.20472156630954208,1.8721848308041191,FF,called_strike,Take (Called Strike)
2019,Post-Statcast (2019 MVP),4,1,2,-0.7780823409446498,2.846064697022787,FF,hit_into_play,Swing
2019,Post-Statcast (2019 MVP),5,2,2,-0.07711261586947171,2.5972616762887117,SI,called_strike,Take (Called Strike)
2019,Post-Statcast (2019 MVP),1,1,3,-0.3947169164528964,3.144760212398782,FF,hit_into_play,Swing
2019,Post-Statcast (2019 MVP),6,3,2,0.6741879805749377,2.6639963838214755,SL,called_strike,Take (Called Strike)
2019,Post-Statcast (2019 MVP),9,3,1,0.6277696250582624,2.0376112564388684,SL,hit_into_play,Swing
2019,Post-Statcast (2019 MVP),7,1,1,-0.3389330042783827,2.0023724145458903,FF,foul,Swing
2019,Post-Statcast (2019 MVP),2,2,3,-0.09220836054871906,3.1037497966790077,FF,foul_tip,Swing
2019,Post-Statcast (2019 MVP),2,2,3,-0.23239001886848187,3.327034053788659,FF,called_strike,Take (Called Strike)
2019,Post-Statcast (2019 MVP),1,1,3,-0.4589944427834385,3.4620919551628986,FF,swinging_strike,Swing
2019,Post-Statcast (2019 MVP),9,3,1,0.34033283603224546,2.123524453191556,SL,foul,Swing
2019,Post-Statcast (2019 MVP),7,1,1,-0.4489129557997176,2.161843607697596,SL,called_strike,Take (Called Strike)
2019,Post-Statcast (2019 MVP),8,2,1,-0.16738111064886596,2.2625404190699308,FF,foul,Swing
2019,Post-Statcast (2019 MVP),5,2,2,0.21030905858130333,2.5415786781833982,FF,swinging_strike,Swing
2019,Post-Statcast (2019 MVP),8,2,1,0.09364095717254615,1.9796095155636335,SL,hit_into_play,Swing
2019,Post-Statcast (2019 MVP),7,1,1,-0.8122316369569322,2.109699240024864,FF,called_strike,Take (Called Strike)
2019,Post-Statcast (2019 MVP),9,3,1,0.37951944189269415,1.9178854843141175,SL,hit_into_play,Swing
2019,Post-Statcast (2019 MVP),5,2,2,-0.04366982596776619,2.2945019891345493,SL,foul,Swing
2019,Post-Statcast (2019 MVP),3,3,3,0.37163877921654465,3.021449954431807,CH,called_strike,Take (Called Strike)
2019,Post-Statcast (2019 MVP),5,2,2,-0.1937678697200269,2.4856218716399785,SL,called_strike,Take (Called Strike)
2019,Post-Statcast (2019 MVP),4,1,2,-0.5317710482076584,2.4390347877045335,SL,hit_into_play,Swing
2019,Post-Statcast (2019 MVP),5,2,2,0.2335454535186128,2.772793253079799,FF,foul,Swing
2019,Post-Statcast (2019 MVP),3,3,3,0.2896810880783015,3.3718653425777294,SI,ball,Take (Called Strike)
2019,Post-Statcast (2019 MVP),7,1,1,-0.3203894867795445,2.095578560901705,SI,hit_into_play,Swing
2019,Post-Statcast (2019 MVP),7,1,1,-0.30684821567041565,2.1886480929370427,FF,called_strike,Take (Called Strike)
2019,Post-Statcast (2019 MVP),5,2,2,-0.01001993038794729,2.4320419916993035,CU,called_strike,Take (Called Strike)
2019,Post-Statcast (2019 MVP),8,2,1,-0.176555052141802,1.7647935431478723,CH,hit_into_play,Swing
2019,Post-Statcast (2019 MVP),8,2,1,-0.0290407060603195,2.1404578283872344,CH,foul,Swing
2019,Post-Statcast (2019 MVP),6,3,2,0.44060723695258286,2.58028239379715,CU,called_strike,Take (Called Strike)
2019,Post-Statcast (2019 MVP),5,2,2,-0.1982832267006278,2.487841889659419,FF,foul,Swing
2019,Post-Statcast (2019 MVP),4,1,2,-0.6420631439012274,2.6999110513755893,CH,foul,Swing
2019,Post-Statcast (2019 MVP),5,2,2,0.10522066342117632,2.517190150214841,FF,foul,Swing
2019,Post-Statcast (2019 MVP),6,3,2,0.4615207720412563,2.5079533304468997,SL,hit_into_play,Swing
2019,Post-Statcast (2019 MVP),5,2,2,0.2542011505464019,2.739375809458343,SI,hit_into_play,Swing
2019,Post-Statcast (2019 MVP),2,2,3,-0.2074345802610723,3.068076896826912,SI,foul,Swing
2019,Post-Statcast (2019 MVP),1,1,3,-0.6439236533248507,3.1659823001309277,SI,ball,Take (Called Strike)
2019,Post-Statcast (2019 MVP),8,2,1,-0.03999611650000423,1.587880668191811,FF,called_strike,Take (Called Strike)
2019,Post-Statcast (2019 MVP),6,3,2,0.4902562219798366,2.593760972337541,SL,called_strike,Take (Called Strike)
2019,Post-Statcast (2019 MVP),8,2,1,0.02138779320902995,1.6496245869416624,SI,hit_into_play,Swing
2019,Post-Statcast (2019 MVP),5,2,2,0.2473451863362175,2.3121112990590458,FC,called_strike,Take (Called Strike)
2019,Post-Statcast (2019 MVP),1,1,3,-0.7343375100088022,2.8714428296344052,SV,ball,Take (Called Strike)
2019,Post-Statcast (2019 MVP),3,3,3,0.4662153087160707,3.2421402329974347,FF,foul,Swing
2019,Post-Statcast (2019 MVP),6,3,2,0.4175464994788166,2.288979553447911,SI,hit_into_play,Swing
2019,Post-Statcast (2019 MVP),3,3,3,0.7776042880795746,3.4234266505112387,SI,ball,Take (Called Strike)
2019,Post-Statcast (2019 MVP),9,3,1,0.7835254644264198,1.8828829574691692,SV,called_strike,Take (Called Strike)
2019,Post-Statcast (2019 MVP),8,2,1,-0.21424853574344935,1.5681306578697043,FC,called_strike,Take (Called Strike)
2019,Post-Statcast (2019 MVP),2,2,3,-0.14015971903086286,2.961839048266178,SL,called_strike,Take (Called Strike)
2019,Post-Statcast (2019 MVP),4,1,2,-0.28642971384817895,2.349839812854267,SI,foul,Swing
2019,Post-Statcast (2019 MVP),9,3,1,0.6033924413806047,1.7253639414671549,CH,called_strike,Take (Called Strike)
2019,Post-Statcast (2019 MVP),9,3,1,0.7131877694088498,2.1792808177804304,CU,called_strike,Take (Called Strike)
2019,Post-Statcast (2019 MVP),9,3,1,0.7056428996991426,1.634943609306675,SI,ball,Take (Called Strike)
2019,Post-Statcast (2019 MVP),2,2,3,-0.2262407988420012,3.087590161452439,SI,called_strike,Take (Called Strike)
2019,Post-Statcast (2019 MVP),4,1,2,-0.3679259295241363,2.425913950237765,FF,hit_into_play,Swing
2019,Post-Statcast (2019 MVP),6,3,2,0.4711804920730348,2.3256740326224845,FF,hit_into_play,Swing
2019,Post-Statcast (2019 MVP),2,2,3,-0.05371943324061534,3.105531406961137,FF,hit_into_play,Swing
2019,Post-Statcast (2019 MVP),4,1,2,-0.5351271498163355,2.5591398601897386,FF,hit_into_play,Swing
2019,Post-Statcast (2019 MVP),5,2,2,0.18854149745920645,2.48596430392379,FF,called_strike,Take (Called Strike)
2019,Post-Statcast (2019 MVP),9,3,1,0.6273590044146198,1.804957790227168,SL,hit_into_play,Swing
2019,Post-Statcast (2019 MVP),4,1,2,-0.6233774610917416,2.750638889740467,FF,called_strike,Take (Called Strike)
2019,Post-Statcast (2019 MVP),8,2,1,0.16269687849029138,2.106039185903681,SL,hit_into_play,Swing
2019,Post-Statcast (2019 MVP),1,1,3,-0.3591065289314252,2.9616373420148134,SL,hit_into_play,Swing
2019,Post-Statcast (2019 MVP),1,1,3,-0.602972444768123,3.148493632323352,FF,hit_into_play,Swing
2019,Post-Statcast (2019 MVP),1,1,3,-0.7484721687478061,3.389824518903698,FF,ball,Take (Called Strike)
2019,Post-Statcast (2019 MVP),4,1,2,-0.4548877017315652,2.631081131626087,SL,called_strike,Take (Called Strike)
2019,Post-Statcast (2019 MVP),3,3,3,0.47524808293741905,3.04778310864858,FF,called_strike,Take (Called Strike)
2019,Post-Statcast (2019 MVP),4,1,2,-0.5196018060334652,2.6120593255479436,FF,hit_into_play,Swing
2019,Post-Statcast (2019 MVP),4,1,2,-0.4881778358266111,2.40729591609467,SL,hit_into_play,Swing
2019,Post-Statcast (2019 MVP),2,2,3,-0.09280888309703372,3.02592455983213,FF,called_strike,Take (Called Strike)
2019,Post-Statcast (2019 MVP),8,2,1,0.01977282933081875,1.6895539542999742,FF,hit_into_play,Swing
2019,Post-Statcast (2019 MVP),3,3,3,0.3048095289039906,3.458931541773485,SI,ball,Take (Called Strike)
2019,Post-Statcast (2019 MVP),8,2,1,0.13847201490083383,1.7749407269123658,FF,hit_into_play,Swing
2019,Post-Statcast (2019 MVP),8,2,1,0.258213261303744,1.608369486248712,SL,foul,Swing
2019,Post-Statcast (2019 MVP),5,2,2,-0.10852135213341474,2.7822914904591443,FF,hit_into_play,Swing
2019,Post-Statcast (2019 MVP),5,2,2,-0.00323243208067902,2.6563138369954635,FF,foul,Swing
2019,Post-Statcast (2019 MVP),9,3,1,0.7595984727816477,1.5729546706541098,SL,called_strike,Take (Called Strike)
2019,Post-Statcast (2019 MVP),4,1,2,-0.4150851771183074,2.551557074473279,FF,called_strike,Take (Called Strike)
2019,Post-Statcast (2019 MVP),9,3,1,0.7636042068521928,2.1021024803680772,SL,hit_into_play,Swing
2019,Post-Statcast (2019 MVP),5,2,2,-0.2358052824301745,2.4193263177540194,FF,hit_into_play,Swing
2019,Post-Statcast (2019 MVP),9,3,1,0.2898082755449187,2.215323209651299,SL,called_strike,Take (Called Strike)
2019,Post-Statcast (2019 MVP),3,3,3,0.4900826765336683,3.172698214924354,FF,called_strike,Take (Called Strike)
2019,Post-Statcast (2019 MVP),2,2,3,-0.24491384155734153,3.0480665294084797,FF,hit_into_play,Swing
2019,Post-Statcast (2019 MVP),3,3,3,0.4727828623764691,3.230138631777257,FF,called_strike,Take (Called Strike)
2019,Post-Statcast (2019 MVP),2,2,3,-0.12201422385328942,3.4688696574894475,FF,called_strike,Take (Called Strike)
2019,Post-Statcast (2019 MVP),1,1,3,-0.43493294186648734,3.3394021877398212,FC,called_strike,Take (Called Strike)
2019,Post-Statcast (2019 MVP),3,3,3,0.397408043690848,3.3603367990944895,FC,foul,Swing
2019,Post-Statcast (2019 MVP),1,1,3,-0.4189884727285067,3.545161888397084,FC,called_strike,Take (Called Strike)
2019,Post-Statcast (2019 MVP),4,1,2,-0.7208071919943793,2.916742995581642,FC,hit_into_play,Swing
2019,Post-Statcast (2019 MVP),6,3,2,0.4312678969051643,2.4457499046544684,SL,called_strike,Take (Called Strike)
2019,Post-Statcast (2019 MVP),5,2,2,0.2612787964365038,2.3952142244410037,FC,hit_into_play,Swing
2019,Post-Statcast (2019 MVP),8,2,1,-0.21844165332069565,1.8613326280842104,CH,hit_into_play,Swing
2019,Post-Statcast (2019 MVP),2,2,3,-0.04481432397566437,2.9575576183640373,CU,foul,Swing
2019,Post-Statcast (2019 MVP),2,2,3,0.2664688570053457,2.998439750293547,CH,called_strike,Take (Called Strike)
2019,Post-Statcast (2019 MVP),5,2,2,0.07723895919699086,2.8643394040296566,SI,hit_into_play,Swing
2019,Post-Statcast (2019 MVP),2,2,3,-0.05105905974515484,3.0425563251521734,CU,called_strike,Take (Called Strike)
2019,Post-Statcast (2019 MVP),1,1,3,-0.3843409282236718,3.3034361516898274,FF,ball,Take (Called Strike)
2019,Post-Statcast (2019 MVP),6,3,2,0.5971426063190841,2.556149066579478,FF,swinging_strike,Swing
2019,Post-Statcast (2019 MVP),4,1,2,-0.296486408468124,2.3133626338304047,FF,called_strike,Take (Called Strike)
2019,Post-Statcast (2019 MVP),2,2,3,-0.08145328133855867,3.258804506563837,FF,called_strike,Take (Called Strike)
2019,Post-Statcast (2019 MVP),9,3,1,0.32401401283733655,1.834117422866362,FF,called_strike,Take (Called Strike)
2019,Post-Statcast (2019 MVP),9,3,1,0.6503874286703561,1.923029965928953,SI,foul,Swing
2019,Post-Statcast (2019 MVP),3,3,3,0.48315424584174194,3.1834492570069433,FF,foul,Swing
2019,Post-Statcast (2019 MVP),8,2,1,-0.02651120320817523,2.1798689337652153,FF,called_strike,Take (Called Strike)
2019,Post-Statcast (2019 MVP),4,1,2,-0.38387676288202566,2.8619007963981353,SI,hit_into_play,Swing
2019,Post-Statcast (2019 MVP),3,3,3,0.6115455744298568,3.1062928861316683,SI,called_strike,Take (Called Strike)
2019,Post-Statcast (2019 MVP),6,3,2,0.3355806398286756,2.271603562177982,FC,called_strike,Take (Called Strike)
2019,Post-Statcast (2019 MVP),2,2,3,0.10952820187126504,3.158417464784957,FF,called_strike,Take (Called Strike)
2019,Post-Statcast (2019 MVP),7,1,1,-0.2891577493763985,2.1996764273154605,FF,foul,Swing
2019,Post-Statcast (2019 MVP),8,2,1,0.2695577744893958,1.6862593973882185,CH,foul,Swing
2019,Post-Statcast (2019 MVP),9,3,1,0.7883813730715243,1.7299605641684568,CH,foul,Swing
2019,Post-Statcast (2019 MVP),2,2,3,0.07648521608697906,3.4548140672070415,FF,ball,Take (Called Strike)
2019,Post-Statcast (2019 MVP),6,3,2,0.4235049222981141,2.4583287716465345,FF,foul,Swing
2019,Post-Statcast (2019 MVP),6,3,2,0.6435532857351984,2.438683363084098,FF,called_strike,Take (Called Strike)
2019,Post-Statcast (2019 MVP),9,3,1,0.4817146603262987,1.910554004272232,SI,hit_into_play,Swing
2019,Post-Statcast (2019 MVP),2,2,3,-0.18629685599012713,3.043950646060731,SL,called_strike,Take (Called Strike)
2019,Post-Statcast (2019 MVP),9,3,1,0.6445837626131337,1.6508542820172123,SL,ball,Take (Called Strike)
2019,Post-Statcast (2019 MVP),8,2,1,-0.10233096794934692,2.205921997639382,SI,foul,Swing
2019,Post-Statcast (2019 MVP),4,1,2,-0.519423141617046,2.7487038034456406,FF,hit_into_play,Swing
2019,Post-Statcast (2019 MVP),7,1,1,-0.42532608174693654,1.933907579648081,FF,called_strike,Take (Called Strike)
2019,Post-Statcast (2019 MVP),6,3,2,0.7912486045219286,2.495988134088156,FF,foul,Swing
2019,Post-Statcast (2019 MVP),2,2,3,0.15918233398131676,3.116382759361392,FF,foul_tip,Swing
2019,Post-Statcast (2019 MVP),2,2,3,-0.15501016528999734,3.3477064863513215,SI,swinging_strike,Swing
2019,Post-Statcast (2019 MVP),6,3,2,0.3576227499990803,2.1889844529891427,FF,foul_tip,Swing
2019,Post-Statcast (2019 MVP),8,2,1,0.209789422412428,1.9777654546638737,SL,called_strike,Take (Called Strike)
2019,Post-Statcast (2019 MVP),9,3,1,0.5939911013572728,2.1811834149805356,SL,foul,Swing
2019,Post-Statcast (2019 MVP),5,2,2,-0.2411613955043383,2.4752991106098063,SL,called_strike,Take (Called Strike)
2019,Post-Statcast (2019 MVP),4,1,2,-0.32199073309766824,2.5288014795556455,FF,called_strike,Take (Called Strike)
2019,Post-Statcast (2019 MVP),4,1,2,-0.550568263595855,2.4127116578743033,FC,foul,Swing
2019,Post-Statcast (2019 MVP),1,1,3,-0.3159098706644493,3.0195598477819763,FF,hit_into_play,Swing
2019,Post-Statcast (2019 MVP),2,2,3,-0.14330673075510714,3.2760107559061336,FF,foul,Swing
2019,Post-Statcast (2019 MVP),7,1,1,-0.6556151260568179,1.91565385852532,CU,called_strike,Take (Called Strike)
2019,Post-Statcast (2019 MVP),9,3,1,0.6632079489438394,1.9273511407272663,CH,hit_into_play,Swing
2019,Post-Statcast (2019 MVP),6,3,2,0.7973861867237713,2.6604253690571578,CH,called_strike,Take (Called Strike)
2019,Post-Statcast (2019 MVP),2,2,3,0.03642335521035478,2.9489071174895933,FF,foul_tip,Swing
2019,Post-Statcast (2019 MVP),2,2,3,0.07686592791500767,2.9228359305535005,FC,foul,Swing
2019,Post-Statcast (2019 MVP),3,3,3,0.499479468919268,2.9054440272802244,FC,foul,Swing
2019,Post-Statcast (2019 MVP),8,2,1,0.2283539601740976,1.8150909627590588,FF,called_strike,Take (Called Strike)
2019,Post-Statcast (2019 MVP),5,2,2,0.16461082342652045,2.4262171137504898,CU,hit_into_play,Swing
2019,Post-Statcast (2019 MVP),9,3,1,0.6976772342543588,2.2095859969213767,CU,called_strike,Take (Called Strike)
2019,Post-Statcast (2019 MVP),9,3,1,0.42287867007916913,2.1050293250779495,CU,called_strike,Take (Called Strike)
2019,Post-Statcast (2019 MVP),2,2,3,-0.152784118401309,3.0446537154930233,FF,hit_into_play,Swing
2019,Post-Statcast (2019 MVP),2,2,3,-0.22813407313248268,3.4198765721808724,FF,ball,Take (Called Strike)
2019,Post-Statcast (2019 MVP),8,2,1,-0.2449958517981757,1.9908760358995872,FF,hit_into_play,Swing
2019,Post-Statcast (2019 MVP),9,3,1,0.3034546864808385,1.6312320471804242,SL,called_strike,Take (Called Strike)
2019,Post-Statcast (2019 MVP),2,2,3,-0.2301779326296569,3.1737035120564734,SI,hit_into_play,Swing
2019,Post-Statcast (2019 MVP),6,3,2,0.6619118241136382,2.2744725754355946,FF,foul,Swing
2019,Post-Statcast (2019 MVP),4,1,2,-0.6221610027957412,2.7615043440304214,SI,ball,Take (Called Strike)
2019,Post-Statcast (2019 MVP),8,2,1,-0.01147719756522491,1.6184064250861727,CU,hit_into_play,Swing
2019,Post-Statcast (2019 MVP),3,3,3,0.5975478271623063,3.0157764296851552,FF,foul,Swing
2019,Post-Statcast (2019 MVP),9,3,1,0.5049477988000411,1.6658228640740145,FC,foul,Swing
2019,Post-Statcast (2019 MVP),1,1,3,-0.7017062555842424,3.059626833829258,FF,called_strike,Take (Called Strike)
2019,Post-Statcast (2019 MVP),7,1,1,-0.8224858916903286,1.7350906347618915,SL,ball,Take (Called Strike)
2019,Post-Statcast (2019 MVP),6,3,2,0.34244436492912284,2.6983620018463528,FF,foul,Swing
2019,Post-Statcast (2019 MVP),7,1,1,-0.3166493839495861,1.869020715495352,SL,called_strike,Take (Called Strike)
2019,Post-Statcast (2019 MVP),5,2,2,-0.17242384327628707,2.7592198568037993,FF,hit_into_play,Swing
2019,Post-Statcast (2019 MVP),5,2,2,7.4621890717202e-4,2.7406040955998954,FF,foul,Swing
2019,Post-Statcast (2019 MVP),9,3,1,0.7482404469994667,2.0064318362068585,CH,hit_into_play,Swing
2019,Post-Statcast (2019 MVP),7,1,1,-0.5516644600671772,2.2247344200138777,KC,called_strike,Take (Called Strike)
2019,Post-Statcast (2019 MVP),7,1,1,-0.6179729655470232,2.2314829429822423,CH,called_strike,Take (Called Strike)
2019,Post-Statcast (2019 MVP),8,2,1,0.2728101573718267,1.7680498600385244,CH,foul,Swing
2019,Post-Statcast (2019 MVP),8,2,1,-0.18632237005386576,1.581429747811269,FF,called_strike,Take (Called Strike)
2019,Post-Statcast (2019 MVP),9,3,1,0.4982102225601152,1.950265611206751,FF,foul,Swing
2019,Post-Statcast (2019 MVP),3,3,3,0.5766336624447765,3.18820200650568,FF,foul,Swing
2019,Post-Statcast (2019 MVP),4,1,2,-0.2829616757731309,2.4499268663066824,FC,foul,Swing
2019,Post-Statcast (2019 MVP),4,1,2,-0.4524027289128117,2.801379575597432,FC,foul,Swing
2019,Post-Statcast (2019 MVP),5,2,2,0.04379161953382837,2.606567193171718,SI,hit_into_play,Swing
2019,Post-Statcast (2019 MVP),6,3,2,0.6356102001244149,2.153947942465476,FC,foul,Swing
2019,Post-Statcast (2019 MVP),8,2,1,0.08468170686636967,1.9614630895474972,FF,called_strike,Take (Called Strike)
2019,Post-Statcast (2019 MVP),7,1,1,-0.47366584747032114,1.5658021456669695,FF,ball,Take (Called Strike)
2019,Post-Statcast (2019 MVP),2,2,3,0.21322569054475493,3.264684093574618,CU,ball,Take (Called Strike)
2019,Post-Statcast (2019 MVP),9,3,1,0.4969978117349024,2.105447042498956,FF,hit_into_play,Swing
2019,Post-Statcast (2019 MVP),6,3,2,0.6047950461753167,2.599977055161405,FF,foul,Swing
2019,Post-Statcast (2019 MVP),5,2,2,0.2736043982780597,2.7223627698940533,FF,called_strike,Take (Called Strike)
2019,Post-Statcast (2019 MVP),1,1,3,-0.37762779407017233,3.6031120240891754,FF,ball,Take (Called Strike)
2019,Post-Statcast (2019 MVP),9,3,1,0.5771113757553527,1.7753928887390549,FF,hit_into_play,Swing
2019,Post-Statcast (2019 MVP),8,2,1,0.01373172187941074,2.0373128794543396,FF,called_strike,Take (Called Strike)
2019,Post-Statcast (2019 MVP),6,3,2,0.6223874171462201,2.3608742175928077,FF,called_strike,Take (Called Strike)
2019,Post-Statcast (2019 MVP),2,2,3,-0.2547876864737353,3.3985112362606564,FF,ball,Take (Called Strike)
2019,Post-Statcast (2019 MVP),6,3,2,0.6574810912048601,2.7471084879955145,SL,hit_into_play,Swing
2019,Post-Statcast (2019 MVP),2,2,3,0.08117986038328628,3.2565325742048232,SI,called_strike,Take (Called Strike)
2019,Post-Statcast (2019 MVP),8,2,1,0.2754988153550023,1.765124615690918,SL,called_strike,Take (Called Strike)
2019,Post-Statcast (2019 MVP),6,3,2,0.7317305332542514,2.4539040645936447,FF,called_strike,Take (Called Strike)
2019,Post-Statcast (2019 MVP),1,1,3,-0.42752814717622745,3.405772282571654,FF,called_strike,Take (Called Strike)
2019,Post-Statcast (2019 MVP),8,2,1,0.1849684477703788,2.1789106851021662,SI,called_strike,Take (Called Strike)
2019,Post-Statcast (2019 MVP),5,2,2,0.07831948533836508,2.335723899103746,SI,hit_into_play,Swing
2019,Post-Statcast (2019 MVP),3,3,3,0.8209307478086145,3.233140977411078,FF,foul,Swing
2019,Post-Statcast (2019 MVP),4,1,2,-0.8195453627171589,2.8453018200198175,FF,called_strike,Take (Called Strike)
2019,Post-Statcast (2019 MVP),1,1,3,-0.6594208090036571,3.561141847593553,FF,ball,Take (Called Strike)
2019,Post-Statcast (2019 MVP),9,3,1,0.7637055497199432,1.786844138316944,CU,hit_into_play,Swing
2019,Post-Statcast (2019 MVP),5,2,2,0.2740326788926408,2.5055494353485854,FF,foul,Swing
2019,Post-Statcast (2019 MVP),3,3,3,0.6014682793389502,3.5857076196154143,FF,ball,Take (Called Strike)
2019,Post-Statcast (2019 MVP),4,1,2,-0.5892295879665923,2.3791950259903905,SI,foul,Swing
2019,Post-Statcast (2019 MVP),6,3,2,0.4590982709344613,2.537358249163047,CU,called_strike,Take (Called Strike)
2019,Post-Statcast (2019 MVP),6,3,2,0.5033896377041795,2.605843170374281,FF,called_strike,Take (Called Strike)
2019,Post-Statcast (2019 MVP),2,2,3,-0.17646577051927648,3.40579525427513,SI,hit_into_play,Swing
2019,Post-Statcast (2019 MVP),2,2,3,-0.06637991157888423,3.4344136803207403,SI,foul,Swing
2019,Post-Statcast (2019 MVP),5,2,2,0.22302641336033363,2.213270647466962,SL,foul,Swing
2019,Post-Statcast (2019 MVP),1,1,3,-0.7995833192349808,3.3767025124434813,SI,ball,Take (Called Strike)
2019,Post-Statcast (2019 MVP),6,3,2,0.4818454241770411,2.5043777950276778,SI,called_strike,Take (Called Strike)
2019,Post-Statcast (2019 MVP),9,3,1,0.4441539526371878,2.060861301219485,SL,called_strike,Take (Called Strike)
2019,Post-Statcast (2019 MVP),5,2,2,0.10389607991397898,2.6202349747672065,SI,foul,Swing
2019,Post-Statcast (2019 MVP),2,2,3,0.10743197159786332,3.3028493441173907,SI,foul,Swing
2019,Post-Statcast (2019 MVP),3,3,3,0.6080045494204466,3.2495973542445036,SI,called_strike,Take (Called Strike)
2019,Post-Statcast (2019 MVP),5,2,2,0.09877154820205258,2.351105329920463,FF,hit_into_play,Swing
2019,Post-Statcast (2019 MVP),4,1,2,-0.48958801990825374,2.5561338759314407,FF,hit_into_play,Swing
2019,Post-Statcast (2019 MVP),9,3,1,0.41221604263209866,2.0514043525856636,FC,called_strike,Take (Called Strike)
2019,Post-Statcast (2019 MVP),1,1,3,-0.5920565619528535,3.326325081282178,SI,ball,Take (Called Strike)
2019,Post-Statcast (2019 MVP),6,3,2,0.5511583405472685,2.83549771439126,FC,hit_into_play,Swing
2019,Post-Statcast (2019 MVP),6,3,2,0.7035162230584765,2.5649323843075913,FF,hit_into_play,Swing
2019,Post-Statcast (2019 MVP),5,2,2,0.09661540642904975,2.864397202732354,FF,foul,Swing
2019,Post-Statcast (2019 MVP),6,3,2,0.7434516165750997,2.408978119590292,FF,called_strike,Take (Called Strike)
2019,Post-Statcast (2019 MVP),6,3,2,0.39450617231108887,2.4235232174476704,FF,foul,Swing
2019,Post-Statcast (2019 MVP),4,1,2,-0.8240807904657138,2.76551411701229,FF,ball,Take (Called Strike)
2019,Post-Statcast (2019 MVP),4,1,2,-0.29010846447605443,2.8653331217658167,FF,called_strike,Take (Called Strike)
2019,Post-Statcast (2019 MVP),7,1,1,-0.5419687094381143,2.1114200899757107,SI,called_strike,Take (Called Strike)
2019,Post-Statcast (2019 MVP),8,2,1,0.21529531907867683,1.493804163968897,CH,swinging_strike,Swing
2019,Post-Statcast (2019 MVP),2,2,3,0.02595086687034475,2.7076854343992585,FF,foul,Swing
2019,Post-Statcast (2019 MVP),4,1,2,-0.6796583094885671,2.477599109135089,FF,called_strike,Take (Called Strike)
2019,Post-Statcast (2019 MVP),4,1,2,-0.47459089896042195,2.4363578897583804,FF,called_strike,Take (Called Strike)
2019,Post-Statcast (2019 MVP),7,1,1,-0.44465665976964674,2.07739731017168,FC,foul,Swing
2019,Post-Statcast (2019 MVP),2,2,3,-0.0955290922715567,3.2042118642070028,FC,called_strike,Take (Called Strike)
2019,Post-Statcast (2019 MVP),8,2,1,-0.1050380464725269,1.996306141842898,CH,hit_into_play,Swing
2019,Post-Statcast (2019 MVP),7,1,1,-0.5061231223831406,2.0014007699014105,FC,hit_into_play,Swing
2019,Post-Statcast (2019 MVP),3,3,3,0.5760636647126263,3.0344055035846065,FF,foul,Swing
2019,Post-Statcast (2019 MVP),9,3,1,0.7177724595720323,1.9332548095949849,SI,hit_into_play,Swing
2019,Post-Statcast (2019 MVP),4,1,2,-0.5149958367244781,2.237035148000869,CH,hit_into_play,Swing
2019,Post-Statcast (2019 MVP),6,3,2,0.29614746117456014,2.399334157373002,FF,foul,Swing
2019,Post-Statcast (2019 MVP),6,3,2,0.5681796390795808,2.389065740683468,FF,foul,Swing
2019,Post-Statcast (2019 MVP),9,3,1,0.49700498533524096,1.8043569245291864,SI,called_strike,Take (Called Strike)
2019,Post-Statcast (2019 MVP),7,1,1,-0.6139859258332263,1.585719687653277,SL,ball,Take (Called Strike)
2019,Post-Statcast (2019 MVP),6,3,2,0.617407079486072,2.2365191553062527,CU,foul,Swing
2019,Post-Statcast (2019 MVP),8,2,1,-0.06559167333429028,1.6346801815785856,SI,called_strike,Take (Called Strike)
2019,Post-Statcast (2019 MVP),6,3,2,0.37223637687565514,2.427368168496482,FF,swinging_strike,Swing
2019,Post-Statcast (2019 MVP),7,1,1,-0.5747224871977976,2.028156826177222,SI,foul,Swing
2019,Post-Statcast (2019 MVP),8,2,1,-0.23501745672279684,2.1625539240453042,SL,called_strike,Take (Called Strike)
2019,Post-Statcast (2019 MVP),9,3,1,0.36590675446196774,1.8675921609721209,FS,hit_into_play,Swing
2019,Post-Statcast (2019 MVP),2,2,3,-0.04297014990064551,3.100736705690115,FF,called_strike,Take (Called Strike)
2019,Post-Statcast (2019 MVP),8,2,1,-0.02251316183390961,1.5166344032543269,SI,ball,Take (Called Strike)
2019,Post-Statcast (2019 MVP),6,3,2,0.5248366426719757,2.28549734617042,FC,foul,Swing
2019,Post-Statcast (2019 MVP),4,1,2,-0.7014938063754584,2.782695269755203,FF,foul,Swing
2019,Post-Statcast (2019 MVP),4,1,2,-0.4477444765964562,2.185786041363444,FF,foul,Swing
2019,Post-Statcast (2019 MVP),5,2,2,-0.1819987887288461,2.412209842092697,FC,foul,Swing
2019,Post-Statcast (2019 MVP),3,3,3,0.3982041365099261,2.9248476227669356,FC,called_strike,Take (Called Strike)
2019,Post-Statcast (2019 MVP),1,1,3,-0.5397686325283821,3.4603745845515808,FF,called_strike,Take (Called Strike)
2019,Post-Statcast (2019 MVP),5,2,2,-0.04108921920585734,2.442833063580997,SL,hit_into_play,Swing
2019,Post-Statcast (2019 MVP),8,2,1,-0.01857189865305897,2.162531872827911,CH,foul,Swing
2019,Post-Statcast (2019 MVP),8,2,1,0.13209204386752815,2.0165908090254248,SL,called_strike,Take (Called Strike)
2019,Post-Statcast (2019 MVP),5,2,2,0.12109935281911688,2.3485422181140665,SI,hit_into_play,Swing
2019,Post-Statcast (2019 MVP),5,2,2,0.2158060867347753,2.509853629332552,CU,hit_into_play,Swing
2019,Post-Statcast (2019 MVP),9,3,1,0.8251958612322713,1.8024534765110205,FF,called_strike,Take (Called Strike)
2019,Post-Statcast (2019 MVP),7,1,1,-0.7839717539967241,2.0571319296837896,FF,ball,Take (Called Strike)
2019,Post-Statcast (2019 MVP),6,3,2,0.4623899293869356,2.9169581568323193,CH,called_strike,Take (Called Strike)
2019,Post-Statcast (2019 MVP),9,3,1,0.4915235069129236,2.014125290134545,SI,foul,Swing
2019,Post-Statcast (2019 MVP),2,2,3,-0.17909011745569625,3.1979375800197314,FF,hit_into_play,Swing
2019,Post-Statcast (2019 MVP),3,3,3,0.7068627894917469,3.0210171737872864,FF,hit_into_play,Swing
2019,Post-Statcast (2019 MVP),5,2,2,0.00574530897022151,2.8633554655476887,CH,foul,Swing
2019,Post-Statcast (2019 MVP),9,3,1,0.7181808548845774,1.861071806481219,SI,called_strike,Take (Called Strike)
2019,Post-Statcast (2019 MVP),3,3,3,0.5683539297027905,3.026873293862437,FF,hit_into_play,Swing
2019,Post-Statcast (2019 MVP),2,2,3,0.17262280418204645,2.925691861247178,FC,foul,Swing
2019,Post-Statcast (2019 MVP),6,3,2,0.6972981068629662,2.4013663127391034,SL,hit_into_play,Swing
2019,Post-Statcast (2019 MVP),2,2,3,0.22232696694097648,2.986826263640447,FF,foul,Swing
2019,Post-Statcast (2019 MVP),1,1,3,-0.6321853995070454,3.094264263250852,FF,ball,Take (Called Strike)
2019,Post-Statcast (2019 MVP),9,3,1,0.8028667428742642,2.187471902200639,FF,hit_into_play,Swing
2019,Post-Statcast (2019 MVP),9,3,1,0.7450704590571363,1.94649349553754,FF,foul,Swing
2019,Post-Statcast (2019 MVP),2,2,3,0.09464291446021766,3.407947186410139,FF,hit_into_play,Swing
2019,Post-Statcast (2019 MVP),8,2,1,-0.04883264643908663,2.0296346980008027,SL,swinging_strike,Swing
2019,Post-Statcast (2019 MVP),9,3,1,0.34298434154213864,2.3108438748800806,FF,called_strike,Take (Called Strike)
2019,Post-Statcast (2019 MVP),5,2,2,-0.06483906655721053,2.694169884325134,FF,hit_into_play,Swing
2019,Post-Statcast (2019 MVP),6,3,2,0.42403023902906595,2.6643233070779395,SL,hit_into_play,Swing
2019,Post-Statcast (2019 MVP),5,2,2,-0.00237100488920527,2.5017649589711466,CU,called_strike,Take (Called Strike)
2019,Post-Statcast (2019 MVP),5,2,2,0.2132771891185954,2.6504034782452934,FF,hit_into_play,Swing
2019,Post-Statcast (2019 MVP),4,1,2,-0.3582874291149742,2.484351209803926,FC,foul,Swing
2019,Post-Statcast (2019 MVP),5,2,2,0.0301371272099814,2.5103126162643825,SI,hit_into_play,Swing
2019,Post-Statcast (2019 MVP),8,2,1,0.10328818587378792,2.337078716332189,FF,called_strike,Take (Called Strike)
2019,Post-Statcast (2019 MVP),7,1,1,-0.7652946392823097,2.1348309993044134,SI,called_strike,Take (Called Strike)
2019,Post-Statcast (2019 MVP),3,3,3,0.3527938134832127,3.3219324659512672,SI,called_strike,Take (Called Strike)
2019,Post-Statcast (2019 MVP),9,3,1,0.7945724208074808,1.5965592221225269,FF,hit_into_play,Swing
2019,Post-Statcast (2019 MVP),3,3,3,0.4799695629244845,3.108341273446639,FF,foul,Swing
2019,Post-Statcast (2019 MVP),5,2,2,0.1043618612052802,2.2689307798786804,SL,called_strike,Take (Called Strike)
2019,Post-Statcast (2019 MVP),1,1,3,-0.6547429410500419,3.2097727534031586,SL,called_strike,Take (Called Strike)
2019,Post-Statcast (2019 MVP),4,1,2,-0.33828264553446763,2.7459533935033753,SL,called_strike,Take (Called Strike)
2019,Post-Statcast (2019 MVP),6,3,2,0.49761425794742886,2.8788294312671887,FF,foul,Swing
2019,Post-Statcast (2019 MVP),4,1,2,-0.6237642894802555,2.4885667302321863,FF,foul,Swing
